急性咽喉炎	急性咽炎
急性呼衰	急性呼吸衰竭
慢性上颌窦炎	上颌窦炎
睾丸肿块	双侧睾丸肿块	阴囊肿块	阴囊部肿块
复发性多软骨炎性	复发性多发软骨炎	复发性多软骨炎
恶性肾肿瘤	肾恶性肿瘤	肾癌	肾脏恶性肿瘤
小水疱	小水泡
定向障碍	定向力障碍
黑蒙	一过性黑蒙	眼前发黑
海绵窦血栓形成	海绵窦血栓
肌肉营养不良症	肌营养不良	肌营养不良症
纵膈脂肪肉瘤术后	纵隔脂肪肉瘤术后
泌尿道肿瘤	泌尿系统肿瘤	泌尿系肿瘤
手心热	发热	手心发热
甲下外生骨疣	外生骨疣	骨软骨瘤
纵膈内肿大	纵隔内肿大
脾大	脾肿大	脾脏肿大
龟头红肿	阴茎头红肿
皮肤发绀	全身皮肤发紫	全身皮肤发绀	全身皮肤紫绀	皮肤紫绀
牙釉质发育不全	釉质发育不全
压痛	局部压痛
肌肉麻痹	全身肌肉麻痹	浑身肌肉麻痹	肌肉麻木
纵膈积液	纵隔积液
非酮症高血糖-高渗性昏迷	糖尿病高渗性昏迷	高血糖高渗状态
心动过速	心悸	心慌	心慌不适	心率加快	心率增快	心率快	心率过快	心率过速	心跳加快	心跳快	心跳过快	心跳过速
肩关节活动受限	肩部活动受限
颧骨和颧弓骨折	颧骨颧弓骨折
皮肤白细胞破碎性血管炎	变应性血管炎	过敏性血管炎
冠心病	冠状动脉性心脏病	冠状动脉硬化性心脏病	冠状动脉粥样硬化	冠状动脉粥样硬化心脏病	冠状动脉粥样硬化性心脏病	缺血性心肌病
原发性非调节性内斜视	先天性内斜视
肠胃感冒	胃肠型感冒
慢性溃疡性结肠炎	溃疡性结肠炎	结肠炎	非特异性溃疡性结肠炎
口腔	口腔内
小儿急性偏瘫	脑动脉血栓形成
关节僵硬	全身关节僵硬	关节僵直	关节强硬
溺血	膀胱癌
糖尿病	消渴病
关节肿胀	全身关节肿胀	关节水肿	关节肿大
昏睡病	发作性睡病
颈椎病	交感型颈椎病	颈椎综合征	颈椎退行性变
三叉神经痛	三叉神经疼	痛性抽搐
原发性肾病综合症	原发性肾病综合征	慢性肾脏病	肾病	肾病综合征	肾病综合症	肾综合征
雄性激素源性脱发	雄激素源性脱发
热结	功能性便秘
家族性混合型高脂血症	家族性混合性高脂血症
左下腹痛	左下腹疼	左下腹疼痛	左下腹疼痛症	左下腹胀痛	左下腹部疼	左下腹部疼痛	左下腹部隐痛	左下腹隐痛	左侧小腹疼痛
腹痛	腹疼	腹疼痛	腹疼痛症	腹胀痛	腹部疼	腹部疼痛	腹部隐痛	腹隐痛	小腹疼痛
直肠黏膜	直肠粘膜
系统性脉管炎	系统性血管炎	血管炎
纵膈占位性质待查	纵隔占位性质待查
电接触烧伤	电灼伤	电烧伤
全身麻木	发麻	浑身麻木	神经麻木	身体麻木	麻木	麻木感
胸部	胸
肘内翻畸形	肘内翻
房早	房性早搏	房性过早搏动
成软骨细胞瘤	软骨母细胞瘤
足部疼痛	脚疼	脚疼痛	脚痛	脚部疼痛	足疼痛	足背疼痛	足部肿痛
颅内静脉系统血栓形成	颅内静脉血栓形成
有机磷中毒	急性农药中毒	急性有机磷中毒	急性有机磷农药中毒	有机磷农药中毒
成人先天性髋关节脱位	先天性髋关节脱位	发育性髋关节发育不良	发育性髋关节脱位	发育性髋脱位
上纵膈淋巴结肿大	上纵隔淋巴结肿大
肩背痛	肩关节痛	肩关节肿痛	肩背部痛	肩部痛
尺骨上1/3骨折合并桡骨头脱位	孟氏骨折
皮脂囊肿病	多发性脂囊瘤
过敏性肾炎	过敏性紫癜肾炎
双相障碍	双向情感障碍	双相情感障碍	躁郁症
大出血	出血量大	急性大出血
下纵膈脓肿根治术	下纵隔脓肿根治术
恍惚	意识恍惚	精神恍惚
肾小管性酸中毒	肾小管酸中毒
纵膈感染术后	纵隔感染术后
壶腹周围癌	壶腹癌
纵膈软组织肿块	纵隔软组织肿块
鼻出血	双侧鼻腔出血	流鼻血	鼻子出血	鼻孔出血	鼻孔流血	鼻流血	鼻粘膜出血	鼻腔出血	鼻腔粘膜出血	鼻衄	鼻部出血
纵膈低分化鳞癌	纵隔低分化鳞癌
右上腹绞痛	右上腹部绞痛
放射冠	放射冠区
骨产道异常	难产
纵膈多发肿瘤	纵隔多发肿瘤
赤白游风	血管性水肿	血管神经性水肿
粉红色泡沫痰	咳粉红色泡沫痰
多发性硬化症	多发性硬化
牙痛	牙床疼痛	牙疼	牙疼痛	牙齿疼	牙齿疼痛	牙龈疼	牙龈疼痛	牙龈痛	齿疼痛
胰岛素瘤	胰岛β细胞瘤
膝部无力	膝无力
胫腓骨干骨折	胫骨腓骨骨折
头部出汗	出汗
纵膈纤维瘤	纵隔纤维瘤
先天性脊髓空洞症	脊髓空洞	脊髓空洞症
乔本氏甲状腺炎	乔本甲状腺炎
肾静脉血栓	肾静脉血栓形成
纵膈囊肿	纵隔囊肿
慢性疾病的贫血	慢性病性贫血	慢性病贫血
转移性肝肿瘤	继发性肝癌	肝脏转移癌	肝转移	肝转移癌	转移性肝癌	转移性肿瘤
滋养层细胞疾病	滋养细胞疾病	滋养细胞肿瘤
低镁血	低镁血症
脑动脉粥样硬化	脑动脉硬化	脑动脉硬化症
急性乳房炎	乳痈	乳腺炎	急性乳腺炎
直肠脱垂	脱肛
多瓣膜病	联合瓣膜病
硬脑膜动静脉瘘	硬脑膜动静脉畸形
急性精神病	急性精神障碍
儿童脑积水	胎儿脑积水
腹胀	肚子胀	肚胀	胃胀	胃胀气	胃部胀痛	脘腹胀满	腹胀感	腹胀气	腹胀痛	腹腔胀气	腹部胀气	腹部胀满
双侧眼睑	双眼睑
眼睛飞蚊症	飞蚊症
霉菌性肠炎	真菌性肠炎
肠系膜动脉血栓	肠系膜上动脉血栓形成	肠系膜血栓形成
下肢抽搐	双腿抽搐	腿部抽搐
酸胀	发胀	酸胀不适	酸胀痛	鼓胀
谷丙转氨酶	ALT
遗传性肾炎	Alport综合征
肠胃炎	肠胃感染	胃肠炎	胃肠道感染
纵膈绒毛膜癌术后	纵隔绒毛膜癌术后
硬斑病	局限性硬皮病
胆胀	慢性胆囊炎
夜尿频多	夜尿频繁	夜间尿频
出血增多	出血量增多
色素荨麻疹	色素性荨麻疹
老年人心脑综合征	心脑综合征
潮红	全身皮肤潮红	皮肤潮红	皮肤表面潮红
多形性腺瘤	腮腺混合瘤
纵膈神经母细胞瘤切除术	纵隔神经母细胞瘤切除术
藏毛囊肿	藏毛窦
真性球麻痹	球麻痹
脱发	产后脱发	掉头发	枕秃
贝赫切特病	白塞氏病	白塞氏综合征	白塞病	白塞综合征	贝赫切特综合征
慢性淋巴白血病	慢性淋巴细胞性白血病	慢性淋巴细胞白血病	慢淋	淋巴细胞性白血病
脊椎结核	脊柱结核
脑转移	脑转移瘤	脑转移癌	颅内转移瘤	颅脑转移瘤
乳头溢液	乳腺溢液
睾丸肿瘤	阴囊疝
原发性输卵管癌	输卵管癌
慢性化脓性腮腺炎	慢性复发性腮腺炎
结核感染	结核	结核分枝杆菌感染	结核病
尿痛	小便刺痛	小便疼	小便疼痛	小便痛	尿刺痛	尿路疼痛	尿道刺痛	尿道灼痛	尿道疼	尿道疼痛	尿道部疼痛	排尿痛
顽固高血压	顽固性高血压
嗜酸细胞性胃肠炎	嗜酸性胃肠炎
足部无力	脚无力	足乏力
肛周红肿	肛门红肿
眼睑水肿	上下眼睑肿胀	双侧眼睑水肿	双侧眼睑浮肿	双侧眼睑肿胀	双眼睑水肿	双眼睑浮肿	双眼睑肿胀	眼皮水肿	眼皮肿胀	眼睑肿胀	眼睑部肿胀
损伤性休克	创伤性休克
尿布皮疹	湿疹	皮肤湿疹
频繁呕吐	呕吐不止	呕吐频繁
纵膈淋巴瘤切除术后	纵隔淋巴瘤切除术后
身体发热	发热
多胎妊娠	多胎
血氧饱和度	PO2	SPO2	SpO2
食后腹胀	餐后饱胀	饭后饱胀
宫颈上皮内瘤变二级	CIN2
经前期综合症	经前期综合征
谵妄	谵语
外科皮脂腺囊肿	皮脂囊肿	粉瘤
炎症性肠病	炎性肠病
鼻咽部充血	鼻咽充血
尿分叉	小便分叉	排尿分叉
易激惹	情绪易激动	易哭闹	易激动	易激怒
胃黏膜糜烂	胃粘膜糜烂
脉搏	P
食管胃底静脉曲张	食管胃静脉曲张	食道胃底静脉曲张
心率失常	心律失常
手部无力	手指无力
急进型高血压	急进性高血压	恶性高血压	恶性高血压病
性发育慢	性发育迟缓	青春期发育迟缓
口腔黏膜出血	口腔内粘膜出血	口腔粘膜出血
半面萎缩	面部偏侧萎缩
纵膈肉芽肿	纵隔肉芽肿
上纵膈囊性病变	上纵隔囊性病变
食管腐蚀性损伤	食管烧伤	食道烧伤
皮下脂肪瘤	脂肪瘤
咽部硬结病	鼻硬结病
脉络膜病变	脉络膜炎	脉络膜视网膜炎
吸气性呼吸困难	吸气困难
出血点	点状出血
咽喉粘膜	咽喉部粘膜
眼睑内翻	睑内翻
颈部不适	脖子不适	颈不适
左下肢麻	左腿麻木
上消化道大量出血	上消化道大出血	消化道大出血
上消	上消化道
耳出血	耳朵出血	耳部出血
I型糖尿病	1型糖尿病
糖尿病心肌病	糖尿病性心肌病
膝关节肿块	膝部肿块
免疫缺陷	免疫缺陷病
瘢痕癌	溃疡
身材矮小症	侏儒症	垂体性侏儒症	矮小症
腰椎椎管狭窄	腰椎椎管狭窄症	腰椎管狭窄	腰椎管狭窄症
下腹部肿块	下腹包块	下腹肿块	下腹部包块	小腹部肿块
骨髓外造血	髓外造血
结膜出血	眼结膜出血
慢性呼吸衰竭	慢性呼衰
头晕	头昏	头晕脑胀	感觉头晕
腓总神经损害	腓总神经损伤	腓总神经麻痹
小儿隐睾症	隐睾症
羊心肌炎	心肌炎
何杰金氏淋巴瘤	何杰金氏病	霍奇金氏病	霍奇金淋巴瘤	霍奇金病
肌腱炎	腱鞘炎
结肠息肉	大肠息肉	直结肠息肉	直肠息肉	结直肠息肉
羊胡疮	须疮
宫颈炎	子宫颈炎
健忘症	记忆缺失	遗忘症
进行性肌营养不良	进行性肌营养不良症
泌尿道感染	尿路感染	尿道口炎	尿道感染	尿道炎	泌尿系统感染
皮肤发红	全身皮肤发红	全身皮肤红	皮肤红
头皮型银屑病	头皮银屑病
内生性软骨瘤	内生软骨瘤
乳房纤维腺瘤	乳房纤维瘤	乳腺纤维瘤	乳腺纤维腺瘤
泡沫尿	尿中泡沫增多
腱反射消失	膝腱反射消失
剧烈腹痛	腹痛剧烈	腹痛难忍
咽鼓管异常开放症	咽鼓管异常开放
纵膈软组织结节	纵隔软组织结节
甲减性心脏病	甲状腺功能减退性心脏病
蛋白丢失性胃肠病	蛋白丢失性肠病
非霍奇金氏淋巴瘤	NHL	非何杰金淋巴瘤	非霍奇金淋巴瘤
咽部出血	口咽部出血	咽喉出血	咽喉部出血
尾骨骨折	骶骨骨折
中渗	中心性渗出性脉络膜视网膜病变
石棉状糠疹	石棉样糠疹
肝脏血管瘤	肝血管瘤
纵膈肿物性质待查	纵隔肿物性质待查
慢性浅表性胃炎	慢性非萎缩性胃炎	浅表性胃炎	胃窦炎
子宫积脓	宫腔积脓
纵膈内斑片	纵隔内斑片
感染性急性小管间质性肾炎	急性间质性肾炎
咽部干痒	咽喉部干痒	咽干痒	喉咙干痒	嗓子干痒
急性鼻窦炎	急性化脓性鼻窦炎
肛门停止排气排便	停止排气排便
老年性皮脂腺增生	皮脂腺增生
输精管堵塞	输精管梗阻
腰骶部疼痛	尾骨疼痛	尾骨痛	腰骶痛	腰骶部痛	骶尾部疼痛	骶尾部痛
冠状动脉	冠脉
多尿	小便多	尿多
月经过多	月经量增多	经量增多
卵巢瘤	卵巢恶性肿瘤	卵巢癌
桡骨小头半脱位	桡骨小头脱位
腰部麻木	腰麻木
阿尔茨海默病	老年性痴呆	阿尔兹海默病	阿尔兹海默症	阿尔次海默病	阿尔茨海默症
色素绒毛结节性滑膜炎	色素沉着绒毛结节性滑膜炎
多形性成胶质细胞瘤	胶质母细胞瘤
手足口病疫	手足口病	手足病
跟腱后滑囊炎	跟腱滑囊炎
大拇指	拇指
风湿型关节炎	风湿性关节炎
食管内异物	食管异物
腋窝淋巴结肿大	腋下淋巴结肿大
肩痛	肩关节疼痛	肩疼痛	肩背疼痛	肩背部疼痛	肩背部疼痛症	肩背酸痛	肩膀疼痛	肩部关节疼痛	肩部疼痛	肩部疼痛症	肩部酸痛
下肢瘙痒	大腿皮肤瘙痒
生殖器小	阴茎短	阴茎短小
多毛症	先天性多毛症
纵膈代谢增高	纵隔代谢增高
纵膈低分化癌	纵隔低分化癌
席汉氏综合症	希恩综合征	席汉氏综合征	席汉综合征
腹部着凉	腹部受凉
先天性脊柱侧弯	先天性脊柱侧凸
肝肺综合症	肝肺综合征
耳部疱疹	耳疱疹	耳部水疱
支气管扩张	支扩	支气管扩张症
传染性单核细胞增多	传染性单核细胞增多症
左侧纵膈占位性病变	左侧纵隔占位性病变
溶血病	溶血性贫血
左下肢	左腿
心原性肝硬化	淤血性肝硬化
萎缩侧索硬化	肌萎缩侧索硬化	肌萎缩侧索硬化症	肌萎缩性侧索硬化	运动神经元病
纵膈感染清创术	纵隔感染清创术
紫癜性肾炎	过敏性紫癜性肾炎	过敏紫癜性肾炎
甲真菌病	灰指甲	甲癣
鼻咽	鼻咽部
卵巢巧克力囊肿破裂	卵巢子宫内膜异位囊肿破裂
皮肤痛	全身皮肤疼痛	全身皮肤痛	皮肤疼痛
前囟门	前囟
纵膈淋巴肿大	纵隔淋巴肿大
上腹部灼痛	上腹灼痛	腹部灼痛
葡萄胎	水泡状胎块
上腹部肿块	上腹部包块
子宫发育异常	子宫异常	子宫畸形
骨刺	关节退行性变	增生性骨关节病	老年性关节炎	膝关节退行性病变	退行性关节炎	退行性变	退行性病变	退行性膝关节炎	退行性骨关节炎	退行性骨关节病	骨关节炎	骨关节病	骨性关节炎
足部皮疹	脚皮疹
噩梦	恶梦
肾区叩痛	肾区叩击痛
脑神经	颅神经
口部出血	口唇出血	口腔内出血	口腔出血	唇出血	唇部出血
口腔菜花状乳头瘤病	疣状癌
腹部肌肉	腹肌
单纯红细胞再障性贫血	纯红再障	纯红细胞再生障碍性贫血
纵膈腹腔淋巴结转移	纵隔腹腔淋巴结转移
致密性髂骨炎	致密性骨炎	骶髂关节致密性骨炎
纵膈小细胞肺癌	纵隔小细胞肺癌
甲状旁腺功能减退	甲旁减	甲状旁腺功能减退症
纵膈低	纵隔低
腹部	腹
分离性骨软骨炎	剥脱性骨软骨炎
睾丸肿大	双侧睾丸肿大	双侧阴囊肿大	阴囊肿大
中上腹痛	中上腹疼痛	中上腹疼痛症	中上腹部疼痛	中上腹部痛
压力性溃疡	压疮	褥疮
鼻异物	鼻腔内异物
白细胞减少	白细胞低	白细胞偏低
坐骨神经痛	坐骨神经炎	坐骨神经疼	大腿根痛
慢性子宫颈炎	慢性宫颈炎
颈肩部酸痛	肩颈酸痛	颈肩酸痛
急性紫癜	急性血小板减少性紫癜
两侧面部	双侧面部
腹股沟区疼痛	大腿根部疼痛	腹股沟疼痛	腹股沟痛	腹股沟部疼痛
肾综合征出血热	出血热	流行性出血热
持续性腹泻	腹泻频繁	频繁腹泻
胃食管反流	反流性食管炎	反流性食道炎	胃食管反流性疾病	胃食管反流病	胃食管返流病
少尿	尿少	尿量减少
原发性血小板增多症	出血性血小板增多症
眼睑充血	双眼睑充血
头部水肿	头水肿	头浮肿	脑组织水肿
痉挛型双瘫	痉挛性瘫痪
高血压	原发性高血压	原发性高血压病	高血压型	高血压病
弓浆虫病	弓形虫病
肝	肝区	肝脏
慢性下肢静脉功能不全	静脉曲张综合征
红斑性肢痛症	红斑肢痛症
四肢关节疼痛	四肢关节痛
慢性心力衰竭	慢性心功能不全
下肢酸	腿酸
纵膈小结节	纵隔小结节
尿道灼热	尿路烧灼样疼痛	尿道灼烧感	尿道灼热感	尿道烧灼感	尿道烧灼痛
纵膈内病变	纵隔内病变
椎管狭窄症	椎管狭窄
儿童期多动综合征	多动症
慢性淋巴性甲状腺炎	慢性淋巴细胞性甲状腺炎	桥本氏甲状腺炎	桥本氏病	桥本甲状腺炎	自身免疫性甲状腺炎
急性早幼粒细胞性白血病	急性早幼粒细胞白血病
胸椎间盘突出	胸椎间盘突出症
硬化性筋膜炎	嗜酸性筋膜炎
纵膈肺疝	纵隔肺疝
纵膈瘘置管术	纵隔瘘置管术
肺血栓栓塞症	急性肺栓塞	肺动脉栓塞	肺栓塞	肺血栓栓塞
牙龈	齿龈
眼睑丹毒	眼睑蜂窝组织炎
淋巴结肿大	全身淋巴结肿大	淋巴结增大	淋巴结增生	淋巴结肿	淋巴肿大
利斯特菌脑膜炎	李斯特菌脑膜炎
疱疹性脑炎	疱疹病毒性脑炎
肩关节炎	冻结肩	肩关节周围炎	肩周炎
慢性化脓性胸膜炎	慢性脓胸
小儿肝母细胞瘤	肝母细胞瘤
右侧纵膈囊肿	右侧纵隔囊肿
包皮包茎	包茎
高脂蛋白血症	高蛋白血症
自然流产	自发流产
手足肿胀	手足部肿胀
呼吸暂停症	呼吸暂停综合征
骨	骨头
喷射性呕吐	喷射样呕吐	喷射状呕吐
肢体肿胀	四肢水肿	四肢浮肿	手脚水肿	手脚肿胀	肢体浮肿
牙龈萎缩	牙周病
皮下结节	全身皮下结节
子宫颈癌	宫颈癌	宫颈赘生物
眼球钝挫伤	眼球挫伤	眼部钝挫伤
肌酐	CREA
纵膈内占位	纵隔内占位
低体重儿	足月小样儿
耳后脓肿	耳后骨膜下脓肿
卟啉病	血卟啉病
肛周肿块	肛门结节	肛门肿块
颅内动脉瘤	脑内动脉瘤	脑血管动脉瘤
原发性婴幼儿型青光眼	青光眼
高血糖	血糖偏高	血糖高	高血糖症
乳头内陷	乳头凹陷
纵膈畸胎瘤切除术	纵隔畸胎瘤切除术
腰背酸痛	腰背部酸痛
颞下颌关节疼痛	下颌关节疼痛	颞颌关节疼痛
右腹痛	右腹部痛
肌肉强直	全身肌肉强直	四肢强直	肢体强直
精子活力低下	精子活力低
眼睛玻璃体混浊	玻璃体混浊
头皮损伤	头皮感染	头部皮肤感染
幼年类风湿关节炎	Still病	幼年类风湿病
生长激素缺乏	生长激素缺乏症
舌苔黄腻	舌苔黄
头部麻木	头皮发麻	头皮麻木	头部皮肤麻木	头麻木
高胆红素血症	高胆红素血
腋臭	狐臭	腋下异味
右侧结肠癌	右半结肠癌
纵膈阴影待查	纵隔阴影待查
皮肤斑丘疹	全身皮肤斑丘疹
睾丸结节	阴囊结节
胆道出血	胆管出血
胰腺假囊肿	胰腺假性囊肿
肛门瘙痒	肛门部瘙痒
血尿	小便出血	小便带血	小便有血	小便血	尿中带血	尿血	尿道出血	尿道流血	泌尿道出血
腹水	腹积液	腹腔内积水	腹腔积水	腹部积液
蛋白质-热能营养障碍	蛋白质-能量营养不良
色素紫癜性皮炎	色素性紫癜性皮肤病
副鼻窦炎	鼻窦炎
磨牙	夜磨牙	夜间磨牙	磨牙症
多发性脑梗塞	多发脑梗塞
细菌感染	细菌性感染
马疥	妊娠痒疹	结节性痒疹
急性粒细胞缺乏	急性粒细胞缺乏症
手汗	出汗	手心出汗	手汗症
窦性心动过速	窦速
病毒脑炎	病毒性脑炎	病毒性脑膜炎	脑膜脑炎
纵膈生殖细胞肿瘤	纵隔生殖细胞肿瘤
痤疮	暗疮	脸上长痘	青春痘	面部痤疮	颜面痤疮	黑头粉刺
男性不育	男性不育症
附件	附件区
额部红斑	额头红斑
颈部淋巴结肿大	颈淋巴结肿大	颈部淋巴结肿胀
肌张力降低	肌张力下降	肌张力减低
烧灼感	发热	吐酸	泛酸	灼烧感	灼热感	灼痛	烧灼	烧灼样疼痛	烧灼样痛	胃反酸	胃灼热	胃部反酸	返酸
下腹不适	下腹部不适	小腹不适	小腹部不适
突发头晕	突然头晕
唇麻木	口唇发麻	口唇麻木	唇部麻木	嘴唇发麻	嘴唇麻木
包皮阴茎头炎	包皮炎	包皮龟头炎	龟头包皮炎
右肩酸痛	右肩部酸痛
失眠	夜间失眠	睡眠质量差	顽固性失眠
后段纵膈旁不规则	后段纵隔旁不规则
雷诺现象	雷诺氏病	雷诺氏综合征	雷诺综合征
宫颈黏膜	宫颈粘膜
颊部红斑	脸颊红斑	面颊红斑	面颊部红斑	面颊部红疹
心动过缓	心率过缓
乳房肿块	乳房结节	乳腺结节	乳腺肿块
激动	情绪激动
神经性皮炎症	慢性单纯性苔藓	神经性皮炎
少精	精液量减少
上肢深静脉血栓形成	上肢静脉血栓
纵膈淋巴结结核	纵隔淋巴结结核
后颈部疼痛	后颈部疼痛症
小肠炎	放射性肠炎
勃起障碍	勃起功能障碍	阴茎勃起功能障碍
眼眶骨折	眶底骨折
混合结缔组织病	混合型结缔组织病	混合性结缔组织病
手掌部疼痛	手掌疼痛
复发性溃疡	吻合口溃疡	空肠溃疡	胃空肠溃疡
戊肝	戊型病毒性肝炎	戊型肝炎
高血压脑病	高血压性脑病
会阴部肿胀	会阴肿胀
胸腹部疼痛	胸腹疼痛
肥大性脊柱炎	增生性脊柱炎	退行性脊柱炎	退行性脊椎炎
面部粟粒性狼疮	颜面播散性粟粒性狼疮	颜面播散性粟粒狼疮
髋脱位	髋关节脱位
纵膈内占位性质待查	纵隔内占位性质待查
范科尼贫血	先天性再生障碍性贫血
宫腔	子宫腔
恶心	反胃	干呕	恶心不适	恶心感	想吐
严重贫血	重度贫血
口部疱疹	上下唇疱疹	口唇疱疹	口唇起水疱	口唇部水疱	口唇部疱疹	口腔粘膜疱疹	口腔黏膜疱疹	唇疱疹
硬化萎缩性苔藓	外阴硬化性苔藓	外阴硬化萎缩性苔藓
暑温	乙型脑炎	流行性乙型脑炎
妊娠高血压	妊娠期高血压	妊娠期高血压疾病	妊娠高血压疾病	妊高征	妊高症
新生儿生理性黄疸	新生儿高胆红素血症	新生儿黄疸
眼皮乏力	双眼睑无力	眼睑乏力
慢性丙型肝炎	慢性丙肝
头部发热	发热
消化道出血	上消化道出血	下消化道出血	肠道出血	胃出血	胃肠出血	胃肠道出血	胃部出血
闭角型青光眼	闭角青光眼
急性腰背部扭伤	急性腰扭伤
纵膈肿瘤	纵隔肿瘤
巨人症	肢端肥大症
慢性硬膜下血肿	慢性硬脑膜下血肿
肺不张	肺膨胀不全
自身免疫性血小板减少	免疫性血小板减少性紫癜	原发性血小板减少性紫癜	特发性血小板减少性紫癜	特发性血小板减少紫癜	自身免疫性血小板减少性紫癜
青春期前痤疮	婴儿痤疮
神经性头疼	神经性头痛
纵膈异常密度影	纵隔异常密度影
颅骨骨折	头颅骨折
牙龈肿痛	牙周疼痛	牙周肿胀	牙肿	牙肿痛	牙龈肿	牙龈肿胀	牙龈脓肿	齿龈肿痛	齿龈肿胀
眼压升高	眼压高	高眼压
纵膈气胸	纵隔气胸
克罗恩病	克隆氏病
自身免疫性肝病	自身免疫性肝炎
右侧纵膈神经母细胞瘤	右侧纵隔神经母细胞瘤
乙肝携带者	乙肝病毒携带者
成骨不全	成骨不全症
纵膈肿瘤术后	纵隔肿瘤术后
鲍恩病	鲍温病
纵膈淋巴结清扫术	纵隔淋巴结清扫术
甲状腺腺瘤	甲状腺瘤
肥厚型心肌病	肥厚性心肌病
甲状腺结节	双侧甲状腺结节
腹部肿块	腹包块	腹肿块	腹部包块
晨起头晕	早起头晕
脊髓拴系综合征	脊髓栓系综合征
口周	口周围
顽固性心力衰竭	难治性心衰
纵膈占位穿刺活检术	纵隔占位穿刺活检术
腱断裂	肌腱断裂
碱性磷酸酶	ALP
嗜睡	瞌睡
肌张力增高	四肢肌张力增高	四肢肌张力高	肌张力亢进	肌张力高	肢体肌张力增高
髋关节骨性关节炎	髋关节炎	髋关节骨关节炎
听力下降	听力减退
颈部淋巴结纵膈淋巴结转移	颈部淋巴结纵隔淋巴结转移
滑膜炎	膝关节滑膜炎	膝滑膜炎
巨大儿	巨大胎儿
跛行	走路跛行
背	后背	背部
上纵膈淋巴结转移	上纵隔淋巴结转移
急性化脓性乳突炎	急性乳突炎
后发性白内障	继发性白内障
睾丸发育不良	双侧睾丸发育不良
淡漠	情感淡漠	意识淡漠	神志淡漠	精神淡漠	表情淡漠
皮肤干燥	全身干燥	全身皮肤干燥	皮肤干	脚皲裂
淋巴炎	慢性淋巴结炎	淋巴结炎
隆突性皮肤纤维肉瘤	隆突性皮纤维肉瘤
上纵膈鳞癌	上纵隔鳞癌
感冒	上呼吸道感染	上感	急性上呼吸道感染	急性扁桃体炎	急性鼻咽炎	普通感冒
臀肌肌筋膜炎	臀肌筋膜炎
转氨酶增高	谷丙转氨酶偏高	谷丙转氨酶高	转氨酶高
腰腹坠胀	腹部坠胀
大疱表皮松解症	大疱性表皮松解症
感音神经性聋	感音神经性耳聋
鞍上囊肿	颅咽管瘤
睾丸坠痛	阴囊下坠	阴囊坠痛
外阴皮疹	外阴部皮疹
复发性流产	习惯性流产	复发流产
腹部皮损	腹皮损
泪腺	泪道
桡骨、尺骨茎突骨折	桡骨茎突骨折
生脓性肉芽肿	化脓性肉芽肿
药物性心肌病	药源性心肌病
脊髓小脑性共济失调	遗传性共济失调
中心性浆液性脉络膜视网膜病	中心性浆液性脉络膜视网膜病变
腹部压痛	腹压痛
非酒精性脂肪性肝炎	非酒精性脂肪肝
纵膈内钙化灶	纵隔内钙化灶
肾	肾脏
同心圆性硬化	弥漫性硬化
腰部活动障碍	腰活动障碍
腹部肿胀	腹水肿	腹部水肿
骨筋膜室综合症	骨筋膜室综合征
糖尿病性周围神经病	糖尿病周围神经病	糖尿病周围神经病变	糖尿病性周围神经病变
肝腺瘤	肝脏腺瘤
月经不调	月经失调	月经异常	月经紊乱
肝硬变	早期肝硬化	肝硬化	肝硬化腹水
肝脂肪	脂肪性肝病	脂肪肝
小脑扁桃体下疝	小脑下疝	小脑扁桃体下疝畸形	小脑扁桃体疝	枕骨大孔疝
鱼鳞病	鱼鳞癣
下腹酸痛	下腹部酸痛
泌尿系统结石	尿石症	尿结石	尿路结石	尿道结石	泌尿系结石	泌尿结石	肾及输尿管结石
新月体型肾炎	急进性肾小球肾炎	急进性肾炎	新月体性肾小球肾炎
头	头部	头颅
胬肉攀睛	翼状胬肉
左侧纵膈神经母细胞瘤	左侧纵隔神经母细胞瘤
咳喘	喘咳
角膜瘢痕	角膜疤痕
虫咬皮炎	丘疹性荨麻疹	丘疹样荨麻疹	虫咬性皮炎
心衰	充血性心力衰竭	心力衰竭	心功能不全
小儿麻痹症	小儿麻痹	脊髓灰质炎
面色苍白	脸色发白	脸色苍白	面色发白	面部发白	颜面发白
军刀综合征	弯刀综合征
口唇肿胀	口唇水肿	口唇部水肿	唇肿胀	唇部水肿	唇部肿胀	嘴唇肿胀
右肩疼痛	右肩背疼痛	右肩背部疼痛	右肩部疼痛	右肩部疼痛症
口角唇炎	口角炎	嘴角溃疡
畏光	怕光	眼睛畏光
手指甲	指甲
颈痛	脖子疼	脖子疼痛	脖子痛	颈椎疼	颈椎疼痛	颈椎痛	颈椎部疼痛	颈疼痛	颈部疼痛	颈部疼痛症	颈部痛	颈部肿痛
肠道炎症	消化道炎症	胃肠道炎症
少精症	少精子症
过敏性皮疹	过敏皮疹
新生儿低血糖症	新生儿低血糖
纵膈感染清创	纵隔感染清创
周期性瘫痪	周期性麻痹
华枝睾吸虫病	肝吸虫病
胸痛	前胸疼痛	前胸痛	前胸部疼痛	前胸部疼痛症	前胸部痛	左胸上部疼痛	胸刺痛	胸口疼	胸口疼痛	胸口痛	胸口闷痛	胸口隐痛	胸疼	胸疼痛	胸绞痛	胸部刺痛	胸部疼	胸部疼痛	胸部疼痛症	胸部痛	胸部隐痛	胸骨疼痛	胸骨疼痛症	胸骨痛	胸骨部疼痛
药物性肝损伤	药物性肝病
足部软	脚软
眼球突出	左眼突出	甲亢突眼	眼部突出	突眼
腕部疼痛	手腕关节疼痛	手腕部疼痛	腕关节疼痛	腕关节疼痛症	腕关节肿胀	腕疼痛	腕部关节疼痛
肝脓肿	肝脓疡
脚趾	足趾
脾	脾脏
增生性疤痕	疤痕增生
腰扭伤	腰部扭伤
脱屑性间质肺炎	脱屑性间质性肺炎
舌根疼痛	舌根部疼痛
带状角膜病变	角膜带状变性
自闭症	儿童孤独症	孤独症
肛周疼痛	肛周部疼痛	肛门内疼痛	肛门周围疼痛	肛门灼痛	肛门疼	肛门疼痛	肛门疼痛症	肛门痛	肛门肿痛	肛门肿胀	肛门胀痛	肛门部疼	肛门部疼痛	肛门部肿胀
上纵膈软组织结节	上纵隔软组织结节
重症急性呼吸综合征	SARS
亚临床甲减	亚临床甲状腺功能减退症
脐	脐部
肠套叠	急性肠套叠
胃黏膜脱垂症	胃粘膜脱垂	胃黏膜脱垂
视疲劳	用眼疲劳	疲劳	眼疲劳	眼睛疲劳	视力疲劳
踝关节红肿	脚踝红肿
小腿麻木	小腿麻
蜂窝织炎	眶蜂窝织炎	眼眶蜂窝织炎	蜂窝组织炎
急性副睾炎	急性附睾炎
布鲁杆菌病	布氏杆菌病	布氏菌病	布病	布鲁氏杆菌病	布鲁氏菌病
骶管内肿瘤	骶管肿瘤
睡落枕	落枕
淋巴水肿	下肢象皮肿
焦油黑变病	黑变病
x综合征	微血管性心绞痛
胆绞痛	胆囊绞痛
口唇干裂	口唇皲裂	唇皲裂
纵膈转移瘤	纵隔转移瘤
急性肾功能衰竭	急性肾功能不全	急性肾衰竭
纵膈子宫瘢痕	纵隔子宫瘢痕
会阴水肿	会阴部水肿
肛周坠胀	坠胀	坠胀感	肛门坠胀	肛门有下坠感
停经	无月经来潮	月经不来
手部疼痛	手指疼痛	手痛	手肿痛
黄疸	全身黄疸	皮肤发黄	胆红素偏高	胆红素升高	胆红素高
毛囊上皮瘤	毛囊瘤
颞下颌关节脱位	下颌脱位
红斑增生病	增殖性红斑
咽喉红肿	咽喉部红肿	咽红肿	咽部红肿	喉咙红肿
小儿脉络丛乳头状瘤	脉络丛乳头状瘤
色素沉着	全身皮肤色素沉着	皮肤发黑	皮肤色素沉着
心尖肥厚型心肌病	心尖肥厚性心肌病
缠腰火丹	带状疱疹
咽痒	咽喉痒	咽喉瘙痒	咽喉部瘙痒	咽痒感	咽部痒感	咽部瘙痒	喉咙发痒	喉咙痒	喉咙瘙痒	喉痒	嗓子痒
骨质疏松症	老年性骨质疏松症	骨质疏松
咽痛	口咽疼痛	口咽部疼	口咽部疼痛	咽喉疼	咽喉疼痛	咽喉疼痛症	咽喉痛	咽喉肿痛	咽喉部疼	咽喉部疼痛	咽喉部痛	咽喉部肿痛	咽疼	咽疼痛	咽部疼	咽部疼痛	咽部疼痛症	咽部痛	咽部肿痛	喉咙刺痛	喉咙疼	喉咙疼痛	喉咙疼痛症	喉咙痛	喉咙肿痛	喉痛	喉部疼痛	嗓子疼	嗓子疼痛	嗓子疼痛症	嗓子痛
无汗症	汗闭
肢体疼痛	上下肢疼痛	上下肢疼痛症	四肢疼痛	手脚疼痛
皮下气肿	全身皮下气肿
低血容量休克	低血容量性休克	失血性休克
视力下降	视力低下	视力减退	视力障碍	视觉障碍
下丘脑错构瘤	灰结节错构瘤
男性乳房大	男性乳房发育症	男性乳房肥大症	男性乳腺发育	男性乳腺发育症	男性乳腺增生
孕期糖尿病	妊娠合并糖尿病	妊娠期糖尿病	妊娠糖尿病	糖尿病合并妊娠
尿黄	小便发黄	小便黄	尿液发黄
脑干	脑干区
黄斑病	视网膜病变	黄斑病变
颈部活动受限	颈活动受限
食管溃疡	食道溃疡
肛裂	肛管溃疡
上肢麻木	上肢发麻	上臂麻木	手臂麻木	胳膊麻木
下腹坠痛	下腹部坠痛	小腹坠痛
肥大性骨关节病	骨膜增生厚皮症
肛门坠胀	肛门下坠
原发性醛固酮增多症	原醛症
心包液	心包积液
咯血	咳痰带血	咳血	咳血痰	大咯血	痰中带血	痰中带血丝	痰血	血丝痰	血痰
试管婴儿	体外受精
射精不能症	不射精症
黏膜充血	粘膜充血
关节炎型牛皮癣	关节型银屑病	关节病型银屑病	牛皮癣关节炎	银屑病关节炎	银屑病性关节炎
下颌下间隙感染	颌下间隙感染
鼻部瘢痕	鼻腔瘢痕
纵膈神经母细胞瘤	纵隔神经母细胞瘤
阴道萎缩	外阴萎缩
晕动症	晕动病
异常子宫出血	子宫异常出血
纵膈粘连	纵隔粘连
肌肉萎缩	肌肉萎缩症
会阴胀痛	会阴部胀痛
双上肢	两侧上肢	双侧上肢
喉囊肿	咽喉囊肿	喉部囊肿
滑囊炎	棘突滑囊炎
肢体震颤	全身肌肉震颤	肌束震颤	肌肉震颤
面部疼痛	头面疼痛	头面部疼痛	脸疼痛	面部皮肤疼痛	颜面疼痛	颜面部疼痛
阵发性寒冷性血红蛋白尿	阵发性冷性血红蛋白尿
神经性贪食症	神经性贪食
踝关节疼痛	脚踝关节水肿	脚踝疼痛	脚踝肿胀	踝关节水肿	踝关节痛	踝关节肿大	踝关节肿痛	踝关节肿胀
右心功能不全	右心功能衰竭
中上腹隐痛	中上腹部隐痛
尿道口疼痛	尿道口疼
单纯性下肢浅静脉曲张	下肢静脉曲张
面肌萎缩	面部肌肉萎缩
体位性低血压	直立性低血压
全身酸痛	全身痛	周身酸痛	浑身酸疼	浑身酸痛
左侧纵膈占位	左侧纵隔占位
关节麻木	全身关节麻木
颌面	颌面部
产科弥散性血管内凝血	弥散性血管内凝血	弥漫性血管内凝血	播散性血管内凝血
化脓性脑膜炎	急性脑膜炎
眼角膜	角膜
生殖细胞瘤	卵巢无性细胞瘤
纵膈淋巴结局部放疗	纵隔淋巴结局部放疗
下肢静脉曲张	下肢浅静脉曲张	下肢深静脉曲张
龟头肿胀	阴茎头肿胀
原发性青少年型青光眼	青少年型青光眼
皮肤出血点	全身皮下出血点	全身皮肤出血点	皮下出血点
功能性子宫出血	功能失调性子宫出血	功血	子宫功能性出血
肋软骨炎	肋骨炎	肋骨软骨炎
口痛	口腔内疼痛	口腔疼痛	口腔疼痛症	口腔痛
气管、支气管狭窄	气管狭窄
颈部水肿	面颈部水肿	颈水肿
早搏	早博
虫媒传播	黄疸型肝炎
白细胞计数	WBC
成骨细胞瘤	骨母细胞瘤
噪声性耳聋	噪音性耳聋
多发性骨髓瘤	多发骨髓瘤	浆细胞骨髓瘤	骨髓瘤
阴茎头部疼痛	龟头疼痛	龟头痛	龟头部疼痛
菌痢	痢疾	细菌性痢疾
斑状白化病	斑驳病	白点病
小儿麻痹后遗症	脊髓灰质炎后遗症
低眼压性青光眼	正常眼压性青光眼
左心衰竭	左心衰
脑桥中央髓鞘溶解症	脑桥中央髓鞘溶解
舌	舌头
阴道直肠瘘	直肠阴道瘘
胰头肿块	胰头部肿块
吞咽时胸痛	非心源性胸痛
听神经鞘瘤	听神经瘤
纵膈精原细胞瘤术后	纵隔精原细胞瘤术后
无排卵症	无排卵
咽结节	口咽部肿块	咽喉部肿块	咽部肿块
面部淤血	头面部淤血
性欲减退	性冷淡	性欲下降	性欲低下
腰背部僵硬	后背僵硬	背部僵硬
两性畸形	真两性畸形
抑郁症	抑郁障碍
智力低下	智力减退	智力发育迟缓	智力落后	智力障碍	智能减退	智能障碍
蝶形红斑	面部蝶形红斑
糖尿病酮症酸中毒	酮症酸中毒
便秘	大便不畅	大便不通	大便不通畅	大便困难	大便干	大便干燥	大便干结	大便秘结	排便不畅	排便困难	排便费力	排便障碍
眶内海绵状血管瘤	眼眶血管瘤	眼眶部血管瘤
胸廓出口综合症	胸廓出口综合征
类风湿性关节炎	类风关	类风湿	类风湿关节炎	类风湿病
胸口发热	发热
新生儿脓疱疮	脓疱疮	脓疱病
肝区不适	肝部不适
耳聋	听力障碍	突发性耳聋
多囊性卵巢综合症	多囊卵巢综合征	多囊卵巢综合症
面部	脸	颜	颜面部
频发性室性早搏	频发室性早搏
腰部酸胀	腰部酸胀不适
外伤性血胸	创伤性血胸
先天性幽门肥厚	先天性肥厚性幽门狭窄
川崎病	皮肤黏膜淋巴结综合征
血栓性静脉炎	静脉炎
纵膈淋巴结胸膜转移	纵隔淋巴结胸膜转移
腹股沟部皮疹	腹股沟皮疹
颈动脉斑块	颈部动脉斑块
咽部乳头状瘤	咽部乳头瘤
外阴肿	会阴红肿	会阴部红肿	会阴部肿	外生殖器红肿	外阴水肿	外阴红肿	外阴肿胀	外阴部红肿	生殖器红肿
头重	头沉	头重脚轻
异常乳房	乳房异常
甲肝	甲型病毒性肝炎	甲型肝炎
纵膈肿物切除术	纵隔肿物切除术
纵膈阴影	纵隔阴影
眼分泌物增多	眼部分泌物增多
发育迟缓	发育落后	生长发育落后	生长缓慢	生长迟缓
黄斑	黄斑区	黄斑部
汗斑	花斑癣	花斑糠疹
僵人综合症	僵人综合征
滞气	气郁
胡豆黄	蚕豆病
肠系膜上动脉栓塞	肠系膜栓塞
硬下疳	一期梅毒
脑供血不足	脑动脉缺血	脑缺血	脑血管供血不足	脑血管缺血	脑部供血不足	脑部缺血
喉疳	喉癌	喉肿瘤	喉部肿瘤
髋关节疼痛	髋关节痛
淤积性皮炎	静脉曲张性湿疹
急性肾盂肾炎	急性肾盂炎
淀粉样变	淀粉样变性
腰	腰部
银屑病甲	甲银屑病
腋下肿块	腋窝处肿块	腋窝肿块	腋部肿块
产褥期感染	产褥感染
急性风湿病	急性风湿热
盆腔疼痛	骨盆疼痛
药物性皮炎	药疹
面颊部疼痛	脸颊疼痛	脸颊部疼痛	颊部疼痛
急性化脓性腮腺炎	急性腮腺炎
结核性腹膜炎	腹膜结核
皮样瘤	皮样囊肿
流涎	口角流口水	口角流涎	流口水
腕	腕部
呼吸道	气道
打喷嚏	喷嚏	频繁打喷嚏
主动脉狭窄	主动脉缩窄
足趾疼痛	脚趾疼痛	脚趾疼痛症
胸腹	胸腹部
耳部发热	发热
卵巢黄体囊肿	黄体囊肿
胆囊隆起性病变	胆囊息肉	胆囊息肉样病变
皮肤灼热	皮肤烧灼感
成人still病	变应性亚败血症	成人斯蒂尔病	斯蒂尔病
椎间盘突出症	椎间盘脱出	椎间盘膨出
流涕	流清水样鼻涕	流清涕	流清鼻涕	流鼻涕	清水样鼻涕	鼻流清涕	鼻溢液
副神经节起源的肿瘤	副神经节瘤	嗜铬细胞瘤
噎膈	食管癌	食道癌
斜疝	腹股沟斜疝
颈动脉硬化	颈动脉动脉硬化
原发性肝硬化	原发性胆汁性肝硬化
环状红斑	亚急性皮肤红斑狼疮
躁狂	狂躁
心脏神经官能症	心神经官能症	心神经症	心脏神经症
腰痛	下背部疼痛	后腰疼	后腰疼痛	后腰痛	后腰酸	后腰酸痛	腰椎疼	腰椎疼痛	腰椎疼痛症	腰椎痛	腰疼	腰疼痛	腰部剧痛	腰部疼	腰部疼痛	腰部疼痛症	腰部痛	腰部胀痛	腰部酸痛	腰酸痛
足跟痛	脚后跟疼痛	脚跟痛	足跟疼痛
梅毒感染	梅毒
眩晕	头眩晕	头部眩晕	晕眩	眩晕病	眩晕症
鼻塞	鼻堵	鼻子不通气	鼻甲肿大
皮肤黏膜出血	皮肤粘膜出血
面部瘙痒	头面部瘙痒	头面部皮肤发痒	头面部皮肤瘙痒	脸部瘙痒	脸部皮肤瘙痒	颜面部瘙痒	颜面部皮肤瘙痒
趾疣	跖疣
胆汗返流性胃炎	胆汁反流性胃炎
口腔黏膜白斑	口腔粘膜白斑
并发症白内障	并发性白内障
上纵膈肿块	上纵隔肿块
肝上皮样血管内皮细胞瘤	肝上皮样血管内皮瘤
尾骨骨折与脱位	尾骨脱位
颈项强直	项强	颈强直
纵膈陈旧性病变	纵隔陈旧性病变
兔唇	先天性唇裂	先天性腭裂	唇腭裂	唇裂	腭裂
respiratory failure	呼衰
纵膈旁结节	纵隔旁结节
上气道咳嗽综合征	鼻后滴漏综合征
持续发热	发热不退	持续性发热	持续性高热
鼻痒	鼻腔痒感	鼻腔瘙痒	鼻部瘙痒
纵膈高密度	纵隔高密度
颞下颌关节紊乱综合征	颞下颌关节炎	颞下颌关节紊乱病	颞下颌关节紊乱症	颞颌关节功能紊乱	颞颌关节炎	颞颌关节紊乱
腓骨肌萎缩症	遗传性运动感觉神经病
会阴部	会阴
肠道菌群失调症	肠道菌群失调
幽门螺杆菌感染	幽门螺旋杆菌感染
右下腹痛	右下腹疼	右下腹疼痛	右下腹胀	右下腹胀痛	右下腹部疼痛	右下腹部隐痛	右下腹隐痛
膝关节疼痛	双侧膝关节疼痛	膝关节疼	膝关节疼痛症	膝关节肿痛	膝关节肿胀疼痛	膝疼痛	膝痛	膝盖关节疼	膝盖疼痛	膝盖痛	膝盖部疼痛	膝部疼痛
正常颅压脑积水	正常压力脑积水
菌尿	细菌尿
胆总管下端	胆总管下段
儿童哮喘	儿童期哮喘
腹主动脉动脉瘤破裂	破裂性腹主动脉瘤
胰石病	胰腺结石
羊水过少	羊水少
脸色发黄	全身皮肤暗黄	脸黄	面色萎黄	面黄
人工性荨麻疹	人工荨麻疹	皮肤划痕症
十二指肠球后溃疡	十二指肠球溃疡
关节病变	骨关节病变
肺血管畸形	肺部血管畸形
先天性胆管扩张症	先天性胆总管囊肿	胆总管囊肿	胆管扩张症
肢体功能障碍	四肢瘫	四肢瘫痪	四肢运动障碍	肢体瘫痪	肢体运动障碍	肢体障碍
肾性糖尿	肾性糖尿病
气短	呼吸短促
外伤白内障	外伤性白内障
肺门纵膈淋巴结肿大	肺门纵隔淋巴结肿大
阴茎珍珠样丘疹病	阴茎珍珠状丘疹
伪膜性肠炎	抗生素相关性肠炎
脓血便	排脓血便
新生儿感染性肺炎	胎粪吸入性肺炎
喘息样支气管炎	喘息型支气管炎	喘息性支气管炎
妊娠急性脂肪肝	妊娠期急性脂肪肝
肛周出血	肛门出血
先天性非溶血性黄疸	先天性黄疸
外阴慢性单纯性苔藓	外阴神经性皮炎
朊病毒病	朊蛋白病
怀孕初期	早期妊娠
膝关节肿胀	双侧膝关节肿胀	膝关节水肿	膝关节肿大	膝水肿	膝肿胀	膝部肿胀
阴道灼热	会阴部烧灼感	会阴部烧灼痛	外阴烧灼感	阴道烧灼感
口唇紫绀	口唇发紫	唇紫绀	嘴唇紫绀
肾性尿崩症	尿崩症
转子间骨折	股骨粗隆间骨折	股骨转子间骨折
厌食	不思饮食	不想吃饭	纳减	纳呆	纳差	胃纳差	食欲下降	食欲不佳	食欲不振	食欲差	食欲欠佳	食欲缺乏	食欲降低	食纳差
肺动脉瓣狭窄	肺动脉口狭窄	肺动脉狭窄
下肢痉挛	下肢抽筋	双下肢抽搐	双下肢抽筋	双下肢搐搦	双下肢痉挛	双下肢肌肉痉挛	双腿抽筋	腿部抽筋
遗传疾病	遗传病
皮肤瘀点	全身皮肤瘀点
头外伤	头皮撕脱伤	头皮裂伤
剥脱性皮炎	红皮病
胃溃疡	慢性溃疡	胃糜烂
乳房发育不良	乳腺发育不良
鼻黏膜糜烂	鼻粘膜糜烂
口腔黏膜弥漫充血	口腔粘膜充血	口腔黏膜充血
食管肿瘤	食道肿瘤
半月板损伤	膝关节半月板损伤
蛛网膜下腔出血	脑出血	蛛网膜下出血
糖尿病心脏病	糖尿病性心脏病
先天性主动脉瓣下狭窄	先天性主动脉瓣狭窄
纵膈创面渗血	纵隔创面渗血
眼底黄斑病	眼视网膜病变	眼黄斑病变
肺炎支原体感染	肺炎支原体肺炎
脂肉瘤	脂肪肉瘤
急性肾炎	急性肾小球肾炎
认知障碍	认知功能障碍
念珠菌性阴炎	念珠菌性阴道炎	念珠菌阴道炎	真菌性阴道炎	霉菌性阴道炎
骨瘤	骨肿瘤
纵膈修复术后	纵隔修复术后
水肿	下肢肿	充血水肿	双腿肿	四肢肿	浮肿	眼睑肿	组织水肿	脸肿	腿肿	面部皮肤肿	面部肿	颜面部肿
拇趾外翻	拇外翻
边缘性骨髓炎	颌骨骨髓炎
子宫颈残端癌	宫颈残端癌
纵膈旁占位	纵隔旁占位
急性前葡萄膜炎	急性葡萄膜炎
牙龈出血	牙出血	齿出血	齿龈出血
显微型多血管炎	显微镜下多血管炎
腰肌筋膜炎	背肌筋膜炎	背部肌筋膜炎	腰背筋膜炎	腰背肌筋膜炎	腰背部筋膜炎	腰背部肌筋膜炎
胆道	胆管
黏多糖病	粘多糖贮积症
左上肺纵膈旁占位	左上肺纵隔旁占位
胫骨痛	胫骨疼痛
慢性髓细胞性白血病	慢性粒细胞性白血病	慢性粒细胞白血病	慢粒
肩胛骨骨折	肩胛骨体部骨折
淋巴管肌瘤病	肺淋巴管肌瘤
肾脏包块	肾包块	肾区包块
疲劳性骨折	疲劳骨折	脚踝骨折
白喉性结膜炎	膜性结膜炎
变应性口炎	口炎	口腔炎	过敏性口炎
足部凉	脚凉
深部真菌病	深部真菌感染
纵膈肿瘤切除术后	纵隔肿瘤切除术后
纵膈结节病	纵隔结节病
神经血管性头痛	血管神经性头痛
韦格纳肉芽肿	坏死性肉芽肿	韦格内肉芽肿	韦格纳肉芽肿病
纵膈淋巴肿瘤	纵隔淋巴肿瘤
瘢痕	全身瘢痕	疤痕	疤痕疙瘩	瘢痕疙瘩
牙齿感觉过敏症	牙本质过敏	牙本质过敏症
纵膈组织水肿	纵隔组织水肿
胰腺癌	胰癌
硬脑膜肉瘤	脑膜瘤
长期的盆腔疼痛	慢性盆腔疼痛
季节性鼻炎	季节性过敏性鼻炎
脑垂体瘤	垂体微腺瘤	垂体瘤	垂体腺瘤
足部红斑	足红斑
骨纤维异样增殖症	骨纤维结构不良
腹股沟疝	腹股沟疝气
细支气管炎	毛细支气管炎
隐疹	风疹
麻风病	麻风
下肢酸痛	腿部酸痛	腿酸痛
低蛋白血症	白蛋白低
闭经	经闭
肺动脉高压症	肺动脉高压	肺动脉高血压
下消化道出血	消化道出血
睾丸疝气	睾丸鞘膜积液
卵巢卵黄囊瘤	卵巢内胚窦瘤	卵黄囊瘤
腹部脓肿	腹脓肿
纵膈鳞癌	纵隔鳞癌
眼部充血	眼充血	眼球充血	眼睛充血
子宫腔粘连	宫腔粘连
儿童tourette综合征	多发性抽动	抽动症
心	心脏
软纤维瘤	皮肤乳头瘤	皮赘
左束支传导阻滞	束支阻滞
纵膈胸腺肥大	纵隔胸腺肥大
疱疹	水泡	水疱	眼皮肿	起水疱
阵发性房颤	阵发性心房颤动
子宫粘膜下肌瘤	子宫黏膜下肌瘤
腹泻	便溏	大便不成形	大便次数增多	大便次数多	大便溏泄	拉稀	拉肚子	泄泻	腹泄
慢性咳嗽	咳嗽频繁	顽固性咳嗽	频繁咳嗽
结节性甲状腺肿	甲状腺结节
宫颈	子宫颈
阴囊水肿	双侧睾丸肿胀	双侧阴囊水肿	双侧阴囊肿胀	睾丸水肿	睾丸肿胀	阴囊肿胀	阴囊部水肿	阴囊部红肿	阴囊部肿胀
右下腹压痛	右下腹部压痛
肠系膜上静脉血栓形成	肠系膜静脉血栓形成
下腹绞痛	下腹部绞痛
偏身麻木	半身麻木
获得性血小板功能障碍	继发性血小板减少症
颈静脉怒张	颈部静脉怒张	颈静脉充盈
唾液腺黏液囊肿	涎腺囊肿
慢性腰背痛	慢性腰痛
神经鞘瘤	神经瘤	神经鞘膜瘤
化脓性肝脓肿	细菌性肝脓肿
腺肌病	子宫腺肌病	子宫腺肌症	子宫腺肌瘤	腺肌症	腺肌瘤
尿失禁	小便失禁	尿床	遗尿
卵巢功能早衰	卵巢早衰
盲襻综合征	小肠细菌过度生长
瘀血	淤血
纵膈占位查因	纵隔占位查因
红斑狼疮	SLE	狼疮	系统性红斑狼疮
低血钠	低钠血症
渗出性中耳炎	分泌性中耳炎	卡他性中耳炎	非化脓性中耳炎
低血钾	低血钾症	低钾血症
高尿酸	尿酸偏高	尿酸过高	尿酸高
肝脾肿大	肝脾脏肿大	脾大
咽喉水肿	咽喉部水肿	咽部充血水肿	咽部水肿
手指麻木	手发麻	手指麻	手部麻木	手麻	手麻木	指头麻木
丙肝	丙型病毒性肝炎	丙型肝炎
高尿酸血症	痛风	痛风病	痛风症
慢性胃病	慢性肠胃炎	慢性胃炎	贲门炎
腋下皮疹	腋窝皮疹
过敏性休克	严重过敏反应
纵膈淋巴结肿大性质待查	纵隔淋巴结肿大性质待查
下肢红斑	双大腿红斑	大腿红斑	腿部红斑
鼻咽部出血	鼻咽出血
血压下降	血压低	血压偏低	血压降低
粘膜白斑病	黏膜白斑
复发性口疮	口腔溃疡	口腔黏膜病	复发性口腔溃疡	复发性阿弗他溃疡	口疮
男生殖系结核	泌尿系统结核
上腔静脉阻塞综合征	上腔静脉综合征
低血钙	低血钙症	低钙血症
烟酸缺乏病	烟酸缺乏	烟酸缺乏症
骨癌	恶性骨肿瘤
鼻腔恶性黑色素瘤	鼻腔黑色素瘤
蕈样真菌病和Sezary综合征	蕈样真菌病	蕈样肉芽肿
白细胞增多	白细胞增高	白细胞计数增高	白细胞高
慢性肾炎综合症	慢性肾炎综合征
面部皮疹	头面部皮疹	脸上皮疹	脸皮疹	脸部皮疹	面部皮肤皮疹	颜面部皮疹
腰椎间盘膨出症	椎间盘突出	腰椎椎间盘突出	腰椎间盘突出	腰椎间盘突出症	腰椎间盘脱出	腰椎间盘脱出症	腰椎间盘膨出	腰间盘突出	腰间盘突出症
弱视眼	弱视
甲亢危象	甲状腺功能亢进危象	甲状腺危象
上纵膈旁占位性病变	上纵隔旁占位性病变
外生殖器发育不良	外阴发育不良	生殖器发育不良
高原性心脏病	高心病	高血压性心肌病
纤维肌痛症	纤维肌痛综合征
舌系带短	舌系带过短
血沉增快	血沉高
肾上腺性变态综合征	先天性肾上腺皮质增生症
蚁走感	蚁行感
原发性震颤	特发性震颤	老年性震颤
足癣	手足癣	脚气	脚癣
病毒性角结膜炎	流行性角结膜炎	流行性角膜结膜炎
非特异性肠系膜淋巴结炎	急性肠系膜淋巴结炎
外伤性脾破裂	创伤性脾破裂
胆管肿瘤	胆管瘤
醛固酮过多症	醛固酮增多症
肛门湿疹	肛周湿疹
膈下食管憩室	食管憩室	食道憩室
体温	T
恶臭	恶臭味
踝关节骨折	踝部骨折
缺血性视神经炎	缺血性视神经病变
口唇黏膜	口唇粘膜
脑血管性痴呆	血管性痴呆
恶性纤维组织细胞瘤	纤维肉瘤	血管肉瘤	骨肉瘤
腋窝	腋窝处
膝	膝关节	髌骨
腰部疱疹	腰部水泡
牙齿	牙	齿
宫颈上皮内瘤变三级	CIN3
发绀	发紫	口唇发绀	口唇紫绀	口唇部发绀	口唇青紫	唇发绀	嘴唇发紫	嘴唇发绀	紫绀
腹部瘙痒	腹瘙痒
感染性湿疹	传染性湿疹样皮炎	湿疹感染
头痛	偏头疼	偏头痛	前额痛	前额部痛	头疼	头疼痛	头胀痛	头部刺痛	头部疼	头部疼痛	头部疼痛症	头部痛	头部胀痛	头顶疼痛	头顶部疼痛	头颅疼	头颅疼痛	脑部疼痛
老年性聋	老年性耳聋
老年人主动脉瘤	主动脉瘤
皮肤红肿	全身皮肤红肿
肺间质纤维化	弥漫性肺间质纤维化
龋齿	蛀牙	龋病
下腹压痛	下腹部压痛
急性胰腺炎	胰腺炎	重症急性胰腺炎
身材矮小	矮小
传导性耳聋	传导性聋
喘鸣	哮鸣音	喉鸣	喉鸣音
纵膈肿物	纵隔肿物
新生儿溶血症	新生儿溶血	新生儿溶血病	母儿血型不合
厌油	厌油腻
头部疱疹	头皮疱疹	头皮部水疱
黄瘤	脂肪纤维瘤	黄瘤病	黄色瘤
小儿腹股沟疝	小肠疝气
啰音	肺部啰音
粉刺	白头粉刺	面部痤疮
便血	便中带血	大便出血	大便发黑	大便带血	大便时出血	大便有血	大便血	柏油便	柏油样便	血便	黑便
头皮结痂	头部结痂
深昏迷	深度昏迷
纵膈内结节	纵隔内结节
网球症	网球肘	肱骨外上髁炎
无症状型心肌缺血	无症状性心肌缺血
鼻骨骨折	鼻部骨折	鼻骨折
老年期抑郁症	老年抑郁症
外阴破溃	下体溃烂
卵巢恶性混合性中胚叶瘤	卵巢癌肉瘤
面部红斑	头面红斑	头面部红斑	脸部红斑	颜面部红斑
四肢无力	上下肢乏力	上下肢无力	周身无力	四肢乏力	四肢肌无力	四肢肌肉乏力	四肢软弱无力	四肢酸软无力	手脚无力	肢体乏力	肢体无力
血小板减少	血小板低	血小板偏低
高泌乳素血症	高催乳素血症
急性髓细胞白血病	急性非淋巴细胞白血病	急粒
主动脉夹层	主动脉夹层动脉瘤	壁间血肿
螨虫性皮炎	螨性皮炎	螨皮炎	螨虫皮炎
多梦	夜眠多梦	睡眠多梦
闭合性脑外伤	闭合性脑损伤
肺曲菌病	肺曲霉病
宫颈湿疣	宫颈尖锐湿疣
细菌性心包炎	化脓性心包炎
下肢血栓	下肢浅静脉血栓	下肢深静脉血栓形成	下肢静脉血栓	下肢静脉血栓形成
亚硝酸盐食物中毒	亚硝酸盐中毒
后交叉韧带损伤	后十字韧带损伤
胃部不适	胃不舒服	胃不适	胃难受
白色萎缩	青斑样血管炎
上肢	手臂
自身免疫性溶血性贫血	自身溶血性贫血
巨细胞病毒感染症	巨细胞病毒感染
心肌梗塞	心梗	心肌梗死	急性心梗	急性心肌梗塞	急性心肌梗死
会阴部麻木	会阴麻木
蛋白尿	尿蛋白
肘关节疼痛	肘关节肿痛	肘关节酸痛	肘疼痛	肘部关节疼痛	肘部疼痛
股骨头缺血性坏死	股骨头坏死	股骨头无菌性坏死
骨质增生病	骨质增生症
脂代谢紊乱	脂质代谢紊乱
枢椎椎弓骨折	枢椎骨折
特应性皮炎	异位性皮炎
干眼	干眼病	干眼症	眼干	眼干涩	眼干燥	眼干眼涩	眼涩	眼睛干	眼睛干涩	结膜干燥症
外耳道炎	外耳炎
腰腿痛	腰腿疼	腰腿疼痛
皮下出血	全身皮下出血
皮肤结核病	皮肤结核
痔疮	痔病
背部弹力纤维瘤	背部纤维瘤
复视	目眩	眼睛重影
侵蚀性溃疡	基底细胞上皮瘤	基底细胞瘤	基底细胞癌
扁桃体肿大	扁桃体增生	扁桃体红肿	扁桃体肥大	扁桃体肿胀	扁桃腺增生	扁桃腺肥大
枢椎齿突骨折	枢椎齿状突骨折
痰多	多痰
纵膈子宫腺肌瘤	纵隔子宫腺肌瘤
酒精肝肝硬化	酒精性肝硬化
不孕不育	不孕不育症	不孕症	女性不孕症
面部色素沉着	脸部色素沉着	面部皮肤色素沉着	颜面皮肤色素沉着
周围神经病	周围神经病变
眼睑红肿	双侧眼睑红肿	双眼睑红肿
黏液纤维肉瘤	腹壁纤维肉瘤
大动脉炎	多发性大动脉炎	无脉症
饱胀感	上腹胀满	上腹部胀气	上腹部饱胀	上腹部饱胀不适	上腹饱胀	上腹饱胀不适	胃部饱胀	腹部饱胀	腹部饱胀不适	腹饱胀	进食后饱胀	食后腹胀	饭后腹胀	饱胀
嗜酸性细胞胃肠炎	嗜酸性粒细胞性胃肠炎	嗜酸性粒细胞胃肠炎
乳糖不耐受症	乳糖不耐受
主动脉瓣闭锁不全	主动脉瓣关闭不全
大肠肿瘤	结肠肿瘤
胆脂瘤型中耳炎	中耳胆脂瘤
Babinski征	babinski征	巴宾斯基征	巴氏征
毛囊炎	穿凿性毛囊炎
阵发性夜间血红蛋白尿	PNH	阵发性睡眠性血红蛋白尿
新生儿喉喘鸣	先天性喉喘鸣	喉软骨软化
扭转痉挛	原发性肌张力障碍
磷中毒	杀鼠剂中毒
甲状腺功能减退症	甲减	甲状腺功能减低症	甲状腺功能减退	继发性甲减
全子宫纵膈切除术	全子宫纵隔切除术
剧烈疼痛	疼痛剧烈
心缺血	心肌缺血
腰部慢性劳损	腰肌劳损	腰臀肌筋膜炎	腰部劳损
疫咳	百日咳
浸润性乳腺癌	乳腺浸润性癌	浸润性腺癌
胃烧灼感	胃部烧灼感
胃病	肠胃病
胃痛	胃区疼痛	胃疼	胃绞痛	胃胀痛	胃脘疼痛	胃脘部疼痛	胃部疼	胃部疼痛	胃部疼痛症	胃部隐痛	胃隐痛
左侧腰痛	左侧腰疼	左侧腰部疼痛	左侧腰部疼痛症	左腰疼痛	左腰痛	左腰部疼痛
指甲床	甲床
颈部麻木	颈麻木
口腔黏膜疼痛	口腔粘膜疼痛
嗜睡症	嗜睡
小儿肺泡性蛋白沉积症	肺泡蛋白沉积症
下肢肌痛	大腿肌痛
黑色素癌	外阴恶性黑色素瘤	恶性黑素瘤	恶性黑色素瘤	色素病	黑素瘤	黑色素瘤
总胆红素	TBIL
肢体水肿	上下肢水肿	全身性水肿	全身水肿	全身浮肿	全身组织水肿	全身肿	全身肿胀
尼曼－匹克氏病	尼曼-匹克病
双侧肾上腺	双侧肾上腺区
输卵管卵巢炎	慢性输卵管炎	附件炎
臀部皮疹	臀部红斑	臀部红疹
输卵管堵塞	输卵管不通	输卵管阻塞
外伤性眼内炎	全眼球炎
食管黏膜	食管粘膜	食道粘膜
肠道蛔虫	蛔虫病
子宫内膜息肉	子宫内息肉
脱皮	皮肤脱皮	皮肤蜕皮	蜕皮
面颊红肿	面颊部红肿
肾血管平滑肌脂肪瘤	肾脏错构瘤	肾错构瘤
眼肌无力	目无力	眼乏力	眼无力	眼睑无力
外耳道真菌病	耳真菌病
子宫复旧不全	子宫复旧不良
子宫颈息肉	宫颈息肉
视物模糊	视力模糊	视物不清	视物昏花	视觉模糊
筛窦炎	慢性筛窦炎
脾功能亢进	脾亢
高血压脑出血	高血压性脑出血
小舞蹈病	风湿性舞蹈病
口腔黏膜出血点	口腔粘膜出血点
内分泌性眼球突出	浸润性突眼	甲状腺相关性眼病	甲状腺相关眼病	甲状腺眼病
人流术	人工流产
内耳炎	流行性眩晕	迷路炎
卡氏肺孢菌肺炎	卡氏肺囊虫肺炎	卡氏肺孢子虫病	卡氏肺孢子虫肺炎	肺孢子菌肺炎	肺孢子虫病
会阴裂伤	会阴撕裂
纵膈气肿	纵隔气肿
贲门痉挛	巨食管	贲门失弛缓症
神经衰弱	神经衰弱综合征
皮炎芽生菌病	芽生菌病
创伤性口腔溃疡	口腔创伤性溃疡
食道梗塞	食管梗阻
肺炎杆菌肺炎	肺炎克雷伯杆菌肺炎
腰背痛	后腰背部疼痛	后腰背部疼痛症	背腰痛	腰背疼	腰背疼痛	腰背疼痛症	腰背部疼	腰背部疼痛	腰背部疼痛症	腰背部痛
全身不适	倦怠	全身乏力	全身困倦乏力	全身无力	全身肌无力	周身不适	浑身不适	浑身乏力	浑身无力	疲乏	身体乏力	身体无力
血小板增多	血小板偏高
胃肠道不适	消化道不适	肠胃不适	肠道不适	胃肠不适	胃肠部不适
纵膈阴影性质待查	纵隔阴影性质待查
双腋下	双侧腋窝
亚急性甲状腺炎	亚急性肉芽肿性甲状腺炎
腿软	小腿无力	打软腿	腿困
精索静脉曲张症状	精索静脉曲张
踝扭伤	踝关节扭伤	踝部扭伤
胆石	胆囊结石	胆囊结石病	胆石症	胆结石
基底节区	基底节
踝关节水肿	脚踝水肿	脚踝浮肿	脚踝肿
肌肉关节酸痛	关节肌肉酸痛
毒性结节性甲状腺肿	继发性甲状腺功能亢进
颈椎脊髓损伤	颈椎损伤	颈脊髓损伤
右侧纵膈内肿大	右侧纵隔内肿大
三尖瓣关闭不全	瓣尖
胚胎性横纹肌肉瘤	横纹肌肉瘤
纵膈转移性腺癌	纵隔转移性腺癌
上纵膈肿大淋巴结	上纵隔肿大淋巴结
咽部不适	口咽部不适	咽不适	咽喉不适	咽喉部不适	喉咙不适	嗓子不适
急性梗阻性化脓性胆管炎	原发性胆管炎	急性化脓性胆管炎	梗阻性胆管炎
神经性呕吐	功能性呕吐	心因性呕吐
高雪病	戈谢病
喉	咽喉
轮状病毒肠炎	秋季腹泻	轮状病毒性肠炎	轮状病毒腹泻
转换性障碍	分离性障碍	癔病	癔症
面部僵硬	脸部僵硬	面部皮肤僵硬
小儿室间隔缺损	室缺	室间隔缺损
腹股沟肿块	腹股沟包块	腹股沟区包块	腹股沟区肿块
神经纤维瘤病	多发性神经纤维瘤
左肺门纵膈淋巴结肿大	左肺门纵隔淋巴结肿大
呼之不应	呼之无应答
萎缩性胃炎	慢性萎缩性胃炎	胃痞
兴奋	精神兴奋
蚕食性角膜溃疡	蚕蚀性角膜溃疡
闭塞性血栓性脉管炎	脉管炎	血栓闭塞性脉管炎
血管球瘤	血管神经瘤
急性肠炎	慢性肠炎	肠炎
面部白斑	面部皮肤白斑
心音低钝	心音低
胎位异常	胎位不正
乳腺脓肿	乳房脓肿
轻度脑萎缩	脑萎缩
房室传导延迟	一度房室传导阻滞
室早	室性期前收缩	室性过早搏动
弥漫性星形细胞瘤	大脑胶质瘤病
化脓性葡萄膜炎	眼内炎
胰腺异位	异位胰腺
腹部不适	上腹不适	上腹部不适	肚子不舒服	腹不适
膜增殖性肾小球肾炎	膜增生性肾小球肾炎
高致病性人禽流感病毒肺炎	禽流感
子宫纵膈囊肿	子宫纵隔囊肿
颈部淋巴结转移癌	颈部淋巴结癌
上肢放射痛	上臂放射痛
循环系统疾病	心脑血管疾病	心脑血管病	心血管疾病	心血管病	脑中风	脑卒中	脑血管意外	脑血管疾病	脑血管病
结石	结石病
破溃	溃烂
突然腹痛	突发腹痛
直肠肿瘤	直肠癌
鼻中隔弯曲	鼻中隔偏曲
阿狄森病	原发性肾上腺皮质功能减退症
纵膈病灶	纵隔病灶
糖原贮积病	糖原累积症
左侧纵膈肿瘤术后	左侧纵隔肿瘤术后
稳定性心绞痛	稳定型心绞痛
面部皮损	头面部皮损	颜面部皮损
上肢肿胀	上臂肿胀	胳膊肿胀
自发性气胸	自发气胸
腹部瘢痕	腹瘢痕
惊厥	惊风
继发性高血压	症状性高血压
毛细胞性白血病	毛细胞白血病
老年心肌病	心肌病
单纯糠疹	白色糠疹
腋部瘢痕	腋下瘢痕	腋窝瘢痕
牙槽脓肿	根尖周脓肿
纵膈淋巴结肿大查因	纵隔淋巴结肿大查因
纵膈淋巴管瘤切除术	纵隔淋巴管瘤切除术
盆腔充血	盆腔淤血
急性充血性心力衰竭	急性心力衰竭
大小便	二便	大、小便
卵巢过激	卵巢过度刺激综合征
胆道蛔虫症	胆道蛔虫病
纵膈囊肿术后	纵隔囊肿术后
三角肌下滑囊炎	肩峰下滑囊炎
右上肺纵膈旁积液	右上肺纵隔旁积液
皮肤脓疱	全身皮肤脓疱
腕部无力	腕无力
头部皮损	头皮皮损
纵膈淋巴结肿大	纵隔淋巴结肿大
血色素沉着症	血色病
血压升高	血压偏高	血压增高	血压高
足部痉挛	脚抽搐
纵膈穿刺	纵隔穿刺
眼部红肿	眼睛红肿
眼眶假瘤	眼眶炎性假瘤
尿道黏膜外翻	尿道粘膜脱垂
小儿维生素D缺乏性佝偻病	维生素D缺乏性佝偻病
胃窦癌	胃癌	贲门癌
足背疼痛	足背部疼痛	足背部疼痛症
上腹部烧灼感	上腹烧灼	上腹烧灼感	上腹部烧灼
腹泻与便秘交替	腹泻交替
肌酐高	肌酐偏高
脊髓小脑萎缩症	小脑萎缩
先天性高弓足	高弓足
子宫内膜癌	子宫内膜腺癌	子宫癌
纵膈结核	纵隔结核
眼部疱疹	眼睑疱疹
急性气管支气管炎	急性支气管炎	急性气管-支气管炎
口腔黏膜红肿	口腔粘膜红肿
多形性脂肪瘤	梭形细胞脂肪瘤
睡眠	夜眠
右下肢	右腿
梅克尔憩室	麦克尔憩室
老花眼	远视眼
盗汗	夜汗	夜间出汗	夜间多汗	夜间盗汗
阴道异常	会阴部异常	外生殖器异常	外阴异常	生殖器异常
紫癜风	扁平苔癣	扁平苔藓
出生缺陷	先天性畸形
内耳性眩晕	耳源性眩晕
老年人胆囊炎	胆囊炎
血精	精液带血
急性出血坏死型胰腺炎	坏死性胰腺炎
纵膈肿大	纵隔肿大
新生儿尿布皮炎	尿布性皮炎	尿布皮炎
窦性心律失常	窦性心律不齐
下纵膈囊肿切除术	下纵隔囊肿切除术
背痛	上背部疼痛	后背疼	后背疼痛	后背疼痛症	后背痛	后背部疼	后背部疼痛	后背部疼痛症	后背部痛	后背部胀痛	后背部酸痛	后背酸痛	背疼	背疼痛	背部刺痛	背部剧痛	背部疼	背部疼痛	背部疼痛症	背部痛	背部胀痛	背部酸痛	背酸痛
羊角风持续状态	癫痫持续状态
神经痛	神经疼	神经疼痛
病桃花	躁狂症
背部发热	发热	后背发热
膝关节内外侧副韧带损伤	膝关节内侧副韧带损伤	膝内侧副韧带损伤
念珠菌性包皮龟头炎	念珠菌性龟头炎
下子宫纵膈切除术	下子宫纵隔切除术
脓涕	流脓涕	流脓鼻涕	流黄鼻涕
指头红肿	手指红肿
手脱皮	手指脱皮	手部脱皮
纵膈气肿原因待查	纵隔气肿原因待查
疱疹性口炎	疱疹性口腔炎
纵膈感染引流术	纵隔感染引流术
家族性渗出性视网膜病变	家族性渗出性玻璃体视网膜病变
乳腺肥大	巨乳症
昏迷	昏倒	昏厥	昏迷不醒	晕厥	神志昏迷	突然昏迷	虚脱
咽癌	咽喉癌
子宫出血	子宫流血	宫颈出血
下肢疱疹	腿部疱疹
纵膈腺癌	纵隔腺癌
肢体萎缩	全身肌肉萎缩	肌肉萎缩	肌萎缩	肢体肌肉萎缩
前列腺增生肥大	前列腺增生	前列腺增生症	良性前列腺增生	良性前列腺增生症
糖尿病眼底病	糖尿病性视网膜病变	糖尿病眼病	糖尿病视网膜病变
过敏性结膜炎	变应性结膜炎	变态反应性结膜炎
孕酮降低	孕酮低
食欲	胃纳	食纳
脐带先露	脐带脱垂
臂丛损伤	臂丛神经损伤
出血性青光眼	新生血管性青光眼
淋巴结结核	淋巴结核	瘰疬	结核性淋巴结炎
病毒性胃肠炎	病毒性腹泻
术区	手术区
贫血	心气虚	贫血症
尤文肉瘤	尤因肉瘤	尤文氏肉瘤
肠道	肠管
背部肿块	后背肿块	后背部肿块
心内膜炎	细菌性心内膜炎
结节硬化症	结节性硬化	结节性硬化症
气道异物	气管异物
阵发性眩晕	良性阵发性位置性眩晕	良性阵发性眩晕
狭颅症	颅缝早闭
胸腺瘤	胸腺肿瘤
纵膈内恶性肿瘤	纵隔内恶性肿瘤
恶性胸膜间皮瘤	恶性间皮瘤
睡眠瘫痪症	睡眠瘫痪
总蛋白	TP
左纵膈低分化鳞癌	左纵隔低分化鳞癌
甲状腺肿瘤	瘿瘤
女假两性畸形	女性假两性畸形
硬膜下血肿	硬脑膜下血肿
垂体卒中	垂体危象
脂肪肝炎	脂肪肝肝炎
胸椎管狭窄症	胸椎椎管狭窄	胸椎管狭窄
期外收缩	期前收缩
颅骨肿瘤	颅骨骨瘤
双胃	胃重复畸形
表皮样囊肿	胆脂瘤
口腔扁平苔藓	口腔扁平苔癣
哮喘病	哮喘	婴幼儿哮喘	支气管哮喘
痔出血	痔疮出血
急性冠脉综合症	急性冠状动脉综合征	急性冠脉综合征
手抖	双手颤抖	手部震颤	手颤	颤抖
柏-查综合征	肝静脉阻塞综合征
心室扑动与颤动	心室纤颤
不安	坐立不安
高度房室传导阻滞	高度房室阻滞
腓总神经卡压症	腓总神经卡压综合征
纵膈内坏死	纵隔内坏死
药源性鼻炎	药物性鼻炎
手足皮损	手足部皮损
躯干部皮损	躯干皮损
颈交感神经麻痹综合征	霍纳征	霍纳综合征
畏寒	四肢发凉	四肢四肢发凉	怕冷	恶寒
结膜充血	眼睛发红	睑结膜充血
海绵状血管瘤	先天性血管瘤	毛细血管瘤	草莓状血管瘤	血管瘤
过敏	过敏症
佝偻病	软骨病	骨质软化	骨软化症
腰腹痛	腰腹部疼痛	腰腹部痛
足背麻木	足背部麻木
纵膈分离术	纵隔分离术
小儿感染性腹泻病	小儿肠炎
急性出血性坏死性小肠炎	肠坏死
卵泡囊肿	滤泡囊肿
植物神经功能紊乱	植物神经功能失调	植物神经功能障碍	植物神经紊乱
乳头疼痛	乳头疼	乳头痛
煤气中毒	CO中毒	一氧化碳中毒	急性一氧化碳中毒
消化性溃疡	十二指肠溃疡	消化道溃疡	胃十二指肠溃疡
巨幼贫	巨幼红细胞性贫血	巨幼细胞性贫血	巨幼细胞贫血	恶性贫血	营养性巨幼细胞性贫血	营养性巨幼细胞贫血
血红蛋白	Hb
人格改变	性格改变
小儿糖尿病	儿童糖尿病
纵膈肿瘤待查	纵隔肿瘤待查
膝交叉韧带损伤	十字韧带损伤
胃黏膜出血	胃粘膜出血
膝关节瘀血	膝部瘀血
子宫肉瘤	子宫平滑肌肉瘤
酒精性肝病	酒精性脂肪肝	酒精肝
结核性盆腔炎	盆腔结核
肘管综合征	迟发性尺神经炎
溃疡性直肠炎	直肠溃疡
多指症	多指畸形	趾畸形
恶性葡萄胎	侵蚀性葡萄胎
先兆性流产	先兆流产
自身免疫疾病	自身免疫性疾病	自身免疫病
直肠黏膜充血	直肠粘膜充血
颞动脉炎	巨细胞动脉炎
易饥饿	容易饥饿	易饿
胫前粘液性水肿	胫前粘液水肿
真菌感染	霉菌感染
纵膈淋巴结双侧胸膜增厚	纵隔淋巴结双侧胸膜增厚
微小病毒感染	细小病毒感染
肝门胆管癌	肝胆管癌	肝门部胆管癌
下肢放射痛	双侧大腿放射痛	大腿放射痛
假性甲状旁腺功能减退	假性甲状旁腺功能减退症
喘息	喘促	喘憋	气喘
口腔异味	口气
躁动	躁动不安
鼻咽血管纤维瘤	鼻咽纤维血管瘤
脑组织充血	头充血
纵膈积血	纵隔积血
沙门氏菌病	副伤寒
髌骨软化症	软骨软化	髌软骨软化症	髌骨关节炎	髌骨软化	髌骨软骨软化	髌骨软骨软化症
乙肝大三阳	大三阳
左纵膈肿瘤	左纵隔肿瘤
潜水性内耳损伤	减压病
纵膈精原细胞瘤	纵隔精原细胞瘤
记忆力减退	记忆减退	记忆力下降
肾衰	尿毒症	慢性肾功能不全	慢性肾功能衰竭	慢性肾衰竭	肾功能不全	肾功能衰竭	肾衰竭
早泄	射精快	性生活时间短
阴部脓肿	外阴脓肿	外阴部脓肿
左肺下叶纵膈旁占位病变	左肺下叶纵隔旁占位病变
阴茎癌	阴茎恶性肿瘤
阴囊炎性癌	阴囊湿疹样癌
晶状体浑浊	晶体浑浊
红眼病	急性流行性出血性结膜炎	急性结膜炎	流行性出血性结膜炎
双侧附件	双侧附件区
青年上肢远端肌萎缩	平山病
唇癌	唇恶性肿瘤
尿瘤	尿道肿瘤
盆腔包块	盆腔肿块
遗精	滑精
足部酸	脚酸
鼻	鼻部
面部红肿	头面部红肿	脸部红肿	面部皮肤红肿	颜面部红肿
儿童急性良性肌炎	病毒性肌炎
子宫收缩	收缩子宫
肢体麻木	上下肢麻木	四肢发麻	四肢麻木	手脚麻木	手足麻木	肢体发麻
氟牙症	氟斑牙
金黄色葡萄球菌肺炎	急性肺炎	肺感染	肺炎	肺部感染
II型糖尿病	2型糖尿病
食道炎	食管炎
急性淋巴细胞性白血病	急性淋巴细胞白血病
换气过度综合征	过度换气综合征	过度通气综合征	高通气综合征
阴部疱疹	会阴疱疹	外阴水泡	外阴疱疹
腹膜淋巴结	腹膜后淋巴结炎
胸背部疼痛	胸背疼痛	胸背痛	胸背部疼痛症	胸背部痛
睾丸疼痛	两侧睾丸疼痛	双侧睾丸疼痛	双侧阴囊疼痛	右侧睾丸疼	右睾丸疼	左侧睾丸疼	睾丸痛	睾丸肿痛	睾丸胀痛	阴囊疼	阴囊疼痛	阴囊胀痛	阴囊部疼痛	阴囊部胀痛
眼角痒	眼角瘙痒
肱骨外科颈骨折	肱骨外髁颈骨折
斜视	内斜视	对眼
陶瓷样胆囊	瓷胆囊
纵膈肉芽肿性质待查	纵隔肉芽肿性质待查
埃布斯坦综合征	三尖瓣下移畸形
马凡氏综合征	马方综合征
中腹部疼痛	中腹疼痛
心律	律
疣状胃炎	慢性糜烂性胃炎	糜烂性胃炎
牙龈退缩	牙周萎缩	牙龈萎缩	齿龈萎缩
纵膈异常	纵隔异常
脑底异常血管网病	Moyamoya病	烟雾病
春季结膜炎	春季卡他性结膜炎
周围性面神经麻痹	周围性面瘫	特发性面神经麻痹	面瘫	面神经炎	面神经麻痹
眼结膜炎	结膜炎
中下腹疼痛	中下腹部疼痛
幽门螺杆菌	幽门螺旋菌
谷氨酰转肽酶	GGT
单纯性疱疹	单纯疱疹	单纯疱疹病毒感染
沙门氏菌性肠炎	沙门菌肠炎
尘肺病	尘肺	石棉肺	矽肺	硅肺	肺尘埃沉着病
瑞氏综合症	瑞氏综合征
鼻黏膜红肿	鼻粘膜红肿
上纵膈内肿大淋巴结	上纵隔内肿大淋巴结
腹型肥胖	腹部肥胖
浆细胞乳腺炎	乳管扩张症	浆细胞性乳腺炎
腰骶酸痛	腰骶部酸痛
口咽发干	嗓子发干
不稳定性心绞痛	不稳定型心绞痛	不稳定心绞痛
吞咽疼痛	吞咽痛
酸碱度	PH
头皮瘢痕	头部瘢痕
子宫纤维瘤	多发子宫肌瘤	多发性子宫肌瘤	子宫平滑肌瘤	子宫肌瘤	子宫肿瘤	子宫良性肿瘤
纵膈淋巴结增大	纵隔淋巴结增大
先天梅毒	先天性梅毒
桡骨头半脱位	桡骨头脱位	桡骨脱位
紫癜性扁平苔藓	金黄色苔藓
急性单纯性胃炎	急性胃炎
胃十二指肠溃疡大出血	溃疡病出血
肢体畸形	上下肢畸形
支气管舒张剂	支气管扩张剂
甲状腺肿物	双侧甲状腺肿块	双侧甲状腺肿物	甲状腺包块	甲状腺肿	甲状腺肿块
强直性脊柱炎	强直性脊椎炎	类风湿性脊椎炎
皮肤湿冷	全身皮肤湿冷
儿童抽动障碍	抽动障碍
肛门闭锁	先天性肛门闭锁
闭塞性动脉硬化	下肢动脉硬化闭塞症	动脉硬化闭塞症	闭塞性动脉粥样硬化
聚合性痤疮	聚会性痤疮
脓耳	慢性化脓性中耳炎
无虹膜	先天性无虹膜
面颊	面颊部
行走困难	行动困难
关节脱位	脱臼
舌部疼痛	舌头疼	舌头疼痛
小腿疼痛	小腿疼	小腿痛	小腿肌肉疼痛	小腿肌肉酸痛	小腿胀痛	小腿部疼痛	小腿酸痛
多疑	敏感多疑
口腔糜烂	口腔粘膜糜烂	口腔黏膜糜烂
创伤性关节炎	外伤性关节炎
丁肝	丁型病毒性肝炎
四肢发冷	四肢不温	四肢湿冷	浑身发冷	肢体发凉	身体发冷
乳头瘙痒	乳头发痒	乳头痒
嗅觉障碍	嗅觉下降	嗅觉丧失	嗅觉减退
甲亢	Graves病	甲亢病	甲状腺亢进	甲状腺功能亢进	甲状腺功能亢进症
眼胀	眼睛发胀	眼部发胀
黄褐斑	咖啡斑	面部咖啡斑	面部黄褐斑
海蜇皮炎	水母皮炎
臀部疼痛	臀疼痛	臀痛	臀部痛	臀部酸痛
眼睑皮脂腺癌	睑板腺癌
婴幼儿湿疹	婴儿湿疹	小儿湿疹
原发性急性闭角型青光眼	急性闭角型青光眼	急性闭角性青光眼
胎儿生长受限	宫内生长受限
肝郁气滞证	肝气郁滞证
思维迟缓	思维迟钝
急性心衰	急性心功能衰竭
缺铁性贫血	营养性缺铁性贫血
产后抑郁症	产后抑郁
子宫内膜异位	子宫内膜异位症	子宫异位	盆腔子宫内膜异位症
无痛性心肌梗死	无痛性心梗
下肢疼痛	下肢痛	下肢肿痛	双下肢疼痛	双下肢疼痛症	双侧下肢疼痛	双侧下肢疼痛症	双侧下肢痛	双侧大腿疼痛	双大腿疼痛	双腿疼痛	双腿部疼痛	大腿内侧疼	大腿疼	大腿疼痛	大腿部疼痛	小腿肚疼痛	腿疼	腿疼痛	腿痛	腿部疼痛
心率	HR
眼睑痉挛	双眼睑痉挛	眼皮跳
第3腰椎横突过长畸形	第三腰椎横突综合征	腰三横突综合征
胸部不适	胸不适
结节性多发性动脉炎	结节性多动脉炎
左心房	左房
新生儿先天性胆道闭锁	先天性胆道闭锁	胆道闭锁
阳痿	勃起困难	阳萎	阴茎萎缩
偏执性精神病	偏执状态
钩虫感染	钩虫病
嗳气	呃逆	呃逆症	打嗝	暖气	顽固性呃逆
面部畸形	头面部畸形	颜面部畸形
夜啼	夜间哭闹
喉水肿	喉部水肿
肠痈	急性阑尾炎	盲肠炎	阑尾炎
面部痉挛	面肌抽搐	面肌痉挛
排尿不尽	尿不净	尿不尽	尿后滴沥	尿滴沥
消瘦	体型消瘦	体重消瘦	四肢逐渐消瘦	形体消瘦	身体消瘦	进行性消瘦	逐渐消瘦
前庭大腺囊肿	巴氏腺囊肿
前列腺痛	前列腺疼痛
高血钾	高钾血症
老年性瘙痒症	老年性皮肤瘙痒症
腰椎骨质增生	腰椎增生
肝内胆管结石	肝内结石	肝胆管结石
美尼尔氏综合症	内耳眩晕症	梅尼埃病	梅尼埃综合征	美尼尔氏病	美尼尔病	美尼尔综合征	美尼尔综合症
病毒性感染	病毒感染
全身疼痛	浑身痛
心脏内粘液瘤	心脏粘液瘤	心脏黏液瘤
纵膈腹膜后占位	纵隔腹膜后占位
反流	胃反流	胃食管反流	食道返流
抑郁	失眠抑郁	忧虑	抑郁焦虑	焦虑	焦虑抑郁	精神忧虑	精神抑郁
肢体强直	双下肢强直
半卵圆中心区	半卵圆中心
下肢深静脉血栓形成	下肢深静脉血栓
左纵膈囊肿切除术	左纵隔囊肿切除术
隐匿性肾小球肾炎	隐匿性肾炎
暂时性滑膜炎	一过性滑膜炎
胃肠道淤血	消化道淤血	肠管淤血
左侧纵膈小细胞肺癌	左侧纵隔小细胞肺癌
继发性肺结核	继发型肺结核
胆管结石	胆道结石	胆道结石病
肝脾	肝脾区
右上腹不适	右上腹部不适
子宫脱垂症	子宫脱垂
纵膈子宫肌瘤	纵隔子宫肌瘤
维生素A缺乏症	夜盲症
左肩牵涉痛	左肩部牵涉痛
疖病	疖
手足发冷	手脚冰冷	手脚冰凉	手脚发凉
新生儿胆红素脑病	新生儿脑病	核黄疸
纵膈CT平扫	纵隔CT平扫
阻塞性肺气肿	慢性阻塞性肺气肿	肺胀
催乳素瘤	泌乳素瘤
房室传导阻滞	房室阻滞
孕期	孕早期
纵膈电切术	纵隔电切术
皮肤恶性肿瘤	皮肤癌
纵膈淋巴结活检	纵隔淋巴结活检
间歇性跛行	间歇跛行
溃疡性口腔炎	溃疡性口炎
黄斑部水肿	黄斑区水肿
鼻干	口鼻干燥	鼻粘膜干燥	鼻腔干燥
纵膈占位	纵隔占位
胸闷	胸口憋闷	胸闷不适	胸闷痛
颅内肿瘤	脑瘤	脑肿瘤
痉挛	上下肢抽搐	全身抽搐	全身搐搦	全身痉挛	全身肌肉痉挛	四肢四肢抽搐	四肢抽搐	四肢抽筋	四肢搐搦	四肢痉挛	四肢肢体抽搐	抽搐	抽筋	搐搦	肌肉抽动	肌肉抽搐	肌肉痉挛	肢体抽搐	肢体搐搦	肢体痉挛	肢体肌肉抽搐	肢体肢体抽搐
锌缺乏症	锌缺乏
黄疸性肝炎	黄疸肝炎
鼻部肿胀	鼻肿胀	鼻腔肿胀
鼻疳	鼻前庭炎
瑞特综合征	反应性关节炎
肾上腺肿块	两侧肾上腺结节	双侧肾上腺结节	肾上腺结节
心脏性猝死	心源性猝死	心脏猝死
角膜病	角膜病变
唇结痂	口唇结痂
纵膈占位性病变	纵隔占位性病变
阻生牙	阻生齿
神志不清	神志模糊
阴道干燥	会阴干燥	阴道干涩
手部皲裂	手皲裂
支气管结核	支气管内膜结核
侧脑室体旁	侧脑室旁
抽动-秽语综合征	儿童抽动症	多动秽语综合征	小儿抽动症	抽动秽语综合征
鸡皮病	毛周角化症
色素痣	痣细胞痣	黑素细胞痣
室上性心动过速	室上心动过速	室上性阵发性心动过速	阵发性室上心动过速	阵发性室上性心动过速
尿路损伤	尿道损伤
脊柱畸形症	脊柱畸形
颈部肿块	颈部肿物
坏血病	脓毒症	脓毒血症	菌血症	败血症
白蛋白	ALB
隐脑	新型隐球菌性脑膜炎	新型隐球菌脑膜炎
口吐白沫	口吐泡沫
面部麻木	头面部麻木	脸部麻木	脸麻木	面部皮肤麻木	面颊部麻木	面颊麻木	颜面部麻木	颜面麻木
纵膈恶性精原细胞瘤	纵隔恶性精原细胞瘤
纵膈脓肿穿刺置管引流术	纵隔脓肿穿刺置管引流术
血证	血病
脐周疼痛	肚脐周围疼痛
右侧肋骨疼痛	右侧肋骨痛
小儿再生障碍性贫血	再生障碍性贫血	再生障碍贫血	再障
狼疮性肾炎	狼疮肾	狼疮肾炎	系统性红斑狼疮性肾炎	系统性红斑狼疮肾炎	红斑狼疮性肾炎
臭汗	臭汗症
滑膜软骨瘤病	滑膜骨软骨瘤病
原发性视网膜脱离	视网膜剥离	视网膜脱离	视网膜脱落
口底蜂窝组织炎	口底多间隙感染
海洋性贫血	地中海贫血
左心室流出道	左室流出道
不规则阴道流血	不规则阴道出血	阴道不规则出血
反应性组织细胞增生症	噬血细胞综合征
幼儿急疹	婴幼儿急疹
胃肠间质瘤	胃肠道间质瘤
感染	感染症
胫骨平台骨折	胫骨髁骨折
纵膈脂肪肉瘤切除术	纵隔脂肪肉瘤切除术
肌阵挛	四肢阵挛	肢体阵挛	阵挛
茎突过长症	茎突综合征	茎突过长
粘液腺囊肿	粘液囊肿
手足痉挛	手足抽搐	手足搐搦
颜面发绀	头面部发绀	头面部紫绀	脸部发紫	脸部发绀	面色青紫	面部发紫	面部发绀	面部紫绀	颜面紫绀	颜面部发绀	颜面部紫绀
单纯性肥胖	单纯性肥胖症	肥胖病	肥胖症
萎缩性阴道炎	老年性阴道炎
胎盘早期剥离	胎盘早剥
脐部疼痛	脐部疼痛症
腹腔室隔综合征	腹腔间隔室综合征
额部疼痛	额头疼痛
后颈部酸痛	颈部酸痛
耳	耳部
视神经瘤	视神经胶质瘤
膀胱炎症	膀胱炎
肾周炎	肾周围炎
颈部瘢痕	颈瘢痕
肺分离	肺隔离症	隔离肺
艾滋病	AIDS	获得性免疫缺陷综合征
纵膈淋巴结淋巴结转移	纵隔淋巴结淋巴结转移
双侧颈	双侧颈部	双颈
死精症	死精子症
失神	失神发作
脱屑	干燥脱屑	皮肤干燥脱屑	皮肤脱屑
双侧额	两侧额部	双侧额部
腰膝酸痛	腰腿酸痛
肝脏肿块	肝区肿块	肝肿块
咽后脓肿	冷脓肿
帕金森综合症	帕金森	帕金森氏症	帕金森氏综合征	帕金森病	帕金森症	帕金森综合征	震颤麻痹
镜下血尿	尿潜血
麻痹性痴呆	梅毒性脑膜脑炎
髋部	髋关节
角膜水肿	眼角膜水肿
多毛	毛发增多
咽部充血	咽充血	咽喉部充血
重症胰腺炎	急性重症胰腺炎
偏食	挑食
椎-基底动脉盗血综合征	锁骨下动脉盗血综合征	锁骨下动脉窃血综合征
单纯肾异位	异位肾
末端回肠	回肠末端
卵巢炎	输卵管炎
淋巴结肿胀	淋巴肿胀
下纵膈肿块	下纵隔肿块
糖尿病足	糖尿病足病
睾丸隐痛	双侧睾丸隐痛	双侧阴囊隐痛	阴囊隐痛
急性颈椎间盘突出症	颈椎椎间盘突出症	颈椎间盘突出
酒糟鼻	玫瑰痤疮	酒渣鼻
紫纹	皮肤紫纹
构音障碍	构音不清	言语不清
颈椎管狭窄症	颈椎椎管狭窄	颈椎管狭窄
肩	肩部
皮脂腺腺瘤	皮脂腺瘤
纵膈内占位性病变	纵隔内占位性病变
恶核	恶性组织细胞病
睑板腺囊肿	霰粒肿
晒伤	日光性皮炎	日晒伤	晒斑
儿童性早熟	性早熟
皮肤苍白	全身皮肤苍白
视盘炎	视神经乳头炎
皮肤癣菌感染	皮肤癣
巩膜黄染	皮肤巩膜黄染	眼睛黄
腰膝酸软	腰部发胀	腰部酸胀	腰部酸胀痛	腰酸	腰酸胀
纵膈占位切除术	纵隔占位切除术
肾石	肾石症	肾结石	肾结石病	肾脏结石
年龄相关性白内障	老年性白内障	老年白内障
更年期综合症	变应性鼻炎	围绝经期综合征	女性更年期综合征	更年期综合征	绝经期综合征	过敏性鼻炎
下肢	腿
纵膈结节待查	纵隔结节待查
脑动脉狭窄	脑血管狭窄
十二指肠腺癌	十二指肠癌
小腿痉挛	小腿肌肉抽搐
垂直压缩性骨折	椎体爆裂骨折
军团病肺炎	军团病	军团菌感染
肘外翻	肘外翻畸形
肩部肿胀	肩关节肿胀
盆腔腹膜炎	弥漫性腹膜炎
wilson病	肝豆状核变性
头皮红斑	头部红斑
头部肿胀	头肿胀
多发性软骨瘤	内生软骨瘤病
皮肤黏膜	皮肤及粘膜	皮肤粘膜
皮肤出血	全身皮肤出血
子宫内膜炎症	子宫内膜炎	子宫炎
持续性房颤	慢性房颤
纵膈内低回声	纵隔内低回声
肺	肺部
溶血尿毒综合征	溶血性尿毒症综合征
纵膈淋巴结转移	纵隔淋巴结转移
新生儿肝炎综合征	婴儿肝炎综合征	新生儿肝炎
盆底痉挛综合症	盆底痉挛综合征
隐匿型阴茎	隐匿性阴茎	隐匿阴茎
流泪	泪溢	流眼泪	溢泪
输血并发症	输血不良反应	输血反应
散光	近视散光
小便	小便次数
神经官能症	疑病症	神经症
躯干皮疹	躯干部皮疹
急性出血性肠炎	急性坏死性肠炎
食管纵膈瘘	食管纵隔瘘
头皮疼痛	头皮疼
肠系膜脂肪炎	肠系膜脂膜炎
寒战	寒颤
足跟麻木	脚跟麻木
会阴结节	会阴部结节
甲状旁腺功能亢进	原发性甲状旁腺功能亢进症	甲旁亢	甲状旁腺功能亢进症	甲状旁腺机能亢进
外阴瘙痒	会阴瘙痒	会阴部瘙痒	外阴痒	外阴部瘙痒	生殖器瘙痒	阴痒	阴部瘙痒
排尿无力	小便无力	尿无力
下肢肌萎缩	大腿肌萎缩
进行性脊肌萎缩症	脊肌萎缩症	脊髓性肌萎缩
细菌性关节炎	化脓性关节炎
肾动脉栓塞	肾动脉血栓形成
面颊水肿	面颊部水肿
乳腺囊性增生	乳痛症	乳腺增生	乳腺增生病	乳腺增生症	小叶增生	纤维囊性乳腺病
小儿热性惊厥	热性惊厥
自发性细菌性腹膜炎	原发性腹膜炎	自发性腹膜炎
卓－艾氏综合征	胃泌素瘤
肠息肉	肠息肉病	肠道息肉
吸烟	抽烟	烟
进食呛咳	饮食呛咳
肠鸣	肠鸣音亢进	腹鸣
右侧纵膈占位	右侧纵隔占位
午后低热	下午低热
匐行性角膜溃疡	前房积脓性角膜溃疡
肠梗塞	急性肠梗阻	肠梗阻
肝外胆管	肝外胆道
吐酸水	呕吐酸水
门静脉高压	门脉高压	门脉高压症	门静脉高压症
胆道梗阻	胆管梗阻
小儿房间隔缺损	房缺	房间隔缺损
高脂血症	甘油三酯高	血脂偏高	血脂高
先天性泪囊炎	先天性鼻泪管阻塞	新生儿泪囊炎
加速性室性逸搏心律	非阵发性室性心动过速
谷草转氨酶	AST
畸形性骨炎	paget病
肝脏肿瘤	肝区肿瘤	肝肿瘤	肝部肿瘤
舌红	舌质红
外阴白斑	外阴白色病变	外阴营养不良
脑膜炎球菌性脑膜炎	流脑	流行性脑膜炎
乳腺癌	乳癌
皮质醇症	Cushing综合征	库欣综合征	皮质醇增多症
过敏性紫癜	紫癜病
皮肤发热	发热
尿道口红肿	尿道外口红肿
急性酒精中毒	酒精中毒
免疫力低下	免疫力下降
类癌综合征	类癌
纵膈穿刺活检术	纵隔穿刺活检术
阴道流血	不规则出血	同房出血	同房后出血	少量阴道出血	性交出血	性生活出血	性生活后出血	阴道不规则流血	阴道出血	阴道口出血	阴道少量出血	阴道有血
下腹坠胀	下腹坠胀不适	下腹部坠胀	下腹部坠胀不适	小腹坠胀
内出血	内脏出血
弹响	关节弹响
皮下淤血	皮下瘀血
内分泌紊乱	内分泌失调	内分泌病
透明细胞软骨肉瘤	透明细胞肉瘤
上纵膈肿物	上纵隔肿物
纵膈畸胎瘤	纵隔畸胎瘤
肺棘球蚴病	肺包虫病
淋巴癌	恶性淋巴瘤	淋巴瘤
足底筋膜炎	足筋膜炎	足背筋膜炎
淋巴囊肿	囊性淋巴管瘤
纵膈淋巴瘤	纵隔淋巴瘤
跖管综合征	跗管综合征	踝管综合征
脊柱痛	脊柱疼痛	脊椎疼痛
脱髓鞘病	脱髓鞘疾病
草梅舌	草莓舌
恐惧症	恐怖性焦虑障碍	恐怖症
急性痛风性关节炎	痛风性关节炎
宫颈鳞状细胞癌	子宫颈鳞癌	宫颈细胞	宫颈鳞癌
脑胶质瘤	脑胶质细胞瘤
遗传性球形细胞增多症	遗传性球形红细胞增多症
腔隙性脑梗死	腔隙性脑梗塞
手部红斑	手红斑
肺炎链球菌性肺炎	大叶性肺炎	大叶肺炎
精神分裂症	精神疾病	精神病
糖尿病神经病	糖尿病神经病变
臀位难产	臀先露
面肌痉挛	脸部抽搐	面部抽搐	面部痉挛	面部肌肉抽动	面部肌肉抽搐	颜面部抽搐
右侧纵膈神经母细胞瘤术后	右侧纵隔神经母细胞瘤术后
口腔颌面部肿胀	颌面肿胀	颌面部肿胀
自汗	汗证
颊部皮疹	面颊部皮疹	颊面部皮疹
化脓性胸膜炎	脓胸
消化不良	胃不好
白血病	血癌
腹股沟	腹股沟区
右上腹剧痛	右上腹部剧痛
胫骨结节骨软骨病	胫骨结节骨软骨炎	胫骨结节骨骺炎	骨软骨炎
肾性高血压	肾血管性高血压
绝经后骨质疏松症	绝经后骨质疏松
白带色黄	白带发黄
严重呕吐	呕吐严重	恶性呕吐
食源性疾病	食物中毒
子宫内膜增厚	子宫内膜增生	子宫内膜增生症
慢性扁桃体炎	乳蛾
右腹部肿块	右腹肿块
白带增多	白带多	白带过多	阴道分泌物增多	阴道分泌物多
乙酰胆碱性荨麻疹	胆碱能性荨麻疹
活动障碍	活动困难
二尖瓣脱垂综合症	二尖瓣脱垂	二尖瓣脱垂综合征
牙根尖周炎	急性根尖周炎	根尖周炎
癫痫	癫痫病	癫痫症	神经病
宫颈糜烂	子宫颈糜烂
上纵膈淋巴结肿大待查	上纵隔淋巴结肿大待查
阴虱	阴虱病
法洛四联症	法乐四联症	法乐氏四联症	法洛四联征	法洛氏四联症
肢体	四肢
肋间神经痛	肋间神经炎
脓肾	肾积脓
慢性肥厚性咽炎	慢性咽喉炎	慢性咽炎	梅核气
下颌部	下颌
外伤性脑水肿	外伤性脑积水
颈部僵硬	脖子僵硬	颈僵硬
纵膈鳞癌术后	纵隔鳞癌术后
脑损伤	开放性颅脑损伤	颅脑损伤
郎-奥韦综合征	遗传性出血性毛细血管扩张症
眼球破裂伤	眼球破裂
面部发热	发热	脸部发热	面发热
喉梗阻	喉阻塞
小儿脊柱裂	先天性脊柱裂
纵膈肿大原因待查	纵隔肿大原因待查
面部肌肉无力	面部乏力	面部无力	颜乏力	颜面部乏力
意识障碍	意识不清	意识丧失	意识模糊	神志恍惚	突然意识丧失
焦虑	心情焦虑	情绪焦虑	焦虑情绪	精神焦虑
不安腿综合症	不宁腿综合征	不安腿	不安腿综合征
急性喉炎	急性感染性喉炎
肋骨痛	肋疼	肋疼痛	肋痛	肋骨疼痛
单纯型流感	流感	流行性感冒
血栓静脉炎	血栓性浅静脉炎
包皮红肿	尿道口周围红肿
尿潴留	急性尿潴留
肛周肿胀	肛门周围肿胀
注意力不集中	注意力下降	注意力涣散
心前区不适	胸口不适
纵膈肿大淋巴结	纵隔肿大淋巴结
肺部真菌感染	肺真菌感染
鼻咽部肿胀	鼻咽肿胀
毒性肝炎	病毒性肝炎
上睑下垂	上眼睑下垂	双侧眼睑上睑下垂	眼睑下垂
头皮鳞屑	头部鳞屑
丝状角膜病变	丝状角膜炎
亚急性非化脓性甲状腺炎	产后甲状腺炎	无痛性甲状腺炎
纵膈淋巴结代谢增高	纵隔淋巴结代谢增高
瘙痒	全身刺痒	全身痒	全身痒感	全身瘙痒	全身皮肤发痒	全身皮肤瘙痒	全身皮肤骚痒	刺痒	浑身瘙痒	痒感	皮肤发痒	皮肤搔痒	皮肤痒	皮肤痒感	皮肤瘙痒	皮肤骚痒	身上瘙痒	身体瘙痒
吞咽困难	吞咽障碍	咽下困难
纵膈气肿查因	纵隔气肿查因
颈椎骨折伴脱位的损伤	颈椎骨折脱位
阴茎纤维瘤病	阴茎硬结症
双乳	双乳房	双侧乳房
腰腹酸痛	腰腹部酸痛
假性肠梗阻	功能性肠梗阻	麻痹性肠梗阻
韧带断裂	韧带撕裂
眼酸胀	眼睛酸	眼睛酸胀
渗出	渗液
舌苔厚腻	舌苔厚
系统性硬化症	硬皮病	系统性硬皮病
躯干部斑丘疹	躯干斑丘疹
夜惊	易惊醒
格林巴利综合征	吉兰-巴雷综合征	急性炎症性脱髓鞘性多发性神经病	格林-巴利综合征
上纵膈软组织肿块	上纵隔软组织肿块
钱币状掌跖角化病	掌跖角化症
易疲劳	容易疲劳	易疲倦
神经胶质瘤	神经上皮肿瘤	神经外胚层肿瘤	胶质瘤	胶质细胞瘤
急性蜂窝组织炎	急性蜂窝织炎
溢脂性皮炎	脂溢性湿疹	脂溢性皮炎	面部脂溢性皮炎
脂溢性疣	基底细胞乳头状瘤	老年斑	老年疣	脂溢性角化病
血管网织细胞瘤	血管母细胞瘤
白线	膨胀纹
左心发育不良综合征	左心发育不良
急性左心衰竭	急性左心衰
尿频	夜尿增多	夜尿多	夜尿频多	小便次数增多	小便次数多	小便频数	小便频繁	排尿频繁
乳腺导管内乳头状瘤	乳腺乳头状瘤	导管内乳头状瘤
视网膜中央静脉阻塞	视网膜静脉阻塞
纵膈淋巴结肿大待查	纵隔淋巴结肿大待查
性交痛	性交困难	性交疼痛
双侧瞳孔	两侧瞳孔	左右侧瞳孔
精神萎靡	神志萎靡	神疲乏力	精神不振	精神倦怠	精神差	精神萎靡不振	萎靡
躯干瘙痒	躯干皮肤瘙痒	躯干部瘙痒
胆管细胞癌	胆管癌
宫外孕	卵巢妊娠	异位妊娠	输卵管妊娠
肝内胆管细胞癌	肝内胆管癌
膜性肾小球肾炎	膜性肾病
纵膈结节	纵隔结节
幼年型类风湿性关节炎	幼年型类风湿关节炎
急性水肿型胰腺炎	急性水肿性胰腺炎
盆腔	盆腔内
手足发麻	脚麻	脚麻木	腿脚麻木	足部麻木	足麻木
面部出血	颜面部出血
肝区疼痛	肝区疼痛症	肝区痛	肝区胀痛	肝部疼痛
纵膈颈部淋巴结转移	纵隔颈部淋巴结转移
痨淋	膀胱结核
坏疽性脓皮症	坏疽性脓皮病
内翻性乳头状瘤	内翻乳头状瘤
继发青光眼	继发性青光眼
双下肢	双腿
上纵膈淋巴管瘤	上纵隔淋巴管瘤
肝脏外伤	肝损伤
骨髓腔	骨髓腔内
肺癌	原发性支气管肺癌	支气管肺癌	肺肿瘤	肺部肿瘤
面部肿块	头面部肿块	脸部肿块	面部结节
眼球穿透伤	眼球穿通伤
角膜基质炎	基质性角膜炎
多系统萎缩症	多系统萎缩
持续高热	高热不退
松果体区瘤	松果体区肿瘤	松果体生殖细胞瘤	松果体瘤	松果体肿瘤
生殖器疣	尖锐湿疣	病毒疣
变异型心绞痛	变异性心绞痛
眼眶	眼眶部
纵膈脊柱旁占位	纵隔脊柱旁占位
手指关节疼痛	手关节疼痛	手关节痛	手关节肿痛	手指关节痛	手部关节疼痛
泌尿生殖系支原体感染	生殖支原体感染
白癫风	白癜风
黄体功能不足	黄体功能不全
痛风和高尿酸血症	高尿酸症
周围神经炎	多发性神经炎	末梢神经炎	神经末梢炎
大汗	全身多汗	出大汗	四肢多汗	大汗淋漓
眼痒	眼部瘙痒
胰腺脑病综合征	胰性脑病
尿浊	小便混浊	尿浑浊	尿液浑浊	尿液混浊
呼吸	R
延迟性心因性反应	创伤后应激障碍
骨盆区域疼痛	盆骨疼痛
上纵膈气管憩室	上纵隔气管憩室
眼痛	眼球疼痛	眼球痛	眼球胀痛	眼疼	眼疼痛	眼睑疼痛	眼睑部疼痛	眼睛刺痛	眼睛疼	眼睛疼痛	眼睛痛	眼睛胀痛	眼睛酸痛	眼肿痛	眼胀痛	眼部疼	眼部疼痛	眼部疼痛症	眼部痛	眼部肿痛	眼部胀痛
外阴红斑	会阴红斑	外阴部红斑	阴部红斑
上纵膈肿瘤	上纵隔肿瘤
结肠息肉和息肉病	结肠息肉病
马蹄脚	马蹄足
纵膈内淋巴结转移	纵隔内淋巴结转移
组织细胞纤维瘤	纤维组织细胞瘤	非骨化性纤维瘤	骨纤维瘤
眼眶肿瘤	眶内肿瘤
原发性肺动脉高压	特发性肺动脉高压
上腹部疼痛	上腹疼	上腹疼痛	上腹部痛	上腹部隐痛	上腹隐痛
下肢运动障碍	双下肢运动障碍
面部浮肿	头面部水肿	头面部浮肿	头面部肿胀	脸肿胀	脸部水肿	脸部浮肿	脸部肿胀	面水肿	面部水肿	面部肿胀	颜面水肿	颜面浮肿	颜面肿胀	颜面部水肿	颜面部浮肿	颜面部肿胀
过敏性肺炎	外源性过敏性肺泡炎
短暂性脑缺血	一过性脑缺血	一过性脑缺血发作	短暂性脑缺血发作	短暂脑缺血	短暂脑缺血发作	缺血性脑血管病	脑缺血
肺衰	呼吸衰竭
虹膜炎	前葡萄膜炎	急性虹膜睫状体炎	虹膜睫状体炎
胃肠功能紊乱	胃肠功能障碍
痄腮	流腮	流行性腮腺炎	腮腺炎
男假两性畸形	男性假两性畸形
尿线细	尿流变细
肠道阿米巴病	阿米巴痢疾
手背肿胀	手背部肿胀
痴呆	智力下降	额颞痴呆
肠系膜上动脉综合征	十二指肠淤积症	肠系膜上动脉压迫综合征
外层渗出性视网膜病变	Coats病
喉烧伤	吸入性损伤
血管性头疼	血管性头痛
乳房萎缩	乳腺组织萎缩	乳腺萎缩
皮肤疱疹	全身皮肤水疱	全身皮肤疱疹
纵膈胸腺瘤	纵隔胸腺瘤
复发性风湿病	复发性风湿症
腋下多汗	腋部多汗
纵膈内淋巴结肿大	纵隔内淋巴结肿大
前置胎盘	胎盘前置
纵膈淋巴结肿原因待查	纵隔淋巴结肿原因待查
全身性红斑	全身红斑	全身红疹	全身起红斑	浑身红疹
网状青斑症	网状青斑
急性胃肠炎	急性肠胃炎	感染性腹泻
肺大疱	肺大泡
小儿先天性肾病综合征	先天性肾病综合征
休克型肺炎	重症肺炎
急性右侧心力衰竭	右心衰
巧克力囊肿	卵巢巧克力囊肿
胃痉挛	胃部痉挛
月经提前	经期提前
足底疼痛	脚掌疼痛
易出汗	出汗增多	出汗多	出汗较多	容易出汗
castleman病	巨大淋巴结增生
矫正型大动脉错位	矫正型大动脉转位	矫正性大动脉转位
小肠吸收不良综合症	小肠吸收不良综合征
癔球症	咽异感症
上纵膈占位性病变	上纵隔占位性病变
高血脂	高脂血症	高血脂症
乳房肿胀	乳房发胀	乳房胀	胸胀	胸部胀
纵膈淋巴结内转移	纵隔淋巴结内转移
脂溢性脱发	早秃
颈肩部不适	肩颈不适	肩颈部不适
下肢水肿	下肢浮肿	下肢肿胀	双下肢水肿	双下肢浮肿	双下肢肿胀	双侧下肢水肿	双侧下肢浮肿	双侧大腿肿胀	双侧大腿部肿胀	双腿浮肿	双腿肿胀	腿肿胀	腿胀	腿部水肿	腿部肿胀
横纹肌溶解综合征	横纹肌溶解	横纹肌溶解症	肌溶解	肌肉溶解
滴虫病	滴虫性阴道炎	滴虫阴道炎
鼻部疼痛	鼻子疼痛	鼻疼痛	鼻腔疼痛
中颅窝脑膜瘤	颅中窝脑膜瘤
足底麻木	脚掌麻木	足底部麻木
面部脓肿	面部皮肤脓肿
疼痛	全身性疼痛	全身疼	全身疼痛	全身疼痛症	浑身疼痛	疼痛症
生殖器肿块	会阴肿块	会阴部肿块	外阴肿块	外阴部肿块	阴道肿块
左肺上叶纵膈旁稍高密度	左肺上叶纵隔旁稍高密度
手足发热	发热	手心脚心发热	手脚发热
过敏性咳嗽	变异性哮喘	咳嗽变异型哮喘	咳嗽变异性哮喘	咳嗽性哮喘	过敏性支气管炎
毛细血管扩张	脸发红	脸潮红	脸红	脸部发红	脸部潮红	脸颊发红	面色潮红	面部潮红	面部皮肤潮红	颜面潮红	颜面部潮红	颜面部皮肤潮红
右腹隐痛	右腹部隐痛
尿道	尿路
慢性疲劳综合症	慢性疲劳综合征	疲劳综合征
脑梗死	急性脑梗	急性脑梗死	缺血性中风	缺血性卒中	缺血性脑卒中	脑梗	脑梗塞
呼吸道梗阻	气道梗阻
子宫糜烂	宫颈糜烂
鳞状毛囊角化	鳞状毛囊角化病
稀便	大便溏稀	大便稀溏	排稀便
眼睑炎	睑腺炎	针眼	麦粒肿
手足出汗	手脚出汗
糖皮质激素依赖性皮炎	激素依赖性皮炎
眼部水肿	目肿胀	眼水肿	眼浮肿	眼球肿胀	眼睛水肿	眼睛肿胀	眼肿胀	眼部浮肿	眼部肿胀
肺部肿块	肺肿块
肛门直肠瘘	肛瘘
急性化脓性甲状腺炎	急性甲状腺炎
花粉过敏性哮喘	花粉症
性疾病淋巴肉芽肿	腺病
输尿管黏膜	输尿管粘膜
舌部麻木	舌发麻	舌头发麻	舌头麻木
腕关节麻木	腕部麻木
子宫乏力	子宫收缩乏力
门齿	门牙
低血糖	低血糖症
结核性肠系膜淋巴结炎	肠系膜淋巴结结核
胃肠胀气	肠胀气	胀气
鼻咽癌	鼻癌
乳房胀痛	乳房刺痛	乳房疼	乳房疼痛	乳房痛	乳房肿痛	乳胀	乳腺疼痛	乳腺胀痛	双乳房疼痛	双乳疼痛	双侧乳房疼痛	经前乳房胀痛	胸部胀痛
头皮瘙痒	头皮痒	头部瘙痒	头部皮肤瘙痒
阴道黏膜	阴道粘膜
局部瘙痒	局部皮肤瘙痒
遗传性舞蹈病	亨廷顿病
下肢麻木	双下肢麻木	双侧下肢麻木	双腿麻木	大腿麻木	腿部麻木	腿麻	腿麻木
Murphy征	Murphy氏征	墨菲氏征	莫非氏征
下纵膈子宫切除术	下纵隔子宫切除术
心绞痛	心口痛	心痛	心脏疼痛	心脏痛
眼部异物感	眼异物感	眼球异物感	眼睛异物感
强直症	破伤风
左上腹隐痛	左上腹部隐痛
肱二头肌长头腱鞘炎	肱二头肌长头肌腱炎
潜伏梅毒	隐性梅毒
纵膈淋巴结肿	纵隔淋巴结肿
恶性肿瘤	癌症
淋菌性尿道炎	淋球菌感染	淋病
足跟骨刺	跟骨骨刺
苔薄白	舌苔白腻	苔白
肾内梗阻	梗阻性肾病
纵膈内淋巴结转移放疗后	纵隔内淋巴结转移放疗后
低热	低烧	发低热
气疝	疝	疝气
厌食症	神经性厌食	神经性厌食症
前列腺炎症	前列腺炎	前列腺精囊炎
钾	K
海绵肾	髓质海绵肾
纵膈恶性淋巴瘤	纵隔恶性淋巴瘤
卵巢囊肿蒂扭转	卵巢囊肿扭转	卵巢蒂扭转
纵膈占位待查	纵隔占位待查
右肺纵膈占位	右肺纵隔占位
钠	NA
下纵膈肿瘤	下纵隔肿瘤
前额疼痛	前额头痛	前额部头痛	前额部疼痛
纵膈内异常密度影	纵隔内异常密度影
接触感染	膈肌破裂
大肠癌	结直肠癌	结肠癌	肠癌
抽动	四肢抽动	肢体抽动
化脓	伤口发炎
乳房红肿	乳腺红肿
排气增多	排气多	肛门排气多
脊柱侧凸畸形	脊柱侧凸	脊柱侧弯
毛发脱落	全身毛发脱落	头发脱落
血液粘稠	血液粘稠度高
接触性皮炎	过敏性皮炎
风湿性心脏瓣膜病	二尖瓣狭窄	急性风湿性心脏病	风心病	风湿性二尖瓣狭窄	风湿性心瓣膜病	风湿性心脏病
皮下水肿	全身皮下水肿
原发性甲状腺功能减退	原发性甲减	原发性甲状腺功能减退症
颜面疱疹	头面水疱	头面部水疱	头面部疱疹	脸部疱疹	面部水疱	面部疱疹
黏膜	粘膜
卵巢黏液性肿瘤	卵巢粘液性肿瘤
口唇发白	嘴唇发白
肛门脓肿	肛周流脓	肛周脓肿
纵膈子宫手术	纵隔子宫手术
脑梗后遗症	中风后遗症
鞍上脑膜瘤	鞍结节脑膜瘤
肾癌	肾细胞癌
支原体性肺炎	支原体肺炎
全身皮疹	全身性皮疹	浑身皮疹
妄想症	妄想型精神分裂症
左侧纵膈囊肿	左侧纵隔囊肿
不育	不育症
口唇	唇
红斑	全身皮肤红斑	全身皮肤红疹	皮肤红斑	皮肤红疹	皮肤结节性红斑	红疹	结节性红斑	起红斑
眼睛酸胀	眼部酸胀	眼酸胀
发热	内热	发烧	发高烧	高烧	高热
红皮病型牛皮癣	红皮病型银屑病
颈肩痛	肩颈部疼痛	颈肩疼痛	颈肩部疼痛	颈肩部疼痛症	颈肩部痛
惊恐	惊恐发作
三高	三高症
肋骨	肋
纵膈内密度欠均	纵隔内密度欠均
咽喉部黏膜充血	咽喉黏膜充血
腹痛	肚子疼	肚子痛	肠绞痛	腹刺痛	腹疼	腹疼痛	腹疼痛症	腹绞痛	腹部刺痛	腹部剧痛	腹部疼	腹部疼痛	腹部疼痛症	腹部痛	腹部绞痛	腹部胀痛	腹部隐痛	腹隐痛
麻疹	小儿麻疹
虹膜新生血管形成	虹膜新生血管
出冷汗	全身冒冷汗	全身冷汗	全身出冷汗	全身虚汗	冒冷汗	冷汗	浑身冷汗	浑身出冷汗	浑身虚汗	虚汗
鳞屑	全身皮肤皮癣	全身皮肤鳞屑	白色鳞屑	皮癣
脉快	脉搏快	脉搏细速
诺卡菌病	放线菌病
全子宫纵膈电切术	全子宫纵隔电切术
脑血管畸形	脑部血管畸形
肢体瘫痪	全身瘫痪	浑身瘫痪
黏液便	粘液便
帕金森性痴呆	帕金森病性痴呆	帕金森病痴呆
月经频发	月经频繁
脑桥	桥脑
老年人慢性支气管炎	老年慢性支气管炎
特发性阻塞性细支气管炎伴机化性肺炎	隐源性机化性肺炎
残胃淋巴瘤	残胃癌
瘰疠	颈淋巴结结核
腋下疼痛	腋窝疼痛	腋窝部疼痛
脑外伤后综合症	脑外伤后综合征	脑震荡后综合征
高血压肾损害	肾病高血压	高血压性肾病	高血压肾病
排便习惯改变	大便习惯改变
扁平足	平底足	平足症
朗格罕细胞组织细胞增生症	勒-雪病	朗格汉斯组织细胞增多症	朗格汉斯细胞组织细胞增生症	组织细胞增生症
儿童癫痫	小儿癫痫
胰腺	胰
乳房发热	发热
新生儿自然出血症	新生儿出血病	新生儿出血症
胃肠道功能紊乱	功能性胃肠病	胃神经官能症	胃肠功能紊乱	胃肠神经官能症
咽部发炎	咽喉发炎
食管纵膈瘘置管术	食管纵隔瘘置管术
智力残疾	大脑发育不全	智力发育障碍	智力缺陷	精神发育迟滞	精神发育迟缓
假性尖锐湿疣	假性湿疣
呼吸加快	呼吸增快
亚急性联合变性	脊髓亚急性联合变性	脊髓变性	脊髓脊髓变性
耳廓假囊肿	耳廓软骨膜炎
胃肠痉挛	消化道痉挛	肠管痉挛	肠道痉挛	胃肠道痉挛
中枢神经系统出血	头部出血	脑血管出血	颅脑出血
腹痛下坠	腹部下坠
鼻充血	双侧鼻腔粘膜充血	鼻粘膜充血	鼻腔充血	鼻腔粘膜充血	鼻腔黏膜充血	鼻黏膜充血
先天性性腺发育不全	先天性卵巢发育不全	先天性卵巢发育不全综合征	特纳综合征
皮肤	皮肤表面	表皮
上颌窦后鼻孔息肉	上颌窦息肉
肾区疼痛	肾区痛	肾部疼痛
咽部结核	隐斜
呕吐	呕心呕吐
心室内传导阻滞	室内传导阻滞
面部出汗	出汗
乳腺湿疹样癌	乳房佩吉特病
纵膈先兆流产	纵隔先兆流产
纵膈肿瘤切除术	纵隔肿瘤切除术
完全性右束支传导阻滞	右束支传导阻滞	右束支完全传导阻滞
出血	全身出血
纵膈切除术	纵隔切除术
纵膈内渗出	纵隔内渗出
寻常型牛皮癣	寻常型银屑病	寻常性银屑病	牛皮癣	银屑病
视黄醇结合蛋白	RBP
面肌无力	面部肌肉无力
胃黏膜充血	胃粘膜充血
手指肿胀	手指关节肿胀	手指肿	手水肿	手肿	手肿胀	手胀	手部水肿	手部肿胀
声音嘶哑	嗓子哑	声嘶	声音沙哑	失音
下腹钝痛	下腹部钝痛
鼻咽部黏膜	鼻咽粘膜	鼻咽部粘膜
小眼球	眼球
坏死性淋巴结炎	病毒性淋巴结炎	组织细胞坏死性淋巴结炎
睡眠呼吸紊乱	睡眠呼吸暂停低通气综合征	睡眠呼吸暂停综合征	睡眠呼吸暂停综合症	阻塞性睡眠呼吸暂停低通气综合征	阻塞性睡眠呼吸暂停综合征	阻塞性睡眠呼吸暂停综合症	鼾症
单纯肾囊肿	单纯性肾囊肿
脊椎肿瘤	脊柱肿瘤
颈椎后纵韧带骨化症	颈椎后纵韧带骨化
腰椎压缩性骨折	压缩骨折	胸椎压缩性骨折	胸腰椎压缩性骨折	腰部压缩性骨折
肝脏转移性肿瘤	肝脏转移瘤	肝转移瘤
肠易激综合征	肠易激惹综合征	肠易激综合症	肠激惹综合征
头部脂溢性皮炎	头皮脂溢性皮炎
排尿困难	小便不利	小便不畅	小便不通	小便困难	排尿不畅	排尿费力	排尿障碍
脐部肿块	肚脐肿块
亮氨酸氨肽酶	LAP
纵膈内肿大淋巴结	纵隔内肿大淋巴结
心尖	心尖部
纵膈内积液	纵隔内积液
面部充血	颜面部充血
关节功能障碍	关节活动障碍	关节运动障碍	骨关节活动障碍
腹股沟滑动疝	滑疝
老年人脑血栓形成	脑栓塞	脑血栓	脑血栓形成
肠系膜上静脉血栓	肠系膜血栓
宫颈上皮内瘤变	CIN	宫颈上皮内瘤
皮肤充血	全身皮肤充血
食管	食道
常染色体显性遗传型多囊肾	成人型多囊肾
慢性细菌性痢疾	慢性痢疾
急性特发性心包炎	病毒性心包炎
纵膈颈部淋巴结肿大	纵隔颈部淋巴结肿大
散发性甲状腺肿	单纯性甲状腺肿	地方性甲状腺肿	甲状腺肿大
颈部	颈
海绵状血管畸形	颅内海绵状血管瘤	颅内血管瘤
纵膈肿瘤根治术	纵隔肿瘤根治术
咽部异物感	咽喉异物感	咽喉部异物感	咽异物感	咽部有异物感	喉咙异物感	嗓子异物感
淋巴导管	淋巴管
额部肿胀	额部水肿
盘状红斑	盘状红斑狼疮
盘源性腰疼	椎间盘源性腰痛
肾淀粉样变性	肾淀粉样变	肾脏淀粉样变性
慢性龈缘炎	边缘性龈炎
肌肉疼痛	全身肌肉疼痛	全身肌肉痛	全身肌肉酸痛	肌肉痛	肌肉酸痛	肢体肌肉疼痛
颅底陷入症	颅底凹陷症
慢性支气管炎	慢支	慢支炎	支气管炎	老慢支
动脉硬化	全身动脉硬化
病态窦房节综合征	病态窦房结综合征	病窦综合征
纵膈转移	纵隔转移
肺间质性疾病	间质性肺疾病	间质性肺病
头皮屑	头皮糠疹
须部假毛囊炎	须部假性毛囊炎
断耳疮	化脓性耳廓软骨膜炎
暴发性紫癜	出血性紫癜
纵膈囊性占位	纵隔囊性占位
前列腺疾病	前列腺病
纵膈淋巴结锁骨上淋巴结转移	纵隔淋巴结锁骨上淋巴结转移
食道纵膈瘘	食道纵隔瘘
痛风性肾病	尿酸性肾病	痛风肾
呼吸酸中毒	呼吸性酸中毒
鼻黏膜肿胀	鼻粘膜肿胀	鼻腔粘膜充血水肿	鼻黏膜水肿
呕血	吐出血	吐血
舌扁桃体肥大	扁桃体发炎	扁桃体炎	扁桃炎	扁桃腺炎
柯莱斯骨折	桡骨远端骨折
下腹剧烈疼痛	下腹部剧烈疼痛
虚弱	体质虚弱	身体虚弱
扳机指	狭窄性腱鞘炎
妊娠合并阑尾炎	妊娠期急性阑尾炎
膀胱葡萄状肉瘤	膀胱横纹肌肉瘤
肝间叶性错构瘤	肝脏错构瘤	肝错构瘤
烦躁	容易烦躁	心情烦躁	心烦	心烦意乱	心烦气躁	急躁	急躁易怒	性情急躁	情绪烦躁	易怒	易烦躁	烦燥	焦躁	焦躁不安	精神急躁	精神烦躁	脾气急躁
剧烈头痛	头痛剧烈
寻常性鱼鳞病	寻常型鱼鳞病
右心室流出道	右室流出道
室性过速	室性心动过速	室速	阵发性室性心动过速	非持续性室性心动过速
妊娠期内胆汁淤积症	妊娠期肝内胆汁淤积症	妊娠期肝内胆汁淤积综合征	胆汁淤积	胆汁淤积症
舌根部淋巴滤泡增生	舌根淋巴滤泡增生
脓疱	脓包	脓性分泌物	脓疱疹
晶状体后纤维增生症	早产儿视网膜病	早产儿视网膜病变
毛囊角化	毛发苔藓	毛囊角化病	毛囊角化症
干燥综合症	干燥综合征	舍格伦综合征
睾丸未降	睾丸下降不全
出疹	皮肤出疹
周围神经损害	周围神经损伤	外周神经损伤
肺结核病	肺结核
腮腺肿大	腮腺区肿大	腮腺区肿胀	腮腺肿胀
咽干	口咽干燥	咽喉干燥	咽部干燥	喉咙干	喉咙干燥	嗓子干
急性血行播散性肺结核	粟粒性肺结核
中枢神经系统白血病	脑膜白血病
咽炎	咽喉炎	喉炎
乳腺疾病	乳腺病
瘀斑	淤斑	淤青	皮肤淤青	皮肤瘀斑
胎儿先天性心脏病	先天性心脏病	先心	先心病
化学感受器瘤	颈静脉球瘤
小儿唐氏综合征	21-三体综合征	21三体	21三体综合征	先天愚型	唐氏综合征
面部瘢痕	头面部瘢痕	颜面瘢痕	颜面部瘢痕
宫颈囊肿症	宫颈囊肿
口臭	口气重	口腔内异味	口腔异味	口臭症
卵巢黄体囊肿破裂	卵巢破裂	黄体破裂
肢体僵硬	上下肢僵硬	全身僵硬
骨转移性恶性肿瘤	骨转移癌
盆腔炎症	盆腔炎
十二指肠黏膜	十二指肠粘膜
膝关节炎	膝关节骨性关节炎	膝骨性关节炎	骨性膝关节炎
自发性多汗症	多汗症
额颞部疼痛	两侧颞部疼痛	双侧颞部疼痛	颞部疼痛
间断脉冲噪音损伤	爆震性聋
肺心病	慢性肺心病	慢性肺源性心脏病	肺源性心脏病
痛经	月经痛	经期腹痛
传染性软疣	软疣
阴道滴虫病	阴道滴虫
舒张压高	低压高	舒张压偏高
食管烧灼感	食道烧灼感
膀胱三角区	膀胱三角
胎死宫内	死胎
糖尿病和高血压	糖尿病高血压
空腹血糖	空腹
黏膜白色海绵状痣	白色海绵状斑痣
阿米巴性肝脓肿	阿米巴肝脓肿
水样便	稀水便	稀水样便
神经管畸形	神经管缺陷
纵膈切除术后	纵隔切除术后
失语	失语症	言语障碍	语言功能障碍	语言障碍
发音障碍	发音困难
油风	斑秃	瘢痕性脱发
记忆障碍	健忘症	记忆力衰退	记忆力障碍
胰腺肿块	胰腺包块
沟纹舌	裂纹舌
先天性内翻足	先天性足内翻
伤寒	伤寒病
下肢皮疹	双下肢皮疹	大腿皮疹
晚期梅毒	三期梅毒
多发性一过性白点综合症	多发性一过性白点综合征
面部湿疹	头面部湿疹
染色体异常	染色体病
急性动脉栓塞	动脉栓塞
纵膈穿刺活检	纵隔穿刺活检
足部水肿	足水肿	足背水肿	足背浮肿
双分支阻滞	双束支阻滞
粒细胞减少症	中性粒细胞减少症
面部化脓	头面部脓疱	面部脓疱
大肠	结直肠
上肢疼痛	上肢疼	上臂疼痛	前臂疼痛	手臂疼痛	胳膊疼	胳膊疼痛	胳膊痛
低血压	低血压病
手腕腱鞘炎	腕部腱鞘囊肿
眼结膜	结膜
智齿冠周炎	智牙冠周炎
敏感性皮肤	敏感皮肤	皮肤过敏	皮肤过敏症
耳痛	左耳疼痛	耳朵疼痛	耳根部疼痛	耳疼痛	耳部疼痛	耳部疼痛症	耳部痛
左下肢疼痛	右腿疼	右腿疼痛	右腿痛	左腿疼	左腿疼痛	左腿痛
腰背部肿胀	背肿胀	背部肿胀	腰部肿胀
耳痒	外耳道痒感	外耳道瘙痒
胃黏膜萎缩	胃粘膜萎缩
结核性脑膜炎	结核性脑膜脑炎
多器官功能障碍	多系统器官功能衰竭	多脏器衰竭
心房纤颤	心房颤动	房颤
肠黏膜	肠粘膜	肠道粘膜
脚肿	脚水肿	脚肿胀	脚部水肿	脚部肿胀	足部浮肿	足部肿胀
尿道口瘙痒	尿道口痒	尿道瘙痒
关节痛	全身关节疼痛	全身关节疼痛症	全身关节痛	全身关节肿痛	全身关节酸痛	全身骨关节疼痛	关节内侧疼痛	关节疼	关节疼痛	关节疼痛症	关节肌肉疼痛	关节肿痛	关节胀痛	关节酸痛	双侧膝关节酸痛	肌肉关节疼痛	肌肉关节痛	膝关节关节疼	膝关节关节疼痛	膝关节关节肿痛	膝关节疼痛	膝关节痛	膝关节酸痛	膝部关节疼痛	骨关节疼痛	骨关节疼痛症	骨关节痛
乏力	乏力困倦	全身肌肉乏力	全身肌肉无力	周身乏力	困倦乏力	无力	肌无力	肌肉乏力	肌肉无力	肌肉肌无力
纵膈神经鞘瘤	纵隔神经鞘瘤
扩张型心肌病	扩张性心肌病
新生儿母乳性黄疸	母乳性黄疸
左肺上叶纵膈旁结节	左肺上叶纵隔旁结节
继发性癫痫	症状性癫痫
视乳头水肿	视神经乳头水肿
排便异常	大便异常
混合型耳聋	混合性耳聋
老年性血管瘤	樱桃状血管瘤
放射性食道炎	放射性食管炎
紫癜肾炎	血管性紫癜
唇病	剥脱性唇炎
面部出血点	头面部出血点	面部皮肤出血点	颜面部出血点
牙结石	牙石
小腿肿胀	小腿水肿
脊柱炎	脊椎炎
宫颈萎缩	子宫宫颈萎缩	子宫颈萎缩
腹腔	腹腔内
下肢无力	下肢乏力	下肢肌无力	双下肢乏力	双下肢无力	双下肢肌无力	双侧下肢乏力	双侧下肢无力	双腿乏力	双腿无力	腿乏力	腿无力	腿部乏力	腿部无力
毛发角化病	毛周角化病
脑组织缺氧	大脑缺氧	脑缺氧	脑部缺氧
右侧腰痛	右侧腰疼	右侧腰部疼痛	右侧腰部疼痛症	右腰疼痛	右腰痛	右腰部疼痛	右腰部疼痛症	右腰部痛
肾发育不全	先天性小肾	肾发育不良
心源性昏厥	心源性晕厥	阿斯综合征
非特异性阴道炎	细菌性阴道炎	细菌性阴道病
纵膈内多发钙化灶	纵隔内多发钙化灶
支气管纵膈瘘支架置入术	支气管纵隔瘘支架置入术
奇痒	剧痒
原发性心内膜弹力纤维增生症	心内膜硬化症
上腹压痛	上腹部压痛
皮损	皮肤损害
过敏性支气管肺曲霉病	变应性支气管肺曲霉病
面部红疹	颜面部红疹
阴囊瘙痒	阴囊部瘙痒
其他病毒肺炎	病毒性肺炎
幻听	听幻觉
热射病	中暑	日射病
主动脉窦动脉瘤破裂	主动脉窦瘤破裂	佛氏窦瘤破裂
急性呼吸窘迫综合征	ARDS	成人呼吸窘迫综合征
老年皮肤瘙痒症	老年瘙痒症
急性心脏病	急性肺原性心脏病
甲亢性心脏病	甲亢心	甲亢心脏病	甲状腺功能亢进性心脏病
双侧腹股沟	双侧腹股沟区
结肠憩室病	结肠憩室
裂孔疝	食管裂孔疝	食道裂孔疝
乙肝小三阳	乙型病毒性肝炎	乙型肝炎	乙型肝炎病毒感染	乙肝	慢性乙型病毒性肝炎	慢性乙肝
缺血性心肌病	心绞痛	缺血性心脏病
蜂蛰伤	蜂蜇伤
缺血缺氧性脑病	新生儿缺氧缺血性脑病	新生儿缺血缺氧性脑病	脑缺氧后遗症
肺门纵膈肿大淋巴结	肺门纵隔肿大淋巴结
大便	粪便
呼吸困难	呼吸不畅	呼吸受限	呼吸窘迫	呼吸费力
急性化脓性扁桃体炎	化脓性扁桃体炎
老年心源性休克	心源性休克
下腹痛	下腹刺痛	下腹剧痛	下腹疼	下腹疼痛	下腹胀痛	下腹部刺痛	下腹部剧痛	下腹部疼痛	下腹部疼痛症	下腹部痛	下腹部胀痛	下腹部隐痛	下腹隐痛	小腹疼	小腹疼痛	小腹痛	小腹胀痛	小腹部疼痛	小腹部隐痛	小腹隐痛
足背肿胀	足背部肿胀
萎缩性胃炎伴糜烂	出血性胃炎	出血糜烂性胃炎	应激性溃疡	急性出血性胃炎	急性糜烂性胃炎	急性胃溃疡	急性胃粘膜病变	急性胃黏膜病变
左上腹痛	左上腹疼痛	左上腹疼痛症	左上腹部疼痛	左上腹部痛
肝血管平滑肌脂肪瘤	肝脂肪瘤
肉样瘤病	结节病
舟骨骨折	腕舟骨骨折
膀胱颈	膀胱颈部
肢端	四肢末梢	四肢末端
步态不稳	走路不稳
小儿支气管肺炎	小儿肺炎	支气管肺炎
心脏瓣膜疾病	心脏瓣膜病
左肩疼痛	左肩部疼痛	左肩部疼痛症
近视眼	近视
肺鼠疫	鼠疫
纵膈淋巴结核	纵隔淋巴结核
肺动脉瓣闭锁不全	肺动脉瓣关闭不全
右上腹痛	右上腹疼	右上腹疼痛	右上腹疼痛症	右上腹部疼痛	右上腹部疼痛症	右上腹部痛	右上腹部隐痛	右上腹隐痛
脑瘫	脑性瘫痪
喉痈	扁桃体周围脓肿	扁桃体周脓肿
紫斑	皮肤紫斑
荨麻疹	过敏性荨麻疹
纵膈肿瘤活检术	纵隔肿瘤活检术
副肿瘤综合症	副肿瘤综合征
疣目	寻常疣
肺淋巴管平滑肌瘤	肺淋巴管平滑肌瘤病
味觉障碍	味觉减退
精神狂躁症	狂躁症
阴茎头炎	龟头炎
上纵膈结节	上纵隔结节
耳闷	耳堵	耳闷胀
习惯性髌骨脱位	髌骨脱位
原发性中枢神经系统淋巴瘤	小神经胶质细胞瘤
肝大	肝区肿大	肝肿大	肝脏肿大
肩胛部疼痛	肩胛区疼痛	肩胛骨疼痛
静脉血栓形成	深静脉血栓形成	静脉血栓
眼	目	眼部
膝关节僵硬	双侧膝关节僵硬	膝关节僵直
慢性阻塞性肺疾病	慢性阻塞性肺病	慢阻肺	肺气肿
睑结膜水肿	眼睑结膜水肿
纵膈内淋巴结增大	纵隔内淋巴结增大
肛周脓肿	肛门周围脓肿	肛门脓肿
右上腹压痛	右上腹部压痛
妊娠合并贫血	妊娠期贫血	孕期贫血
纵膈肿瘤淋巴瘤	纵隔肿瘤淋巴瘤
绝经期关节炎	慢性关节炎
腹酸痛	上腹部酸痛	腹部酸痛
踝关节扭伤	崴脚	脚踝扭伤	踝扭伤
手指抽动	手指抽搐
下子宫纵膈电切术	下子宫纵隔电切术
纵膈病变	纵隔病变
动脉粥样硬化	动脉硬化
额窦炎	慢性额窦炎
脑外伤	颅脑外伤
葡萄糖-6-磷酸脱氢酶缺乏症	红细胞葡萄糖-6-磷酸脱氢酶缺乏症
脓痰	咳脓痰	咳黄痰	浓痰	痰粘稠	脓性痰	黄痰
妊娠合并甲亢	甲亢合并妊娠
低碳酸血症	呼吸性碱中毒
腰腹隐痛	腰腹部隐痛
不规则发热	不规则热
躯体形式障碍	躯体化障碍
咽喉痛痒	咽部痒痛
左肾囊肿	右肾囊肿	肾囊肿
消化道黏膜	胃肠粘膜
非溃疡消化不良	功能性消化不良	消化不良
食物不耐受症	食物不耐受
胃恶性淋巴瘤	胃淋巴瘤
脑白质病变	脑白质病
皮肤瘙痒症	全身瘙痒症	瘙痒症
肝气犯胃	肝胃不和证
下腹部	下腹
广泛焦虑障碍	广泛性焦虑障碍
绒癌	绒毛膜癌
恶性甲状腺肿	甲状腺癌
酒精依赖症	慢性酒精中毒	酒精依赖
毛母质瘤	钙化上皮瘤
鼓膜穿孔	耳膜穿孔
增龄性黄斑变性	年龄相关性黄斑变性	老年性黄斑变性	老年黄斑变性
纵膈淋巴结肿大原因待查	纵隔淋巴结肿大原因待查
木村病	嗜酸性淋巴肉芽肿
颊部肿胀	脸颊肿胀	面颊肿胀	面颊部肿胀	颊面部肿胀
慢性肾小球性肾炎	慢性肾小球肾炎	慢性肾炎
曲菌病	曲霉病
前庭神经元炎	前庭神经炎
纵膈转移性鳞癌	纵隔转移性鳞癌
纵膈多处淋巴结肿大	纵隔多处淋巴结肿大
纵膈神经母细胞瘤术后	纵隔神经母细胞瘤术后
全身疲劳	疲乏
皮肤黄染	全身皮肤发黄	全身皮肤黄染	全身皮肤黄疸	皮肤变黄	皮肤黄	皮肤黄疸
小儿生长激素缺乏症	生长激素缺乏性侏儒症
瘭疽	化脓性指头炎	脓性指头炎
口腔黏膜	口腔粘膜
牙齿松动	牙松动
溢乳	乳头溢乳
口干	口唇干燥	口干渴	口干舌燥	口渴	口渴喜饮	口腔干燥	舌干燥
胆道畸形	胆管畸形
细菌性角膜溃疡	细菌性角膜炎
房内折返性心动过速	阵发性房性心动过速
干咳	刺激性咳嗽	咳嗽无痰	干咳嗽	干咳无痰	干性咳嗽
寻常性狼疮	寻常狼疮
直肠膨出	直肠前突	阴道后壁膨出
股骨	股骨头
婴幼儿腹泻	婴儿腹泻	小儿腹泻
纵膈恶性肿瘤	纵隔恶性肿瘤
尺桡骨骨折	尺桡骨双骨折
子宫后位	子宫后倾
左侧腹痛	左侧腹部疼	左腹疼痛	左腹痛	左腹部疼痛	左腹部痛
纵膈淋巴结切除术	纵隔淋巴结切除术
牙龈麻木	牙床麻木	齿龈麻木
挤压伤	挤压综合征
多发性肝囊肿	多发肝囊肿
暴发型肝炎	急性重型肝炎	急性重症肝炎	肝功能衰竭	肝衰竭	重型肝炎	重症肝炎
骨髓增生异常综合征	骨髓增生异常综合症
慢性纵隔炎	纵隔炎
纵膈清创	纵隔清创
骨痛	胸壁疼痛	胸壁疼痛症	骨疼痛	骨骼疼痛
上肢酸痛	上臂酸痛
肾上腺皮质机能减退	肾上腺皮质功能减低	肾上腺皮质功能减退	肾上腺皮质功能减退症	艾迪生病
口腔念珠菌病	新生儿鹅口疮
会阴部疼痛	下体疼痛	会阴疼痛	会阴痛	会阴部痛	外生殖器疼痛	外阴疼	外阴疼痛	外阴痛	外阴胀痛	外阴部疼痛	生殖器疼痛	阴道疼痛	阴道痛	阴部疼痛
秃发性毛囊炎	脱发性毛囊炎
脑血管瘤	脑动静脉畸形	脑血管畸形
纵膈畸胎瘤术后	纵隔畸胎瘤术后
神经膜瘤	神经纤维瘤
咽部脓肿	咽脓肿
下肢静脉	下肢深静脉
纵膈内高密度影	纵隔内高密度影
过敏性眼睑皮肤炎	眼睑湿疹
纵膈感染	纵隔感染
右纵膈神经母细胞瘤	右纵隔神经母细胞瘤
面部肥胖	颜面肥胖	颜面部肥胖
胃石	胃石症
紧张	心情紧张	情绪紧张	易紧张	精神易紧张	精神紧张	精神高度紧张	紧张情绪	紧张状态
血管坏死	坏死性血管炎
右上腹胀痛	右上腹部胀痛
上腹钝痛	上腹部钝痛	腹部钝痛
焦虑性神经症	惊恐症	焦虑症	焦虑障碍
饮酒	喝酒	酒	酗酒
老年人高血压危象	高血压危象
脉络膜黑色素瘤	脉络膜恶性黑色素瘤
小儿椎管内肿瘤	脊髓肿瘤
组织细胞样血管瘤	上皮样血管内皮瘤	上皮样血管内皮细胞瘤
强碱类中毒	强碱中毒
纵膈斑片	纵隔斑片
日光角化病	光化性角化病	日光性角化病
不张性中耳炎	粘连性中耳炎
牙髓坏死	牙髓炎
右下腹肿块	右下腹包块	右下腹部包块	右下腹部肿块
