授乳乳房的乳汁抽吸	哺乳期吸奶	99.98001
光动力学疗法	光动力治疗	99.88001
温热化疗术	热疗(用于癌症)	99.85003
低温(中枢)(局部)	体表物理降温	99.81001
神经保护药的使用	神经保护剂注射	99.75001
闭合性胸部心脏按摩	心外按压	99.63001
心室内除颤	电除颤	99.62001
注射或输注其他治疗性或预防性药物	肛周湿疹封闭	99.29005
膀胱灌注化疗	局部灌注治疗	99.25002
化疗药物灌注	局部灌注治疗	99.25002
自体免疫病的免疫接种	免疫血清注射	99.14001
注射Rh免疫球蛋白	变态反应免疫治疗	99.12001
肺动脉血栓溶解剂灌注	血栓溶解剂输入	99.10001
颈动脉血栓溶解剂灌注	血栓溶解剂输入	99.10001
脑动脉血栓溶解剂灌注	血栓溶解剂输入	99.10001
肾动脉血栓溶解剂灌注	血栓溶解剂输入	99.10001
股动脉置管溶栓术	下肢动脉导管溶栓	99.10003
血栓溶解药的注射或输注	血栓溶解剂输入	99.10001
输以前收集的自体血	自体血回输	99.02001
换血术	输血	99.03001
自体血液回输	自体血液回收	99.00001
胆囊体外冲击波碎石术	胆囊结石体外冲击波碎石	98.52001
输尿管体外冲击波碎石术	输尿管结石体外冲击波碎石	98.51004
膀胱体外冲击波碎石术	膀胱结石体外冲击波碎石	98.51001
肾体外冲击波碎石术	肾结石体外冲击波碎石	98.51002
阴囊或阴茎异物的不切开去除	阴囊异物去除	98.24002
尿道管内异物的不切开去除	尿道内异物去除	98.19001
子宫管腔内异物的不切开去除	子宫内异物去除	98.16001
气管镜气管异物取出术	(内镜下)(支)气管异物取出	98.15001
气管镜支气管异物取出术	支气管内异物去除	98.15002
非切开支气管异物取出术	支气管内异物去除	98.15002
非切开气管异物取出术	支气管内异物去除	98.15002
气管和支气管管腔内异物的不切开去除	(内镜下)(支)气管异物取出	98.15001
咽管腔内异物的不切开去除	咽内异物去除	98.13001
直肠异物的不切开去除	直肠内异物去除	98.05002
食管镜食管异物取出术	内镜下食道内异物去除	98.02002
口腔异物取出术	口腔内异物去除	98.01001
去除其他治疗性装置	为肾透析的半永久静脉导管拔管	97.89004
宫腔支架取出术	阴道缝线去除	97.79001
宫颈管支架取出术	阴道缝线去除	97.79001
宫颈缝线去除	子宫颈缝线去除	97.79002
取出阴道或外阴填塞物	子宫内填塞物去除	97.72001
子宫内避孕器取出术	宫内避孕装置去除	97.71005
取出子宫内避孕装置	宫内避孕装置去除	97.71005
去除泌尿系统其他装置	前列腺支架去除	97.69005
肾盂造口导管取出术	肾盂造口导管去除	97.61001
内镜下食管支架取出术	食道扩张支架去除	97.59001
内镜下胆管支架取出术	胆管支架去除	97.55002
肝引流管取出术	胆管引流管去除	97.55004
胆管引流管取出术	胆管引流管去除	97.55004
内镜下空肠造瘘管取出术	鼻-胃管置换	97.01001
内镜下胃造瘘管取出术	胃造口导管去除	97.51001
心脏辅助装置去除	体外心脏辅助装置去除	97.44002
非手术性去除心脏辅助系统	体外心脏辅助装置去除	97.44002
去除纵隔引流物	纵隔引流管去除	97.42001
胸腔引流管取出术	胸腔引流管去除	97.41001
去除头和颈部其他治疗性装置	头部治疗性装置去除	97.39002
去除头和颈部缝线	头部缝线去除	97.38003
去除气管造口导管	气管插管去除	97.37001
去除眼假体	眼球假体去除	97.31001
气管造口导管的置换	气管插管置换	97.23001
胆囊引流管置换术	胆道引流管置换	97.05001
胆管支架置换术	胆道支架置换	97.05002
胆管引流管置换术	胆道引流管置换	97.05001
胆管或胰管内支架(管)的置换	胆道支架置换	97.05002
呼吸机治疗[小于96小时]	有创呼吸机治疗小于96小时	96.71001
胃肠内高营养	肠内高营养	96.6 001
浓缩营养物的肠内输注	肠内高营养	96.6 001
伤口的其他冲洗术	清洁伤口	96.59001
气管造口洗涤	清洁气管造口	96.55001
洁牙、牙磨光和除垢	洁牙	96.54001
耳冲洗术	外耳道冲洗	96.52002
其他留置的泌尿系导管冲洗术	导尿管冲洗	96.48001
输尿管造口和输尿管导管的冲洗术	输尿管导管冲洗	96.46002
胃造口或肠造口的冲洗	胃造口冲洗	96.36001
肛门括约肌扩张	肛门扩张	96.23001
阴道口手法扩张术	阴道扩张	96.16001
直肠导管置入	直肠导管插入	96.09001
主支气管支架置入术	气管支架置入术	96.05001
气管内插管	气管插管	96.04001
前庭功能热试验	临床前庭功能试验	95.44001
眼震电流描记图[ENG]	眼震图[ENG]	95.24001
眼运动检查	眼球运动检查	95.15001
眼荧光素血管造影	眼底血管荧光造影	95.12001
角膜曲率检查	视野检查	95.05001
角膜内皮镜检查	视力检查	95.09001
药物康复	药物康复疗法	94.64001
乙醇康复	酒精康复疗法	94.61001
其他团体治疗	集体心理治疗	94.44001
其他电休克治疗	电休克疗法[EST]	94.27002
职业康复	职业技能康复训练	93.85001
职业治疗	职业技能康复训练	93.85001
语言治疗	语言障碍训练	93.72001
食管说话训练	食管言语训练	93.73001
立体定向头部框架固定	头部立体定向框架应用	93.59005
颈支持物应用	颈托固定	93.52001
肢体的其他皮肤牵引	皮牵引	93.46001
跟骨牵引术	跟骨结节牵引	93.44010
尺骨牵引	髌骨牵引	93.44001
颈椎牵引术	脊柱牵引	93.42004
头颅骨盆环牵引术	颅骨牵引	93.41003
用颅骨装置的脊柱牵引	脊柱牵引	93.42004
手法和机械性牵引	肢体强迫性牵伸训练	93.25001
肌电描记法	肌电图	93.08002
钴-60放射治疗	钴-60放射外科治疗	92.32004
立体定向放射外科	立体定向放射外科治疗[SRS/单次立体定向放射治疗]	92.30001
肺放射性粒子置入术	放射性粒子置入放射治疗	92.27002
前列腺放射性粒子置入术	放射性粒子置入放射治疗	92.27002
肾扫描和放射性核素功能检查	肾核素扫描	92.03001
甲状腺扫描和放射性核素功能检查	甲状腺核素扫描	92.01001
全身体格检查	体格检查	89.7 001
全身动脉压监测	24小时血压监测	89.61001
Rigiscan检查	心脏电生理检查	89.59001
自行车测力计测定心血管应激功能	蹬车运动试验	89.43001
肺活量测定	肺功能测定	89.37001
结肠造口指检	肠造瘘口指检	89.33001
肠造口指检	肠造瘘口指检	89.33001
多导睡眠呼吸监测	气道激发试验	89.38002
睡眠监测	多导睡眠脑电图	89.17001
颈部血管核磁共振检查	颈部核磁共振检查	88.97004
核磁共振泌尿系造影(MRU)	骨盆核磁共振检查	88.95001
心脏磁共振检查	心肌核磁共振检查	88.92002
大脑和脑干的磁共振成像	头部核磁共振检查	88.91002
淋巴热像图	淋巴腺热影像图	88.89001
肢体血管超声检查	下肢血管超声检查	88.77001
膀胱超声检查	泌尿系超声检查	88.75001
肾超声检查	泌尿系超声检查	88.75001
主动脉弓超声检查	主动脉弓超声波检查	88.73006
胸的其他部位的诊断性超声	胸部超声检查	88.73003
心脏诊断性超声	心脏多普勒血流图	88.72004
甲状腺超声检查	颈部超声检查	88.71001
颈动脉多普勒氏超声检查	颈部超声检查	88.71001
髂静脉造影	髂外静脉造影	88.65005
卵巢静脉造影	腹内静脉造影	88.65002
用对比剂其他胸内静脉造影术	锁骨下静脉造影	88.63001
脑静脉造影	颈静脉造影	88.61001
盆腔动脉造影	腹腔动脉造影	88.47003
胃动脉造影	腹腔动脉造影	88.47003
肋间动脉造影	支气管动脉造影	88.44003
膈动脉造影	支气管动脉造影	88.44003
无名动脉造影	支气管动脉造影	88.44003
脑血管造影	脑动脉造影	88.41005
眼CT检查	眼部CT检查	88.38012
下肢的淋巴管造影图	下肢淋巴管造影	88.36001
腹部其他X线检查	腹部平片	88.19001
腹淋巴管造影图	腹部淋巴管造影	88.04001
胰腺CT检查	腹部CT检查	88.01001
肝脏CT检查	腹部CT检查	88.01001
泌尿系统的其他X线检查	尿路平片[KUB]	87.79001
静脉内肾盂造影图	静脉肾盂造影	87.73001
胆道T管造影	胆管造影	87.54001
经皮肝穿刺胆管造影	经皮肝胆管造影	87.51001
其他胸部X线检查	心脏X线检查	87.49001
肺CT检查	胸部CT检查	87.41001
脊髓造影	椎管造影	87.21002
椎间盘造影	椎管造影	87.21002
面部骨X线检查	下颌骨X线检查	87.16001
脑CT检查	头部CT检查	87.03001
皮肤扩张器植入术	皮肤扩张器置入术	86.93002
皮肤的电解和其他除毛术	除毛术	86.92001
皮肤切除用作移植物	供体皮肤切除术	86.91001
皮肤Z型成形术	瘢痕松解术	86.84001
皮肤瘢痕松解术	瘢痕松解术	86.84001
面部提升术	面部皮肤提升术	86.82003
带蒂皮瓣或皮瓣移植的修复术	皮瓣修整术	86.75005
滑动皮瓣移植术	滑行皮瓣移植术	86.74012
前徙皮瓣移植术	迁徙皮瓣移植术	86.74027
指蹼成形术	皮肤蹼状松解术	86.84035
手的带蒂皮瓣或皮瓣移植物附着术	手带蒂皮瓣移植术	86.73003
人工皮肤移植术	人工皮片移植术	86.67002
同种皮片移植术	同种皮肤移植术	86.66001
同种移植物至皮肤	同种皮肤移植术	86.66001
异种移植物至皮肤	异种皮肤移植术	86.65001
头皮缝合术	皮肤缝合术	86.59006
伤口裂开缝合术	皮肤缝合术	86.59006
头.面.颈皮肤病损根治切除术	皮肤病损根治性切除术	86.4 004
男性会阴病损切除术	皮下组织病损切除术	86.3 072
伤口、感染或烧伤的非切除性清创术	皮肤和皮下组织非切除性清创	86.28012
多余指切除术	指赘结扎术	86.26004
磨皮术	皮肤旋磨术	86.25001
指(趾)甲去除术	拔甲术	86.23005
皮肤伤口切除性清创术	皮肤和皮下坏死组织切除清创术	86.22011
伤口、感染或烧伤的切除性清创术	皮肤和皮下坏死组织切除清创术	86.22011
静脉输液港植入术	静脉输注泵置入	86.06005
输注泵置换术	静脉输注泵置入	86.06005
输注泵置入术	静脉输注泵置入	86.06005
皮肤组织扩张器取出术	皮下组织扩张器取出术	86.05011
男性会阴切开引流术	皮肤和皮下组织切开引流术	86.04011
乳房组织扩张器去除	乳房移植组织扩张器取出术	85.96001
其他乳房成形术	乳房下垂矫正术	85.89006
乳头重建术	乳头成形术	85.87001
背阔肌肌皮瓣全乳房重建术	乳房重建术应用背阔肌肌皮瓣	85.71001
双侧扩大根治性乳房切除术	双侧乳房扩大根治性切除术	85.48001
单侧扩大根治性乳房切除术	单侧乳房扩大根治性切除术	85.47001
双侧根治性乳房切除术	双侧乳房根治性切除术	85.46001
单侧根治性乳房切除术	单侧乳房根治性切除术	85.45002
双侧乳腺改良根治术	双侧乳房改良根治术	85.44002
单侧保乳乳腺改良根治术	单侧乳房改良根治术	85.43001
单侧乳腺改良根治术	单侧乳房改良根治术	85.43001
双侧单纯乳房切除术	双侧乳房切除术	85.42001
单侧单纯乳房切除术	单侧乳房切除术	85.41001
双侧缩小性乳房成形术	双侧乳房缩小成形术	85.32003
单侧缩小性乳房成形术	单侧乳房缩小成形术	85.31001
副乳腺切除术	副乳切除术	85.24001
开放性乳房活组织检查	乳腺组织切除活检术	85.12001
闭合性[经皮][针吸]乳房活组织检查	乳房穿刺活检	85.11001
乳腺导管切开引流术	乳房切开引流术	85.0 002
脊柱生长阀修复术	脊柱可调节装置置入术(生长棒)	78.59026
腰骶全椎间盘假体置入	腰椎全部间盘假体置入术	84.65001
颈全椎间盘假体置入	颈椎全部间盘假体置入术	84.62001
颈部分椎间盘假体置入	颈椎部分间盘假体置入术	84.61001
关节腔隙骨水泥填充术	水泥间隔物置入术	84.56001
膝上假体安装	膝关节上假肢安装	84.45001
小腿截断术	经胫骨和腓骨的小腿离断术	84.15002
下肢截断术	大腿离断术	84.17001
黏液囊抽吸术	粘液囊抽吸	83.94001
去除骨骼肌刺激器	骨骼肌电刺激器去除术	83.93001
肌腱修补术	肌腱成形术	83.88003
下肢肌腱固定术	肌腱固定术	83.88005
上肢肌腱固定术	肌腱固定术	83.88005
胫前肌腱延长术	肌腱延长术	83.85007
胫前肌腱缩短术	肌腱紧缩术	83.85006
胫后肌腱延长术	肌腱延长术	83.85007
胫后肌腱缩短术	肌腱紧缩术	83.85006
股四头肌腱延长术	肌腱延长术	83.85007
股四头肌腱缩短术	肌腱紧缩术	83.85006
股内收肌腱延长术	肌腱延长术	83.85007
股内收肌腱缩短术	肌腱紧缩术	83.85006
股二头肌腱延长术	肌腱延长术	83.85007
股二头肌腱缩短术	肌腱紧缩术	83.85006
肱三头肌腱延长术	肌腱延长术	83.85007
肱三头肌腱缩短术	肌腱紧缩术	83.85006
胸大肌移位术	肌肉移位术	83.79001
臀大肌移位术	肌肉移位术	83.79001
三角肌移位术	肌肉移位术	83.79001
腹部肌移位术	肌肉移位术	83.79001
大圆肌移位术	肌肉移位术	83.79001
腓肠肌移位术	肌肉移位术	83.79001
大腿肌移位术	下肢肌肉移植术	83.77001
比目鱼肌移位术	肌肉移位术	83.79001
背阔肌移位术	肌肉移位术	83.79001
肌皮瓣转移术	肌肉移位术	83.79001
上肢肌伸肘功能重建伴肌移位术	胫后肌移植术	83.77003
旋前圆肌腱移位术	胫前肌腱移位术	83.76002
斜角肌切除术	前斜角肌切除术	83.45005
软组织活组织检查	软组织活检	83.21001
跖腱膜切断术	跖筋膜切断术	83.14006
肌腱松解术	腓肠肌腱膜松解术	83.13001
黏液囊切开术	粘液囊切开术	83.03001
手黏液囊治疗性药物注入	手粘液囊治疗性物质注射	82.94001
手黏液囊抽吸术	手粘液囊抽吸术	82.92001
手部肌肉粘连松解术	手肌肉粘连松解术	82.91003
手部筋膜松解术	手筋膜松解术	82.91002
手筋膜移植物整形术	手筋膜移植的整形术	82.72002
手肌肉移植物的整形术	手肌肉移植的整形术	82.72001
手肌肉再附着	手部肌肉再附着术	82.54001
手肌腱再附着	手部肌腱再附着术	82.53001
手肌腱后徙术	手部肌腱后徙术	82.52001
手肌腱前徙术	手部肌腱前徙术	82.51001
手部筋膜缝合术	手筋膜缝合术	82.46003
掌腱膜挛缩松解术	掌挛缩松解术	82.35003
手部腱鞘切除术	手腱鞘切除术	82.33002
手黏液囊切除术	手部粘液囊切除术	82.31001
手肌肉病损切除术	手部肌肉病损切除术	82.22001
手腱鞘病损切除术	手部腱鞘病损切除术	82.21001
手黏液囊切开术	手粘液囊切开术	82.03001
手腱鞘切开探查术	手部腱鞘切开探查术	82.01001
上肢关节置换修正术	腕关节置换翻修术	81.97003
踝关节韧带缝合术	踝韧带缝合术	81.94004
反向全肩关节置换术	反式肩关节置换术	81.88001
肘关节的其他修补术	肘关节成形术	81.85002
肩锁关节修补术	肩关节修补术	81.83004
肩关节全部置换	全肩关节置换术	81.80001
腕关节全部置换	人工腕关节置换术	81.73001
经皮椎骨成形术	经皮穿刺椎体成形术	81.65003
踝关节全部置换	全踝关节置换术	81.56001
全部膝关节置换	全膝关节表面置换术	81.54002
关节镜膝关节后交叉韧带重建术	膝关节镜下后十字韧带重建术	81.45008
关节镜膝关节前交叉韧带重建术	膝关节镜下前十字韧带重建术	81.45009
膝关节后交叉韧带重建术	膝后十字韧带重建术	81.45001
膝关节前交叉韧带重建术	膝前十字韧带重建术	81.45004
膝五合一修补术	膝关节五联修补术	81.42001
髋臼成形术	髋关节修补术	81.40002
腰骶椎椎体间再融合术，后入路	后入路腰骶翻修术	81.38002
腰椎椎体间再融合术，后入路	后入路腰椎翻修术	81.38001
腰骶椎椎体间再融合术，前入路	前入路腰骶翻修术	81.36002
腰椎椎体间再融合术，前入路	前入路腰椎翻修术	81.36001
胸腰椎再融合术，后入路	后入路胸腰椎翻修术	81.35002
胸椎再融合术，后入路	后入路胸椎翻修术	81.35001
胸腰椎椎体间再融合术，前入路	前入路胸腰椎翻修术	81.34002
胸椎椎体间再融合术，前入路	前入路胸椎翻修术	81.34001
其他颈椎再融合，前柱，前路法	前入路颈椎翻修术	81.32001
枕-颈再融合术，后入路	后入路枕-颈椎翻修术	81.31004
枕-颈再融合术，经口	经口枕-颈椎翻修术	81.31006
枕-颈再融合术，前入路	前入路枕-颈椎翻修术	81.31003
寰-枢椎再融合术，后入路	后入路寰-枢椎翻修术	81.31002
寰-枢椎再融合术，经口	经口寰-枢椎翻修术	81.31005
寰-枢椎再融合术，前入路	前入路寰-枢椎翻修术	81.31001
掌指关节固定术	掌指关节融合术	81.27001
掌指融合术	掌指关节融合术	81.27001
掌腕融合术	腕掌关节融合术	81.26001
腕桡融合术	桡腕关节融合术	81.25001
跟骰关节融合术	跟骨关节融合术	81.17001
胫距关节融合术	胫距骨融合术	81.11002
踝融合术	踝关节融合术	81.11001
腰骶椎椎体间融合术，后入路	后入路腰骶融合术	81.08013
腰骶椎椎体间融合术，前入路	前入路腰骶融合术	81.06004
胸椎椎体间融合术，前入路	前入路胸椎融合术	81.04001
枕-颈融合术，后入路	后入路枕-颈椎融合术	81.01009
枕-颈融合术，经口	经口枕-颈椎融合术	81.01011
枕-颈融合术，前入路	前入路枕-颈椎融合术	81.01008
足和趾关节的其他切除术	跖趾关节切除术	80.98001
关节镜踝关节病损切除术	踝关节镜下病损切除术	80.87006
关节镜膝关节病损切除术	膝关节镜下病损切除术	80.86005
关节镜髋关节病损切除术	髋关节镜下病损切除术	80.85004
关节镜指关节病损切除术	指关节镜下病损切除术	80.84003
关节镜腕关节病损切除术	腕关节镜下病损切除术	80.83002
关节镜肘关节病损切除术	肘关节镜下病损切除术	80.82001
关节镜肩关节病损切除术	肩关节镜下病损切除术	80.81002
关节镜趾关节滑膜切除术	趾关节镜下滑膜切除术	80.78004
关节镜踝关节滑膜切除术	踝关节镜下滑膜切除术	80.77002
关节镜膝关节滑膜切除术	膝关节镜下滑膜切除术	80.76004
关节镜髋关节滑膜切除术	髋关节镜下滑膜切除术	80.75002
关节镜指关节滑膜切除术	指关节镜下滑膜切除术	80.74003
关节镜腕关节滑膜切除术	腕关节镜下滑膜切除术	80.73003
关节镜肘关节滑膜切除术	肘关节镜下滑膜切除术	80.72002
关节镜肩关节滑膜切除术	肩关节镜下滑膜切除术	80.71001
腰椎髓核切除术	腰椎间盘髓核切除术	80.51014
腰椎间盘切除术	腰椎间盘髓核切除术	80.51014
椎间盘切除术	后入路腰椎间盘切除术	80.51013
骶韧带切断术	骶骨韧带切断术	80.49004
关节镜膝关节松解术	膝关节镜下关节松解术	80.46001
髌韧带松解术	膝关节松解术	80.46003
关节镜腕关节松解术	腕关节镜下关节松解术	80.43005
关节镜肘关节松解术	肘关节镜下关节松解术	80.42002
关节镜肩关节松解术	肩关节镜下关节松解术	80.41002
踝关节游离体取出术	踝关节镜下游离体取出术	80.17003
关节镜膝关节游离体取出术	膝关节镜下游离体取出术	80.16001
膝关节血肿清除术	膝关节切开术	80.16002
关节镜髋关节游离体取出术	髋关节镜下游离体取出术	80.15001
关节镜肩关节游离体取出术	肩关节镜下游离体取出术	80.11001
颈后入路寰枢椎复位内固定术	颈椎脱位切开复位内固定术	79.89002
跖跗关节脱位切开复位术	跗跖关节脱位切开复位术	79.88003
膝脱位开放性复位术	膝关节脱位切开复位术	79.86003
腕脱位开放性复位术	腕关节脱位切开复位术	79.83002
肘脱位开放性复位术	肘关节脱位切开复位术	79.82002
膝脱位闭合性复位术	膝关节脱位闭合复位术	79.76002
腕脱位闭合性复位术	腕关节脱位闭合复位术	79.73001
肘脱位闭合性复位术	肘关节脱位闭合复位术	79.72001
趾开放性骨折部位的清创术	趾骨开放性骨折清创术	79.68002
手指开放性骨折部位的清创术	指骨开放性骨折清创术	79.64001
锁骨骨折切开复位内固定术	锁骨骨折切开复位螺钉内固定术	79.39040
肋骨骨折切开复位内固定术	肋骨骨折切开复位钢板内固定术	79.39049
肩胛骨骨折切开复位内固定术	肩胛骨骨折切开复位钢板内固定术	79.39044
跖骨骨折切开复位内固定术	跖骨骨折切开复位钢板内固定术	79.37019
跗骨骨折切开复位内固定术	跗骨骨折切开复位螺钉内固定术	79.37010
髌骨骨折切开复位内固定术	髌骨骨折切开复位张力带钢丝内固定术	79.39001
腓骨骨折切开复位内固定术	腓骨骨折切开复位髓内针内固定术	79.36019
指骨骨折切开复位内固定术	指骨骨折切开复位螺钉内固定术	79.34002
掌骨骨折切开复位内固定术	掌骨骨折切开复位钢板内固定术	79.33005
腕骨骨折切开复位内固定术	腕骨骨折切开复位钢板内固定术	79.33009
尺骨骨折切开复位内固定术	尺骨骨折切开复位髓内针内固定术	79.32002
肱骨骨折切开复位内固定术	肱骨骨折切开复位螺钉内固定术	79.31006
股骨骨折闭合性复位术不伴内固定	股骨骨折闭合复位术	79.05002
腕骨骨折闭合性复位术	指关节骨折闭合复位术(腕掌关节、掌指关节、指间关节)	79.04004
脊柱内固定装置去除术	椎骨内固定物取出术	78.69010
趾骨外固定装置去除术	趾骨外固定架去除术	78.69015
指骨外固定装置去除术	指骨外固定架去除术	78.69014
跖骨外固定装置去除术	跖骨外固定架去除术	78.68003
跗骨外固定装置去除术	跗骨外固定架去除术	78.68004
踝关节外固定装置去除术	踝关节外固定架去除术	78.69011
腓骨外固定装置去除术	腓骨外固定架去除术	78.67004
胫骨外固定装置去除术	胫骨外固定架去除术	78.67005
髌骨外固定装置去除术	髌骨外固定架去除术	78.66004
股骨外固定装置去除术	股骨外固定架去除术	78.65002
掌骨外固定装置去除术	掌骨外固定架去除术	78.64004
腕骨外固定装置去除术	腕骨外固定架去除术	78.64003
尺骨外固定装置去除术	尺骨外固定架去除术	78.63002
桡骨外固定装置去除术	桡骨外固定架去除术	78.63004
肱骨外固定装置去除术	肱骨外固定架去除术	78.62002
胸骨内固定装置去除术	胸骨内固定物取出术	78.61003
趾骨内固定术	趾骨钢针内固定术	78.59034
指骨内固定术	指骨钢板内固定术	78.59019
骨盆内固定术	骨盆钢针内固定术	78.59028
跖骨内固定术	跖骨钢针内固定术	78.58006
腓骨内固定术	腓骨螺钉内固定术	78.57003
胫骨内固定术	胫骨钢板内固定术	78.57005
股骨内固定术	股骨钢板内固定术	78.55005
尺骨内固定术	尺骨钢板内固定术	78.53009
桡骨内固定术	桡骨钢板内固定术	78.53005
肱骨内固定术	肱骨钢板内固定术	78.52005
胸骨内固定术	胸骨钢板内固定术	78.51005
锁骨内固定术	锁骨髓内针内固定术	78.51004
指骨成形术	指骨修补术	78.49005
盆骨外固定术	骨盆外固定架固定术	78.19001
跗骨外固定术	跗骨外固定架固定术	78.18001
腕骨外固定术	腕关节外固定架固定术	78.14001
尺骨外固定术	尺骨外固定架固定术	78.13002
跖骨植骨术	趾骨植骨术	78.09006
跗骨植骨术	趾骨植骨术	78.09006
舟状骨植骨术	腕骨植骨术	78.04002
肩胛骨植骨术	锁骨植骨术	78.01003
骨移植术	同种异体骨植骨术	78.00003
尾骨全部切除术	尾骨切除术	77.99008
骶骨全部切除术	骶骨切除术	77.99001
籽骨切除术	髌骨死骨去除术	77.06001
腓骨全部切除术	腓骨切除术	77.97001
胫骨全部切除术	胫骨切除术	77.97002
髌骨全部切除术	髌骨切除术	77.96001
股骨全部切除术	股骨切除术	77.95001
尺骨全部切除术	尺骨切除术	77.93001
桡骨全部切除术	桡骨切除术	77.92002
锁骨全部切除术	锁骨切除术	77.91006
肩胛骨全部切除术	肩胛骨切除术	77.91001
棘突切除术	脊突切除术	77.89007
跖骨部分切除术	足骨部分切除术	77.89026
髂骨切除术用作移植物	髂骨取骨术	77.79002
腓骨切除术用作移植物	腓骨取骨术	77.77001
胫骨切除术用作移植物	胫骨取骨术	77.77002
尺骨切除术用作移植物	尺骨取骨术	77.73001
桡骨切除术用作移植物	桡骨取骨术	77.73002
肱骨切除术用作移植物	肱骨取骨术	77.72001
肋骨切除术用作移植物	肋骨取骨术	77.71001
胸骨病损切除术	胸廓骨病损切除术	77.61008
其他??囊肿切除术伴软组织矫正术	(足母)外翻矫形术[Mc Bride手术]	77.52002
胫骨减压术	胫骨开窗引流术	77.17001
髌骨减压术	髌骨开窗引流术	77.16001
股骨减压术	股骨开窗引流术	77.15002
上颌骨内固定装置取出术	面骨内固定物取出术	76.97001
颞下颌脱位开放性复位术	颞下颌关节脱位切开复位术	76.94001
颞下颌脱位闭合性复位术	颞下颌关节脱位闭合复位术	76.93001
上颌骨骨折切开复位内固定术	上颌骨骨折切开复位术	76.74001
上颌骨骨折开放性复位术	上颌骨骨折切开复位固定术	76.74002
上颌骨成形术	上颌骨部分骨成形术	76.65004
下颌支闭合性骨成形术[骨切开术]	闭合性下颌支骨成形术	76.61002
上颌骨切骨术	上颌骨部分骨成形术	76.65004
颧骨部分切除术	面骨部分切除术	76.39013
半下颌骨切除术	半侧下颌骨切除术	76.31008
部分下颌骨切除术	下颌骨部分切除术	76.31003
颌骨囊肿摘除术	面骨病损局部切除术	76.2 014
上颌骨病损切除术	面骨病损局部切除术	76.2 014
下颌骨病损切除术	面骨病损局部切除术	76.2 014
上颌骨切开引流术	面骨切开术	76.09001
下颌骨切开引流术	面骨切开术	76.09001
子宫捆绑术	子宫捆绑术[B-Lynch缝合术]	75.99003
产时宫外治疗（EXIT）	子宫捆绑术[B-Lynch缝合术]	75.99003
子宫或阴道产科填塞	产科子宫填塞	75.8 001
近期产科外阴裂伤修补术	外阴产科裂伤缝合术	75.69002
近期产科会阴裂伤修补术	会阴产科裂伤缝合术	75.69001
直肠和肛门括约肌近期产科裂伤修补术	直肠肛门括约肌产科裂伤修补术	75.62001
手法取出滞留的胎盘	手取胎盘	75.4 002
诊断性羊膜穿刺	诊断性羊膜腔穿刺	75.1 001
利凡诺羊膜腔内注射终止妊娠	利凡诺羊膜腔注射流产	75.0 002
前列腺素羊膜腔内注射终止妊娠	前列腺素注射流产	75.0 004
腹腔镜子宫瘢痕妊娠清除术	腹腔镜下子宫肌壁妊娠物去除术	74.3 007
腹腔镜腹腔妊娠清除术	腹腔镜下腹腔异位妊娠物去除术	74.3 001
碎胎术	毁胎术	73.8 002
胎儿脑积水穿刺放液	钳夹术	73.8 003
会阴直切缝合术	会阴侧切缝合术	73.6 001
内倒转术与联合倒转术不伴牵引术	内倒转助产	73.21001
其他人工破膜	分娩时人工破膜	73.09001
真空吸引术伴外阴切开术	胎头吸引伴会阴切开术	72.71001
高位产钳手术伴外阴切开术	高位产钳伴会阴切开术	72.31001
中位产钳手术伴外阴切开术	中位产钳伴会阴切开术	72.21001
低位产钳手术伴外阴切开术	低位产钳伴会阴切开术	72.1 002
大阴唇成形术	阴唇成形术	71.79009
外阴单纯切除术	双侧外阴切除术	71.62001
外阴病损破坏术	外阴病损烧灼术	71.3 011
巴多林腺病损切除术	前庭大腺病损切除术	71.24001
巴多林腺(囊肿)切除术或其他破坏术	前庭大腺切除术	71.24003
巴多林腺脓肿切开引流术	前庭大腺脓肿切开引流术	71.22002
大阴唇粘连松解术	阴唇粘连松解术	71.01003
人造移植物或假体的置入术	膀胱/直肠/阴道人工补片置入	70.95001
生物移植物的置入术	膀胱/直肠/阴道同种异体补片植入	70.94001
阴道移植物固定术	阴道悬吊术	70.77003
骶棘韧带悬吊术	阴道悬吊术	70.77003
生物补片的阴道建造术	阴道重建术	70.62006
阴道囊肿袋形缝合术	阴道病损切除术	70.33004
宫腔镜阴道隔切断术	宫腔镜下阴道纵隔切开术	70.14013
去除子宫颈环扎材料	子宫颈环扎物去除术	69.96001
子宫颈切开术	宫颈闭锁切开术	69.95001
子宫内避孕装置置入	宫内避孕器置入术	69.7 001
分娩或流产后抽吸刮宫术	电吸刮宫术	69.59001
抽吸刮宫术，用于终止妊娠	电吸人流术	69.51005
宫腔镜子宫陈旧性产科裂伤修补术	宫腔镜下子宫陈旧性裂伤修补术	69.49003
腹腔镜子宫骶韧带切断术	腹腔镜下骶韧带切断术	69.19002
子宫骶韧带悬吊术	骶韧带悬吊术	69.22026
人工流产后刮宫术	人工流产钳刮术	69.01002
经阴道子宫根治性切除术	经阴道子宫广泛性切除术	68.79003
腹腔镜辅助阴道子宫切除术(LAVH)	腹腔镜辅助经阴道全子宫切除术[LAVH手术]	68.51003
经腹子宫广泛切除术	子宫扩大切除术	68.49001
经腹扩大性全子宫切除术	子宫扩大切除术	68.49001
经腹全子宫切除术	全子宫切除术	68.49003
双角子宫切除术	双子宫单个切除术	68.39001
子宫部分切除术	子宫次全切除术	68.39002
腹腔镜辅助子宫颈上子宫切除术	腹腔镜辅助子宫颈上子宫切除术[LASH手术]	68.31004
腹腔镜子宫颈上子宫切除术[LSH]	腹腔镜下宫颈上子宫切除术[LSH手术]	68.31001
宫腔镜子宫病损电切术	宫腔镜下子宫病损电切术	68.29015
腹腔镜子宫内膜病损烧灼术	腹腔镜下子宫病损切除术	68.29005
子宫肌瘤切除术	子宫病损切除术	68.29029
宫腔镜子宫内膜切除术	宫腔镜下子宫内膜去除术	68.23002
闭合性子宫活组织检查	宫腔镜下子宫活检	68.16002
开放性子宫活组织检查	直视下子宫活检术	68.13001
子宫颈环形电切术	子宫颈环形电切术[LEEP手术]	67.32010
子宫颈支架置入术	子宫颈管扩张术	67.0 001
腹腔镜单侧输卵管切断术	腹腔镜下单侧输卵管结扎术	66.92004
腹腔镜单侧输卵管部分切除术	腹腔镜下输卵管部分切除术	66.69001
单侧输卵管部分切除术	输卵管部分切除术	66.69002
经阴道双侧输卵管切除术	双侧输卵管切除术	66.51002
经阴道单侧输卵管切除术	单侧输卵管切除术	66.4 001
双侧输卵管切断术	双侧输卵管结扎和切断术	66.32001
双侧输卵管其他结扎术和挤压术	双侧输卵管结扎和切断术	66.32001
腹腔镜输卵管激光绝育术	腹腔镜下双侧输卵管激光绝育术	66.29002
腹腔镜下双侧输卵管切断术	腹腔镜下双侧输卵管结扎和切断术	66.22001
腹腔镜输卵管造口去除输卵管妊娠术	腹腔镜下输卵管妊娠物去除伴输卵管造口术	66.02002
腹腔镜卵巢和输卵管粘连松解术	腹腔镜下输卵管-卵巢粘连松解术	65.81001
腹腔镜卵巢成形术	腹腔镜下卵巢修补术	65.79001
腹腔镜下卵巢破裂止血术	腹腔镜下卵巢黄体破裂止血术	65.79009
卵巢再植入术	腹腔镜下卵巢再植入	65.75001
腹腔镜残留卵巢和输卵管切除术	腹腔镜下残留输卵管-卵巢切除术	65.64001
腹腔镜双侧卵巢和输卵管切除术	腹腔镜下双侧输卵管-卵巢切除术	65.63001
腹腔镜卵巢病损破坏术	腹腔镜下卵巢病损切除术	65.25002
卵巢抽吸活组织检查	经皮抽吸卵巢活检	65.11001
转移皮瓣阴茎修补术	阴茎建造术	64.43001
阴茎痛性勃起松解术	痛性阴茎勃起松解术	64.42001
附睾穿刺取精子	精索活检	63.01001
精索粘连松解术	精索切开术	63.93001
腹腔镜下双侧睾丸切除术	腹腔镜下双侧隐睾切除术	62.41005
开放性睾丸活组织检查	直视下睾丸活检术	62.12001
睾丸鞘膜翻转术	鞘膜翻转术	61.49001
睾丸鞘膜切除术	鞘膜切除术	61.2 004
睾丸鞘膜部分切除术	鞘膜部分切除术	61.2 003
阴囊血肿清除术	阴囊异物取出术	61.0 004
经尿道前列腺电凝止血术	前列腺术后止血术	60.94001
经会阴前列腺冷冻切除术	经会阴前列腺冷冻治疗术	60.62001
根治性前列腺切除术	前列腺根治性切除术	60.5 002
耻骨后经膀胱前列腺切除术	耻骨后膀胱前前列腺切除术	60.4 002
精囊镜探查术	经尿道精囊镜探查术	60.19001
前列腺周围组织的活组织检查	前列腺周围活检	60.15001
开放性精囊活组织检查	直视下精囊活检术	60.14001
闭合性[经皮]精囊活组织检查	精囊针吸活检	60.13001
开放性前列腺活组织检查	直视下前列腺活检术	60.12001
经直肠前列腺穿剌活组织检查	前列腺针刺活检	60.11001
闭合性[经皮][针吸]前列腺活组织检查	前列腺针刺活检	60.11001
尿道悬吊带部分取出术	输尿管支架置换术	59.99001
输尿管支架调整术	输尿管支架置换术	59.99001
尿道超声碎石术	泌尿系超声碎石术	59.95001
肾周穿刺引流术	肾导管引流术	59.8 010
输尿管扩张术	经尿道膀胱镜输尿管扩张术	59.8 006
斯塔米膀胱颈悬吊术	斯塔米膀胱悬吊术	59.4 006
经耻骨上膀胱尿道悬吊术（SPARC）	经阴道尿道中段湿必克悬吊术[Sparc手术]	59.4 005
戈-弗-斯氏尿道膀胱悬吊术	戈-弗-斯手术[Goeble-Frangenheim-Stoeckel手术]	59.4 003
耻骨上尿道膀胱悬吊术	耻骨上悬吊尿道膀胱固定术	59.4 002
膀胱周围探查术	膀胱周围组织探查术	59.19001
腹腔镜下肾周粘连松解术	腹腔镜下肾周围粘连松解术	59.02006
尿道会阴瘘修补术	尿道-阴道瘘修补术	58.43002
会阴尿道镜检查	经会阴尿道镜检查	58.21001
尿道切开术	尿道外口切开术	58.1 002
留置导尿管的置入术	插入导尿管	57.94001
腹腔镜下膀胱修补术	膀胱修补术	57.89001
乙状结肠膀胱扩大术	肠膀胱扩大术	57.87004
膀胱扩大术	肠膀胱扩大术	57.87004
直肠代膀胱术	直肠膀胱术	57.87003
结肠代膀胱术	直肠膀胱术	57.87003
回肠代膀胱术	回肠膀胱术	57.87001
膀胱瘘修补术	膀胱瘘闭合术	57.84001
膀胱阴道直肠瘘修补术	直肠-膀胱-阴道瘘切除术	57.83003
膀胱肠瘘修补术	膀胱-乙状结肠瘘修补术	57.83001
腹腔镜下膀胱根治切除术	腹腔镜下膀胱广泛性切除术	57.71003
根治性膀胱切除术	膀胱广泛性切除术	57.71001
膀胱楔形切除术	膀胱三角区切除术	57.6 002
部分膀胱切除术	膀胱部分切除术	57.6 001
其他耻骨上膀胱造口术	膀胱造口术	57.21001
经尿道膀胱超声碎石术	经尿道膀胱镜膀胱激光碎石术	57.0 007
左右输尿管吻合术	输尿管-输尿管吻合术	56.75001
输尿管肠吻合术的修复术	输尿管-肠管吻合口修正术	56.72001
其他皮肤输尿管吻合口的建造	输尿管-皮肤造口术	56.61001
皮肤的输尿管-回肠吻合的修复术	输尿管-回肠皮肤造口修正术	56.52001
回肠输尿管皮肤造口术	输尿管-回肠皮肤造口术	56.51002
腹腔镜下输尿管切除术	输尿管全部切除术	56.42001
内镜下输尿管病损切除术	输尿管镜下输尿管病损切除术	56.41003
输尿管口囊肿切除术	输尿管镜下输尿管病损切除术	56.41003
部分输尿管切除术	输尿管病损切除术	56.41001
输尿管切除术	输尿管全部切除术	56.42001
闭合性内镜下输尿管活组织检查	经皮肾镜输尿管活检术	56.33003
经尿道输尿管/肾盂超声碎石取石术	经尿道输尿管镜超声碎石取石术(肾盂输尿管)	56.0 011
经尿道输尿管/肾盂气压弹道碎石取石术	经尿道输尿管镜气压弹道碎石取石术(肾盂输尿管)	56.0 010
经尿道输尿管/肾盂激光碎石取石术	经尿道输尿管镜激光碎石取石术(肾盂输尿管)	56.0 009
经尿道输尿管/肾盂超声碎石术	经尿道输尿管镜超声碎石术(肾盂输尿管)	56.0 008
经尿道输尿管/肾盂气压弹道碎石术	经尿道输尿管镜气压弹道碎石术(肾盂输尿管)	56.0 007
经尿道输尿管/肾盂激光碎石术	经尿道输尿管镜取石术(肾盂输尿管)	56.0 003
经尿道输尿管/肾盂取石术	经尿道输尿管镜取石术(肾盂输尿管)	56.0 003
经尿道输尿管/肾盂异物取出术	经尿道输尿管镜异物取出术	56.0 002
经皮肾周脓肿抽吸术	经皮肾囊肿抽吸术	55.92004
肾包膜下积液穿刺引流术	经皮肾囊肿抽吸术	55.92004
肾穿刺引流术	经皮肾脓肿抽吸术	55.92002
移植肾修补术	供体肾修整术	55.89002
输尿管肾盂接合处矫正术	肾盂-输尿管成形术	55.87004
肾盂输尿管吻合术	肾盂-输尿管吻合术	55.86002
腹腔镜马蹄肾峡部分离术	马蹄形肾联合部切开术	55.85001
肾瘘修补术	肾造口闭合术	55.82002
移植肾破裂修补术	肾破裂修补术	55.81001
其他肾移植术	肾同种异体移植术	55.69001
移植或排斥肾的切除	移植肾切除术	55.53001
残留肾切除术	残余肾切除术	55.52001
肾病损或组织的其他局部破坏术或切除术	肾病损切除术	55.39003
开放性肾活组织检查	直视下肾活检术	55.24001
闭合性[经皮][针吸]肾活组织检查	超声引导下肾穿刺活检	55.23001
经皮肾镜检查术	肾镜检查	55.21001
腹腔镜下肾盂旁囊肿去顶术	腹腔镜下肾病损切除术	55.39002
肾盂造口结石切除术	肾盂造口取石术	55.11004
肾盂切开术	肾盂切开探查术	55.11001
腹腔镜下肾造口术	肾造口术	55.02001
肾血肿清除术	肾被膜下血肿清除术	55.01010
腹腔穿刺药物注射	腹腔局部注射	54.97001
腹腔内无水酒精注射	腹腔局部注射	54.97001
腹膜腔注入局部作用的治疗性物质	腹腔局部注射	54.97001
腹腔镜下腹腔异物取出术	腹腔异物去除术	54.92003
盆腔穿刺术	超声引导下盆腔穿刺术	54.91009
髂窝穿刺引流术	经皮腹腔穿刺引流术	54.91005
腹膜后组织修补术	腹膜组织修补术	54.73001
腹壁其他修补术	腹壁补片修补术	54.72001
阑尾周围粘连松解术	肠粘连松解术	54.59002
腹腔镜下网膜切除术	腹腔镜下网膜部分切除术	54.4 034
腹腔镜下盆腔腹膜病损切除术	腹腔镜下腹膜病损切除术	54.4 028
腹膜灌洗	腹腔冲洗检查	54.25001
经皮腹膜活组织检查	腹内病损穿刺活检	54.24001
腹腔镜下肠系膜活组织检查	腹腔镜下腹膜活检术	54.23006
经皮腹腔肿物活组织检查	腹腔病损穿刺活检	54.24002
男性盆腔切开引流术	腹腔镜下男性盆腔脓肿切开引流术	54.19006
腹股沟切开引流术	腹壁窦道切开引流术	54.0 002
横膈折叠术	膈肌折叠术	53.81001
横膈疝修补术，经胸入路	经胸膈疝修补术	53.80001
腹腔镜腹入路横隔疝修补术	腹腔镜下膈疝修补术	53.71001
腹壁疝无张力修补术	单侧腹疝无张力修补术	53.69001
腹腔镜下切口疝修补术	腹壁切口疝修补术	53.51001
脐重建术	脐疝修补术	53.49004
腹腔镜下脐疝移植物或假体修补术	腹腔镜下脐疝无张力修补术	53.42001
其他和开放性脐疝修补术伴假体	脐疝无张力修补术	53.41004
用移植物或假体的双侧股疝修补术	双侧股疝无张力修补术	53.31001
用移植物或假体的单侧股疝修补术	单侧股疝无张力修补术	53.21001
腹股沟疝无张力修补术，一侧直疝，一侧斜疝	双侧腹股沟疝无张力修补术，一侧直疝一侧斜疝	53.16001
腹股沟疝修补术，一侧直疝一侧斜疝	双侧腹股沟直疝-斜疝修补术	53.13001
用移植物或假体的其他和开放性腹股沟直疝修补术	单侧腹股沟直疝修补术	53.01001
其他和开放性腹股沟斜疝修补术	单侧腹股沟斜疝修补术	53.02001
腹股沟疝单侧修补术	单侧腹股沟斜疝无张力修补术	53.04003
胰腺管空肠吻合术	胰管-空肠吻合术	52.96001
胰腺裂伤缝合术	胰腺破裂修补术	52.95005
胰腺的其他修补术	胰腺破裂修补术	52.95005
全胰切除术	胰腺全部切除术	52.6 002
胰腺节段切除术	胰尾部分切除术	52.52005
其他部分胰腺切除术	胰腺部分切除术	52.59001
腹腔镜根治性胰体尾切除术	胰腺次全切除术	52.53001
腹腔镜下胰体胰尾病损切除术	腹腔镜下胰体尾部切除术	52.52001
腹腔镜下胰尾伴部分胰体切除术	腹腔镜下胰体尾部切除术	52.52001
腹腔镜下胰尾切除术	腹腔镜下胰腺部分切除术	52.59002
胰腺囊肿十二指肠吻合术	胰腺-十二指肠切除术	52.6 001
胰囊肿袋形缝合术[造袋术]	胰腺囊肿造袋术	52.3 001
开放性胰腺活组织检查	直视下胰腺活检术	52.12001
胰腺切开引流术	胰切开引流术	52.01001
经皮胆管扩张术	经皮胆道扩张术	51.98006
经皮经肝肝管支架植入术	经皮肝穿刺胆道支架置入术	51.98014
经皮经肝胆管引流术	超声引导下经皮肝穿刺胆管引流术	51.98001
经皮经肝胆管球囊扩张术	经皮胆道扩张术	51.98006
经皮肝穿刺胆管支架植入术	经皮肝穿刺胆道支架置入术	51.98014
胆囊十二指肠瘘修补术	胆囊-胃瘘修补术	51.93003
其他胆瘘的闭合术	胆囊造口闭合术	51.92001
腹腔镜下胆囊切开取石术	腹腔镜下胆道取石术	51.88006
胆道镜下胆管结石取出术	内镜下胆管取石术	51.88007
胆道镜下肝内胆管结石取出术	内镜下胆管取石术	51.88007
腹腔镜下胆总管T管引流术	内镜下胆管置管引流术	51.87004
内镜下奥狄氏括约肌扩张术	内镜下奥狄括约肌切开术	51.84001
内镜下胆管扩张术	内镜下奥狄括约肌切开术	51.84001
内镜下肝管气囊扩张术	经皮胆道扩张术	51.98006
胰括约肌切开术	胰管括约肌切开取石术	51.82003
胆管瘘修补术	胆管瘘口修补术	51.71002
胆总管扩张术	胆总管修补术	51.72001
胆总管成形术	胆总管修补术	51.72001
腹腔镜下胆总管病损切除术	腹腔镜下胆管病损切除术	51.64001
内镜下胆管或奥狄氏括约肌病损的切除术或破坏术	内镜下胆总管病损切除术	51.64002
胆总管部分切除术	胆总管病损切除术	51.63001
法特氏壶腹病损切除术	法特壶腹切除术	51.62002
法特氏壶腹切除术(伴胆总管再植入)	法特壶腹切除术	51.62002
胆囊管残端切除术	残余胆囊管切除术	51.61001
肝总管切开探查术	肝管切开引流术	51.59007
胆管切开探查术	胆管探查术	51.59004
肝总管切开取石术	肝管切开取石术	51.49004
胆肠吻合口切开取石术	胆-肠吻合口切开取石术	51.49001
其他胆管切开术，用于解除梗阻	肝管切开取石术	51.49004
胆总管支架置入术	胆管支架置入术	51.43004
胆总管探查术，用于去除结石	胆总管切开取石术	51.41001
腹腔镜下胆管空肠吻合术	胆管-空肠吻合术	51.39002
腹腔镜下胆囊十二指肠吻合术	胆囊-十二指肠吻合术	51.32003
腹腔镜下胆囊空肠吻合术	胆囊-空肠吻合术	51.32002
腹腔镜下部分胆囊切除术	腹腔镜下胆囊部分切除术	51.24002
部分胆囊切除术	胆囊部分切除术	51.21002
内镜下壶腹活组织检查	内镜下胆管活检	51.14001
其他闭合性[内镜的]胆管或奥狄氏括约肌活组织检查	内镜下奥狄括约肌活检	51.14002
开放性胆管活组织检查	直视下胆管活检术	51.13002
开放性胆囊活组织检查	直视下胆囊活检术	51.13001
内镜逆行胰胆管造影[ERCP]	内镜下逆行胰-胆管造影[ERCP]	51.10003
胆囊切开取石术	浅式胆囊取石术	51.04006
经皮经肝胆囊置管引流术	胆囊引流术	51.04004
肝病损药物注射治疗	腹腔镜下肝内无水酒精注射术	50.94001
肝囊肿穿刺引流术	腹腔镜下肝囊肿抽吸术	50.91001
经皮肝穿刺引流术	经皮肝抽吸术	50.91003
腹腔镜下半肝切除术	左半肝切除术	50.3 003
腹腔镜下肝叶切除术	再造鼻修整术	21.89004
腹腔镜超声引导下肝病损射频消融术	腹腔镜下肝病损射频消融术	50.25001
肝病损或组织的直视消融术	肝病损射频消融术	50.23001
腹腔镜下肝楔形切除术	腹腔镜下肝部分切除术	50.22002
腹腔镜下肝段切除术	腹腔镜下肝部分切除术	50.22002
肝段切除术	肝部分切除术	50.22011
超声内镜下细针穿刺肝活组织检查(FNA)	超声引导下肝穿刺活检	50.11001
闭合性(经皮)[针吸]肝活组织检查	经皮肝穿刺活检	50.11005
肝切开引流术	肝脓肿切开引流术	50.0 014
肛门成形术	肛门括约肌成形术	49.79003
肛门瘘管闭合术	肛瘘闭合术	49.73001
后肛门括约肌切开术	肛门后侧括约肌切开术	49.52002
痔上直肠黏膜环形切除吻合术（PPH术）	吻合器痔上黏膜环切术	49.49003
内镜下肛门病损切除术	直肠镜下肛门病损切除术	49.31001
肛门瘘管切除术	肛瘘切除术	49.12002
肛门瘘管切开术	肛瘘切开术	49.11004
肛门周围组织切开术	肛周组织下部切开术	49.02001
肛周组织的其他切开术	肛周组织下部切开术	49.02001
腹腔镜直肠悬吊术	直肠脱垂悬吊术	48.76004
直肠裂伤缝合术	直肠破裂修补术	48.71003
腹腔镜直肠切除术	腹腔镜下直肠根治术	48.69002
残余直肠肛管切除术	直肠根治术	48.69007
全结肠直肠(包括肛门)切除术	直肠切除术	48.69008
直肠乙状结肠部分切除术	直肠-乙状结肠部分切除术	48.69009
腹腔镜下直肠前切除伴结肠造口术	直肠前切除伴结肠造口术[Hartmann手术]	48.62001
直肠前切除术同时伴结肠造口术	直肠前切除伴结肠造口术[Hartmann手术]	48.62001
腹腔镜下经骶直肠乙结肠切除术	经骶直肠-乙状结肠切除术	48.61002
经骶直肠乙状结肠切除术	经骶直肠-乙状结肠切除术	48.61002
其他腹会阴直肠切除术	腹腔镜下腹-会阴-直肠联合切除术[Miles手术]	48.51001
开放性腹会阴直肠切除术	腹-会阴-直肠联合切除术[Miles手术]	48.52001
腹腔镜下腹会阴直肠切除术	腹腔镜下腹-会阴-直肠联合切除术[Miles手术]	48.51001
腹会阴直肠切除术	腹-会阴-直肠联合切除术[Miles手术]	48.52001
斯文林直肠切除术	直肠切除术[Swenson手术]	48.49002
经前会阴超低位直肠切除术	会阴-直肠拖出术[Altemeier手术]	48.49001
会阴-直肠拖出术	会阴-直肠拖出术[Altemeier手术]	48.49001
腹腔镜直肠拖出切除术	直肠内拖出切除术	48.41004
直肠粘膜切除术	经肛门直肠黏膜环切术	48.41006
直肠黏膜下切除术	腹腔镜下直肠黏膜下切除术	48.41001
索夫直肠黏膜下切除术	索夫直肠黏膜下切除术[Soave手术]	48.41002
Kraske术	直肠病损切除术	48.35003
经骶尾直肠病损切除术	直肠病损切除术	48.35003
开放性直肠活组织检查	直视下直肠活检术	48.25001
经腹直肠乙状结肠镜检查	术中直肠-乙状结肠镜检查	48.21001
直肠造口	直肠造口术	48.1 001
结肠其他部分肌切开术	结肠肌切开术	46.92001
回肠支架植入术	内镜下十二指肠支架置入术	46.85005
空肠吻合口球囊扩张术	内镜下十二指肠球囊扩张术	46.85004
直肠吻合口球囊扩张术	内镜下结肠球囊扩张术	46.85007
结肠球囊扩张术	内镜下结肠球囊扩张术	46.85007
肠系膜扭转复位术	大肠扭转复位术	46.82001
小肠浆膜修补术	小肠破裂修补术	46.73005
腹腔镜下结肠裂伤修补术	结肠破裂修补术	46.75004
小肠腹壁瘘切除术	小肠瘘修补术	46.74004
小肠裂伤缝合术，除外十二指肠	小肠破裂修补术	46.73005
十二指肠裂伤缝合术	十二指肠破裂修补术	46.71002
大肠造口闭合术	结肠造口还纳术	46.52006
回肠造口周围疝修补术	小肠造口修正术	46.41001
其他肠造口术	空肠造口术	46.39002
经皮(内镜的)空肠造口术[PEJ]	内镜下经皮空肠造瘘术	46.32002
回肠造口的延迟性切开	回肠造口延迟切开术	46.24001
节制性回肠造口术	回肠暂时性造口术	46.21001
结肠造口的延迟性切开	结肠造口延迟切开术	46.14001
腹腔镜下结肠暂时性造口术	结肠暂时性造口术	46.11001
结肠造口术	腹腔镜下结肠造口术	46.10007
肠外置术（二期）	二期肠外置术[Mikulicz手术]	46.04003
结肠-直肠吻合术	降结肠-直肠吻合术	45.94005
空肠-升结肠吻合术	小肠-升结肠吻合术	45.93012
空肠回肠吻合术	回肠-空肠吻合术	45.91001
小肠结肠部分切除术	小肠-结肠切除术	45.79022
腹腔镜下小肠部分切除术	腹腔镜下小肠病损切除术	45.33002
结肠部分切除术用于间置术	大肠部分切除用于间置术	45.52001
内镜下直肠钛夹止血术	胃镜下胃出血止血术	44.43002
内镜下乙状结肠病损切除术	电子肠镜下结肠息肉切除术	45.42007
内镜下空肠病损氩气刀治疗术（APC)	空肠病损切除术	45.33006
内镜下小肠病损切除术	内镜下十二指肠病损切除术	45.30001
回肠病损切除术	小肠病损切除术	45.33008
结肠镜下大肠活组织检查	结肠镜下活检	45.25003
食管胃十二指肠镜检查[EGD]伴活组织检查	胃十二指肠镜下活检	45.16001
开放性小肠活组织检查	直视下小肠活检术	45.15001
小肠其他内镜检查	小肠镜检查	45.13001
腹腔镜下胃限制性操作	腹腔镜下胃束带绑扎术	44.95001
腹腔镜垂直束带胃成形术（VBG）	腹腔镜下胃束带术	44.68002
腹腔镜下胃成形术	腹腔镜下胃修补术	44.68001
贲门成形术	食管-贲门成形术	44.65001
腹腔镜下胃固定术	胃固定术	44.64001
胃裂伤缝合术	胃破裂修补术	44.61003
食管胃吻合口成形术	食管-胃成形术[Belsey手术]	44.65002
胃肠吻合口修补术	胃-空肠吻合口闭合术	44.5 002
十二指肠切开止血术	胃镜下十二指肠止血术	44.43001
内镜下胃钛夹止血术	胃镜下胃出血止血术	44.43002
内镜下胃氩气刀止血术	胃病损氩气刀治疗术	43.41010
胃溃疡部位的缝合术	腹腔镜下胃溃疡修补术	44.41001
胃十二指肠吻合术（旁路）	胃-十二指肠吻合术	44.39003
腹腔镜下胃转流术（LRYGB)	胃转流术[胃-肠搭桥吻合术]	44.39004
腹腔镜下胃十二指肠吻合术	腹腔镜下胃-十二指肠吻合术	44.38003
腹腔镜下胃肠吻合术	腹腔镜下胃-空肠吻合术	44.38001
经皮[内镜的]胃空肠吻合术	内镜下经皮胃-空肠造瘘术	44.32001
胃电图	胃镜检查	44.13001
开放性胃活组织检查	直视下胃活检术	44.15001
胃镜下活组织检查	胃镜下活检	44.14002
闭合性[内镜的]胃活组织检查	胃镜下活检	44.14002
残胃切除，食管空肠吻合术	残胃切除术	43.99002
胃全部切除术伴肠间置术	全胃切除术伴空肠间置术	43.91001
腹腔镜胃大部切除伴胃空肠吻合术	腹腔镜下胃大部切除伴胃-空肠吻合术[Billroth Ⅱ式手术]	43.7 005
胃部分切除术伴胃空肠吻合术	胃大部切除伴胃-十二指肠吻合术[Billroth Ⅰ式手术]	43.6 001
腹腔镜胃大部切除伴胃十二指肠吻合术	腹腔镜下胃大部切除伴胃-空肠吻合术[Billroth Ⅱ式手术]	43.7 005
胃大部切除伴胃十二指肠吻合术	胃大部切除伴胃-十二指肠吻合术[Billroth Ⅰ式手术]	43.6 001
胃远端切除术伴胃-十二指肠吻合术	胃远端切除术	43.6 006
胃幽门切除术伴胃-十二指肠吻合术	胃幽门切除术	43.6 005
胃部分切除术伴胃十二指肠吻合术	胃大部切除伴胃-十二指肠吻合术[Billroth Ⅰ式手术]	43.6 001
胃近端切除伴食管-胃吻合术	胃近端切除术	43.5 007
内镜下胃息肉切除术	胃镜下胃病损电切术	43.41013
内镜下胃病损氩离子凝固术	胃病损氩气刀治疗术	43.41010
内镜下胃病损或胃组织切除术或破坏术	腹腔镜下胃病损切除术	43.41003
腹腔镜下幽门肌层切开术	腹腔镜下幽门环肌层切开术	43.3 001
改良食管肌层切开术[改良Heller手术]	食管肌层切开术[Heller手术]	42.7 003
食管肌层切开术	食管肌层切开术[Heller手术]	42.7 003
部分食管切除术	食管部分切除术	42.41005
内镜食管静脉曲张结扎术	胃镜下食管静脉曲张套扎术	42.33008
内镜食管病损氩离子凝固术	食管病损氩气刀治疗术	42.32003
内镜食管病损切除术	胃镜下食管病损切除术	42.33007
开放性食管活组织检查	直视下食管活检术	42.25001
闭合性[内镜的]食管活组织检查	食管镜下活检	42.24001
部分脾切除术	脾部分切除术	41.43001
开放性脾活组织检查	直视下脾活检术	41.33001
异体骨髓移植不伴净化	异体骨髓移植术	41.03001
自体骨髓移植不伴净化	自体骨髓移植术	41.01001
胸内淋巴结清扫术	肺门淋巴结清扫术	40.59007
锁骨上淋巴结清扫术	颌下淋巴结清扫术	40.59003
食管旁淋巴结清扫术	肺门淋巴结清扫术	40.59007
腔镜腋下淋巴结清扫术	腔镜下腋窝淋巴结清扫术	40.51002
根治性颈淋巴结清扫，双侧	双侧颈淋巴结清扫术	40.42001
根治性颈淋巴结清扫，单侧	单侧颈淋巴结清扫术	40.41001
腹主动脉旁淋巴结切除术	淋巴管瘤切除术	40.29010
其他淋巴结构单纯性切除术	单纯淋巴结切除术	40.29002
乳房内淋巴结切除术	内乳淋巴结清扫术	40.22001
深部颈淋巴结切除术	颈深部淋巴结切除术	40.21002
腹股沟淋巴结活组织检查	淋巴结活检	40.11002
腋窝淋巴结活组织检查	淋巴结活检	40.11002
锁骨上淋巴结活组织检查	淋巴结活检	40.11002
颈淋巴结活组织检查	淋巴结活检	40.11002
淋巴结构的活组织检查	淋巴结活检	40.11002
出血控制	伤口止血术	39.98001
其他灌注术	灌注治疗术	39.97001
血管-血管套管的修复术	血管至血管套管置入术	39.93003
血管-血管套管的置换术	血管至血管套管置换术	39.94001
血管-血管的套管的置入术	血管至血管套管置入术	39.93003
周围（非冠状的）血管非药物洗脱支架置入	周围血管非药物洗脱支架置入术	39.90001
经导管肾血管栓塞术	肾动脉栓塞术	39.79020
椎动脉栓塞术	颈动脉栓塞术	39.72005
胸主动脉分支覆膜支架置入术	胸主动脉分支覆膜支架置入术[一体带分支覆膜支架置入术]	39.73005
腹主动脉其他血管内移植物的植入	腹主动脉支架置入术	39.71001
经皮心肺搭桥	经皮体外循环	39.66002
低温(全身性)下开放性心脏手术	直视下心脏手术的低温疗法	39.62001
体外循环辅助开放性心脏手术	经皮体外循环	39.66002
主动脉缩窄术	主动脉瓣成形术	35.11001
动静脉瘘栓塞术	上肢动静脉瘘栓塞术	39.53007
动静脉瘘修补术	动静脉内瘘修补术	39.53012
动脉瘤折叠术	动脉瘤包裹术	39.52001
动脉瘤缝扎术	动脉瘤夹闭术	39.51003
动脉瘤其他修补术	动脉瘤破裂修补术	39.52002
大脑中动脉瘤夹闭术	动脉瘤夹闭术	39.51003
大脑前动脉瘤夹闭术	动脉瘤夹闭术	39.51003
腹主动脉球囊血管成形术	主动脉球囊扩张成形术	39.50014
上腔静脉缝合术	头静脉缝合术	39.32006
颈静脉缝合术	头静脉缝合术	39.32006
肱静脉缝合术	下腔静脉缝合术	39.32005
肱动脉缝合术	肱动脉修补术	39.31002
颈动脉缝合术	颈内动脉成形术	39.59006
肾动脉缝合术	肋间动脉修补术	39.31006
肺动脉缝合术	肺动脉修补术	39.59002
髂动脉缝合术	肋间动脉修补术	39.31006
肋间动脉缝合术	肋间动脉修补术	39.31006
腋动脉缝合术	肋间动脉修补术	39.31006
股动脉缝合术	股动脉修补术	39.31004
胫动脉缝合术	颈总动脉修补术	39.31005
颈动脉-颈动脉搭桥术	颈外动脉-颈内动脉自体血管搭桥术	39.22018
主动脉-颈动脉搭桥术	主动脉-颈动脉人工血管搭桥术	39.22012
锁骨下动脉-肱动脉搭桥术	锁骨下动脉-肱动脉自体血管搭桥术	39.22011
上腔静脉-右肺动脉吻合术	肺动脉-上腔静脉分流术	39.21001
经颈静脉肝内门体静脉吻合术	经颈静脉肝内门静脉-体静脉分流术[TIPS手术]	39.1 003
脾静脉-肾静脉吻合术	脾静脉-肾静脉分流术	39.1 005
动脉其他穿刺	股动脉穿刺术	38.98801
静脉导管插入术，为肾透析	为肾透析的静脉插管术	38.95001
静脉导管插入术	静脉插管术	38.93004
动脉导管插入术	肝动脉插管术	38.91601
下肢静脉的其他手术闭合	下肢静脉结扎术	38.89002
肾动脉结扎术	门静脉结扎术	38.87003
主动脉结扎术	动脉导管结扎术	38.85001
颈动脉结扎术	颈内动脉栓塞术	39.72004
颅内血管的其他手术闭合	颅内血管畸形夹闭术	38.81002
髂静脉病损切除术	下腔静脉病损切除术	38.67001
肾动脉瘤切除术	腹主动脉瘤切除术	38.64001
腹部动脉的其他切除术	腹主动脉瘤切除术	38.64001
上肢动脉瘤切除术	上肢血管病损切除术	38.63002
脑血管瘤切除术	颅内动脉瘤切除术	38.61002
颅内血管畸形切除术	颅内畸形血管切除术	38.61003
大隐静脉曲张分段切除术	小隐静脉高位结扎剥脱术	38.59006
下肢静脉曲张的结扎术和剥脱术	下肢静脉剥脱术	38.59005
主动脉瓣和升主动脉置换术（Cabrol手术）	Carbol手术	38.45012
主动脉瓣和升主动脉置换和冠脉移植术（Bentall手术）	Bentall手术	38.45008
肾静脉部分切除伴吻合术	腹部静脉部分切除伴吻合术	38.37001
腹静脉部分切除术伴吻合术	腹部静脉部分切除伴吻合术	38.37001
颅内血管部分切除伴吻合术	脑血管切除伴吻合术	38.31001
下肢静脉切开术	下肢静脉血栓切除术	38.09001
股动脉取栓术	股动脉血栓切除术	38.08001
下肢动脉切开术	下肢动脉血栓切除术	38.08002
肠系膜静脉取栓术	肠系膜上静脉血栓切除术	38.06004
门静脉取栓术	门静脉血栓切除术	38.07002
肾静脉取栓术	肾静脉血栓切除术	38.07004
下腔静脉取栓术	下腔静脉血栓切除术	38.07005
髂静脉取栓术	髂动脉血栓切除术	38.06003
髂动脉取栓术	髂动脉血栓切除术	38.06003
肠系膜动脉取栓术	肠系膜上动脉血栓切除术	38.06001
肺动脉取栓术	肺动脉血栓切除术	38.05001
上腔静脉取栓术	上腔静脉血栓切除术	38.05005
锁骨下动脉取栓术	锁骨下动脉血栓切除术	38.05003
其他胸部血管切开术	肺动脉探查术	38.05002
上肢动脉取栓术	上肢动脉血栓切除术	38.03001
上肢静脉取栓术	上肢静脉血栓切除术	38.03002
颈静脉取栓术	颈内静脉血栓切除术	38.02003
颈动脉取栓术	颈动脉血栓切除术	38.02001
左心耳结扎术	心耳结扎术	37.49006
自动心脏复律器置入术	自动心脏复律器置入术[AICD置入术]	37.94002
治疗性物质注入心包	心包局部灌注治疗	37.93001
心脏注射治疗	心包局部灌注治疗	37.93001
起搏器装置调整术	起搏器装置校正术	37.89002
首次置入双腔装置	双腔永久起搏器置入术	37.83001
首次单腔装置置入，节律反应	频率应答单腔永久起搏器置入术	37.82001
首次单腔装置置入	单腔永久起搏器置入术	37.81001
首次或置换永久起搏器置入	永久起搏器置入术	37.80001
脉冲发生器复位术	心脏起搏器囊袋修补术	37.79001
心脏装置的囊袋修复术或再定位术	心脏起搏器囊袋修补术	37.79001
经静脉心房和（或）心室导线[电极]的置换	经静脉心房和心室电极置换术	37.76001
心脏起搏器电极调整术	导线矫正术	37.75002
导线[电极]修复术	导线矫正术	37.75002
首次经静脉入心房置入导线[电极]	首次经静脉心房电极置入术	37.73001
首次经静脉入心房和心室置入导线[电极]	首次经静脉心房和心室电极置入术	37.72001
首次经静脉入心室置入导线[电极]	首次经静脉心房和心室电极置入术	37.72001
经皮置入外部心脏辅助装置	经皮心脏辅助装置置入术	37.68002
心脏辅助系统置换术	经胸心脏辅助装置置换术	37.63001
心脏辅助系统置入术	心脏泵置入术	37.62001
暂时性非植入型体外循环辅助系统的置入	体外循环	39.61001
心脏缝合术	心脏破裂修补术	37.49002
心包缝合术	心包修补术	37.49001
心室减容术	心室减容术[Batista手术]	37.35003
心脏微波消融术	经胸心脏微波消融术	37.33010
左室双腔心矫治术	左心室双心室矫治术	37.49013
右室双腔心矫治术	右心室双腔心矫治术	37.49011
心房隔膜切除术	心房部分切除术	37.33011
心脏其他病损或组织的切除术或破坏术，开放性入路	经胸心脏射频消融改良迷宫术	37.33001
侵入性电生理测定导管术	术中心脏电生理检查	37.26001
联合的右心和左心导管置入	左右心联合导管检查	37.23001
胸腔镜下心包开窗术	心包开窗术	37.12001
心包血块清除术	心包异物取出术	37.12006
心包切开闭式引流术	心包异物取出术	37.12006
心包切开术	心包开窗术	37.12001
心脏乳头肌切开术	心脏切开术	37.10001
心耳血栓清除术	心内膜切开术	37.11002
心脏切开术，未特指部位	冠状动脉肌桥切断术	37.11005
心脏穿刺异物去除术	心包穿刺术	37.0 001
四根或以上冠状动脉的(主动脉)冠状动脉旁路移植	主动脉-多支冠状动脉搭桥术	36.14001
三根冠状动脉的(主动脉)冠状动脉旁路移植	主动脉-三支冠状动脉搭桥术	36.13001
二根冠状动脉的(主动脉)冠状动脉旁路移植	主动脉-二支冠状动脉搭桥术	36.12001
一根冠状动脉的(主动脉)冠状动脉旁路移植	主动脉-一支冠状动脉搭桥术	36.11001
药物洗脱冠状动脉支架置入	经皮冠状动脉药物洗脱支架置入术	36.07003
冠状动脉裸支架置入术	经皮冠状动脉支架置入术	36.06003
冠状动脉药物涂层支架置入术	经皮冠状动脉非药物洗脱支架置入术	36.06004
改良方坦手术	半方坦手术[半Fontan手术]	35.94002
建立左心室和主动脉间通道	左心室尖-主动脉分流术	35.93001
拉斯特里氏手术	右心室-肺动脉分流术[Rastelli手术]	35.92001
Damus-Kaye-Stansel手术	Nikaidoh手术	35.84002
主动脉弓离断矫治术	完全动脉干矫正术	35.83001
肺动脉干加宽术	完全动脉干矫正伴室间隔缺损假体置入术	35.83002
肺动脉干全部矫正术	完全动脉干矫正术	35.83001
动脉干全部修补术	完全动脉干矫正术	35.83001
部分型肺静脉畸形引流矫治术	部分肺静脉异位引流矫正术	35.82006
心房间隔缺损的其他和未特指的修补术	房间隔缺损修补术	35.71001
用组织移植物的心内膜垫缺损修补术	心内膜垫缺损组织补片修补术	35.63002
用组织移植物的心室间隔缺损修补术	室间隔缺损组织补片修补术	35.62001
室间隔缺损闭式封堵术	经胸室间隔缺损闭式伞堵修补术	35.53003
完全型心内膜垫缺损人造补片矫治术	心内膜垫缺损假体修补术	35.54003
部分型心内膜垫缺损人造补片矫治术	心内膜垫缺损假体修补术	35.54003
心内膜垫缺损人造补片矫治术	心内膜垫缺损假体修补术	35.54003
心房间隔缺损假体修补术，闭合法	经胸房间隔缺损闭式伞堵修补术	35.51002
动脉圆锥切除术	右心室动脉圆锥切除术	35.34001
三尖瓣瓣环折叠术	二尖瓣瓣环成形术	35.33001
三尖瓣切开和其他置换术伴有组织移植物	三尖瓣生物瓣膜置换术	35.27001
肺动脉瓣切开和其他置换术	肺动脉瓣机械瓣膜置换术	35.26001
自体肺动脉移植术[Ross手术]	Ross手术	35.21002
三尖瓣成形术	直视下三尖瓣修补术	35.14001
三尖瓣修补术	直视下三尖瓣修补术	35.14001
无置换的开放性三尖瓣成形术	直视下三尖瓣修补术	35.14001
无置换的开放性二尖瓣成形术	直视下二尖瓣修补术	35.12001
经导管肺动脉瓣植入术	经皮肺动脉瓣置入术[PPVI术]	35.07001
经导管主动脉瓣置换术	经皮主动脉瓣置换术[TAVR术]	35.05002
经导管主动脉瓣植入术	经皮主动脉瓣置入术[TAVI术]	35.05001
闭合性心脏瓣膜切开术，三尖瓣	三尖瓣探查术	35.04001
闭合性心脏瓣膜切开术，肺动脉瓣	肺动脉瓣探查术	35.03002
闭合性心脏瓣膜切开术，二尖瓣	二尖瓣探查术	35.02003
闭合性心脏瓣膜切开术，主动脉瓣	主动脉瓣探查术	35.01002
胸膜腔药物注射治疗	化学胸膜固定术	34.92001
横膈起搏器置入	膈肌起搏器置入术	34.85001
横膈其他修补术	膈肌修补术	34.84003
横膈裂伤缝合术	膈肌裂伤缝合术	34.82003
横膈部分切除术	膈肌部分切除术	34.81003
横膈病损切除术	膈肌病损切除术	34.81002
横膈病损或横膈组织切除术	膈肌病损切除术	34.81002
支气管镜下支气管胸膜瘘修补术	支气管-胸膜瘘闭合术	34.73002
胸腔镜下胸膜划痕术	胸膜划痕术	34.6 001
横膈活组织检查	膈肌活检术	34.27001
胸腔镜下纵隔活组织检查	纵隔活检术	34.26001
内镜下纵隔活组织检查	纵隔闭合性活检	34.25002
胸腔镜下胸壁活组织检查术	胸壁活检	34.23001
经胸膜胸腔镜检查	胸腔镜检查	34.21002
胸腔镜胸膜活组织检查	胸膜活检	34.24001
纵隔切开术	纵隔切开探查术	34.1 001
胸腔镜下胸腔切开止血术	胸腔镜下止血术	34.09007
胸腔镜下胸腔切开异物取出术	胸腔内异物取出术	34.09009
开胸异物取出术	胸腔内异物取出术	34.09009
胸腔切开引流术	开胸引流术	34.09001
胸腔切开脓肿清除术	胸腔镜下脓胸清除术	34.09010
胸膜切开血肿清除术	开胸止血术	34.09002
胸腔术后再切开止血术	近期手术后胸腔内止血术	34.03002
近期胸廓切开部位的再切开	近期开胸术后再开胸术	34.03001
探查性胸廓切开术	开胸探查术	34.02001
经内镜支气管瓣膜置换，多叶	支气管镜下多叶支气管瓣置换术	33.73002
经内镜支气管瓣膜置入，多叶	支气管镜下多叶支气管瓣置入术	33.73001
经内镜支气管瓣膜置换，单叶	支气管镜下单叶支气管瓣置换术	33.71002
经内镜支气管瓣膜置入，单叶	支气管镜下单叶支气管瓣置入术	33.71001
肺移植术	单侧肺移植术	33.51001
胸腔镜下支气管成形术	支气管成形术	33.48001
内镜下支气管食管瘘闭合术	食管-支气管瘘修补术	33.42001
支气管瘘闭合术	食管-支气管瘘修补术	33.42001
胸膜腔注气术	胸腔注气术	33.32001
闭合性[经皮][针吸]肺活组织检查	经皮针吸肺活检	33.26002
闭合性[内镜的]支气管活组织检查	支气管镜下支气管活检	33.24001
支气管造口术	支气管切开术	33.0 002
胸腔镜下全肺切除术伴纵隔淋巴清扫	胸腔镜下全肺切除术	32.50001
胸腔镜下肺切除术	胸腔镜下全肺切除术	32.50001
肺节段切除术	肺段切除术	32.39001
胸腔镜肺叶节段切除术	胸腔镜下肺段切除术	32.30002
内镜下肺病损或肺组织的切除术或破坏术	胸腔镜下肺部分切除术	32.28008
胸腔镜下消融肺的病损或肺组织	胸腔镜下肺病损射频消融术	32.25001
经皮消融肺的病损或肺组织	经皮肺病损射频消融术	32.24001
胸腔镜下肺大疱折叠术	胸腔镜下肺大泡缝扎术	32.21005
肺大疱折叠术	肺大泡缝扎术	32.21001
内镜下支气管病损切除术	支气管镜下支气管病损切除术	32.01003
气管扩张管去除术	喉支架取出术	31.98004
气管硅胶管植入术	气管人工假体置入术	31.99002
气管注入局部作用的治疗性物质	气管内注射治疗物质	31.94001
内镜下声带粘连松解术	支撑喉镜下声带粘连松解术	31.92002
喉神经切断术	喉返神经切断术	31.91001
气管食管瘘修补术	气管-食管瘘闭合术	31.73002
气管造口闭合术	气管切开闭合术	31.72001
内镜下喉成形术	支撑喉镜下喉成形术	31.69005
甲状软骨成形术	喉甲状软骨修补术	31.69002
会厌成形术	喉成形术	31.69001
其他永久性气管造口术	永久性气管切开术	31.29001
暂时性气管造口术	暂时性气管切开术	31.1 005
支撑喉镜下声带注射术	声带注射	31.0 003
声带脂肪移植术	声带注射	31.0 003
全部喉切除术	全喉切除术	30.3 002
支撑喉镜下杓状软骨切除术	支撑喉镜下喉软骨切除术	30.29009
喉次全切除术	喉部分切除术	30.29003
喉裂开术	喉软骨切除术	30.29007
室带部分切除术	声带部分切除术	30.22002
舌骨部分切除术	喉部分切除术	30.29003
喉环状软骨切除术	喉软骨切除术	30.29007
内镜下声带切除术	支撑喉镜下声带切除术	30.22001
支撑喉镜下会厌切除术	会厌切除术	30.21001
内镜下声带病损切除术	支撑喉镜下声带病损切除术	30.09011
内镜下会厌病损激光切除术	支撑喉镜下会厌病损激光烧灼术	30.09007
内镜下会厌病损切除术	支撑喉镜下会厌病损切除术	30.09008
咽其他瘘管的闭合术	咽瘘缝合术	29.53002
鼻咽成形术	咽成形术	29.4 004
咽重建术	咽成形术	29.4 004
内镜下鼻咽病损切除术	支撑喉镜下咽部病损切除术	29.39005
咽部分切除术	咽部病损切除术	29.39013
翼腭窝病损切除术	硬腭病损局部切除术	27.31001
咽食管憩室切除术	咽憩室切除术	29.32001
支撑喉镜下咽部活组织检查	咽部活检	29.12002
咽活组织检查	咽部活检	29.12002
腺样增殖体切除术不伴扁桃体切除术	鼻内镜下经鼻腺样体切除术	28.6 001
内镜下扁桃体切除术	支撑喉镜下扁桃体切除术	28.2 003
扁桃体射频消融术	扁桃体切除术	28.2 002
咽后组织切开引流术	咽旁脓肿引流术	28.0 003
悬雍垂病损切除术	腭垂病损切除术	27.79001
腭瘘修补术	硬腭成形术	27.69005
悬雍垂腭咽成形术	悬雍垂-软腭-咽成形术[UPPP]	27.69007
腭的其他整形术	腭裂修补术	27.62003
腭裂修补术后的修复术	腭裂术后继发畸形矫正术	27.63002
腭裂修补术伴悬雍垂修补术	腭裂修补术伴腭垂修补术	27.62001
巨口矫形术	口形矫正术	27.59011
口成形术	口形矫正术	27.59011
唇带蒂皮瓣移植术	唇皮瓣移植术	27.57002
口内皮瓣移植术	交叉唇瓣转移术	27.57005
唇和口的带蒂皮瓣或皮瓣移植	唇皮瓣移植术	27.57002
口内皮肤移植术	唇中厚植皮术	27.56002
唇裂二期修复术	唇裂再修复术	27.54001
裂唇修补术	唇裂修复术	27.54002
口腔病损切除术	口底病损切除术	27.49007
厚唇成形术	唇病损切除术	27.43002
腭广泛切除术	硬腭病损广泛切除术	27.32001
硬腭病损切除术	硬腭病损局部切除术	27.31001
悬雍垂活组织检查	腭垂活检	27.22001
腮腺管移植术	腮腺管口移植术	26.49005
颌下腺导管重建术	唾液腺管修补术	26.49006
涎腺裂伤缝合术	唾液腺缝合术	26.41001
腮腺叶切除术	腮腺浅叶切除术	26.31009
涎腺病损切除术	舌下腺病损切除术	26.29013
舌系带整形术	舌系带延长术	25.91001
舌裂伤缝合术	舌缝合术	25.51001
根治性舌切除术	舌扩大性切除术	25.4 001
支撑喉镜下舌根部病损切除术	支撑喉镜下舌病损激光烧灼术	25.1 001
牙槽骨修整术	牙槽成形术	24.5 002
根尖囊肿切除术	根尖切除术	23.73002
牙周病损切除术	牙龈病损切除术	24.31003
根管治疗	根管治疗伴冲洗术	23.71001
假牙置入	牙齿种植	23.6 002
置入活动桥	牙活动桥安装	23.43001
置入固定桥	牙固定桥安装	23.42001
阻生牙拔除术	拔牙术	23.19003
全口牙拔除术	拔牙术	23.19003
拔除其他牙	齿钳拔牙	23.09003
额窦置管引流术	鼻窦造口术	22.9 002
额鼻管重建术	鼻窦成形术	22.79001
蝶窦病损切除术	鼻内窥镜下蝶窦病损切除术	22.64005
内镜下蝶窦切除术	鼻内窥镜下蝶窦病损切除术	22.64005
经考德威尔-卢克入路上颌窦病损切除术	上颌窦切开病损切除术(Caldwell-Luc手术)	22.61001
鼻窦病损切除术	上颌窦病损切除术	22.62004
鼻窦探查术	鼻窦切开异物取出术	22.50004
鼻窦切开术	鼻窦切开异物取出术	22.50004
额窦切开术	鼻内窥镜下额窦开窗术	22.41003
根治性上颌窦切开术	上颌窦根治术	22.31002
内镜下上颌窦探查术	鼻内窥镜下上颌窦开窗术	22.2 006
鼻窦闭合性[内镜的][针吸]活组织检查	鼻内窥镜下鼻窦活检	22.11002
经自然孔的鼻窦抽吸或灌洗	上颌窦穿刺抽吸灌洗	22.01003
鼻窦穿刺，为抽吸或灌洗	上颌窦穿刺抽吸灌洗	22.01003
鼻粘连松解术	鼻腔粘连松解术	21.91002
鼻翼上提术	再造鼻修整术	21.89004
硅胶支架植入隆鼻术	隆鼻伴人工假体置入术	21.85004
肋骨移植隆鼻术	隆鼻伴自体肋软骨移植术	21.85006
修正性鼻成形术	弯鼻鼻成形术	21.84004
前臂皮瓣鼻重建术	臂部皮瓣鼻再造术	21.83001
鼻甲切除术	鼻内窥镜下鼻甲切除术	21.69009
其他鼻甲切除术	鼻内窥镜下鼻甲切除术	21.69009
鼻甲激光切除术	鼻甲激光烧灼术	21.61006
用透热疗法或冷冻手术的鼻甲切除术	鼻甲冷冻切除术	21.61007
鼻部皮肤病损切除术	鼻皮肤病损切除术	21.32001
鼻息肉激光烧灼术	鼻内病损激光烧灼术	21.31005
内镜下鼻息肉切除术	鼻内窥镜下鼻内病损切除术	21.31002
鼻息肉切除术	鼻内病损切除术	21.31006
鼻病损切除术或破坏术	鼻内病损切除术	21.31006
鼻腔切开异物取出术	鼻切开异物取出术	21.1 003
鼻腔切开引流术	鼻切开引流术	21.1 004
控制鼻出血，用切除鼻黏膜并在鼻中隔和鼻侧壁植皮	鼻黏膜切除止血术	21.07001
控制鼻出血，用颈外动脉结扎术	颈外动脉结扎止血术	21.06001
控制鼻出血，用(经上颌窦)颌动脉结扎术	上颌动脉结扎止血术	21.05001
鼻出血激光烧灼术	鼻内窥镜下鼻微波烧灼止血术	21.03003
控制鼻出血，用后鼻孔（和前鼻孔）填塞	前后鼻孔填塞止血	21.02001
人工耳蜗置换术	人工耳蜗置入术	20.96001
半规管瘘修补术	前庭窗修补术[卵圆窗修补术]	20.93001
乳突切除术的修复术	乳突术后清创术	20.92001
迷路部分切除术	迷路减压术	20.79001
颈静脉球瘤切除术	中耳病损切除术	20.51001
根治性乳突切除术	乳突根治术	20.42001
单纯乳突切除术	乳突单纯切除术	20.41001
中耳和内耳其他诊断性操作	中耳镜检查	20.39001
中耳粘连松解术	鼓室粘连松解术	20.23001
岩尖凿开术	岩锥气房切开术	20.22001
鼓膜切开术伴置管	鼓室置管术	20.01005
乳突腔内植皮术	乳突肌成形术	19.9 002
中耳成形术	I型鼓室成形术	19.4 004
鼓室成形术，III型	III型鼓室成形术	19.53001
鼓室成形术,I型	I型鼓室成形术	19.4 004
鼓膜成形术	鼓膜修补术	19.4 002
镫骨粘连松解术	镫骨切除术的修正术	19.29001
耳后皮肤移植术	耳游离皮瓣移植术	18.79009
断耳再接术	断耳再植术	18.72001
耳郭建造术	耳廓成形术	18.71001
外耳道植皮术	外耳道成形术	18.6 001
耳前突矫正术	招风耳矫正术	18.5 001
耳廓病损切除术	外耳病损切除术	18.29001
外耳其他病损切除术或破坏术	外耳道病损切除术	18.29009
耳廓切开引流术	耳前脓肿切开引流术	18.09001
外耳道切开异物取出术	外耳道探查术	18.02003
耳廓造孔	耳垂造孔术	18.01001
颅内血管经皮粥样硬化切除术	经皮颅内血管粥样斑块切除术	17.54001
经皮颅外血管粥样硬化切除术	经皮颅外血管粥样斑块切除术	17.53002
内镜机器人援助操作	机器人辅助内窥镜手术	17.44001
腹腔镜横结肠部分切除术	腹腔镜下结肠部分切除术	17.39002
腹腔镜直肠乙状结肠部分切除术	腹腔镜下乙状结肠部分切除术	17.36001
"腹腔镜下双侧腹股沟疝无张力修补术,一侧直疝一侧斜疝"	腹腔镜下双侧腹股沟疝无张力修补术，一侧直疝一侧斜疝	17.23001,
腹腔镜双侧腹股沟斜疝修补术，伴有移植物或假体	腹腔镜下双侧腹股沟斜疝无张力修补术	17.22001
腹腔镜双侧腹股沟直疝修补术，伴有移植物或假体	腹腔镜下双侧腹股沟直疝无张力修补术	17.21001
腹腔镜腹股沟斜疝修补术，伴有移植物或假体	腹腔镜下单侧腹股沟斜疝无张力修补术	17.12001
腹腔镜腹股沟直疝修补术，伴有移植物或假体	腹腔镜下单侧腹股沟直疝无张力修补术	17.11001
去除眼眶植入物	眶植入物去除术	16.72001
去除眼植入物	义眼台取出术	16.71003
用移植物的眼摘除腔修复术	眼窝凹陷填充术	16.63002
二期眼植入物置入	义眼二期置入术	16.61001
眼球其他摘除术	眼球摘除术	16.49001
眶活组织检查	眼眶活检	16.23001
内镜下眶内异物取出术	眼内异物取出术	16.1 001
眶切开异物取出术	眼内异物取出术	16.1 001
去除眼穿透性异物	眼内异物取出术	16.1 001
眶减压术	一个眶壁减压术	16.09004
眶切开引流术	眶内脓肿引流术	16.93001
其他眼眶切开术	眶切开探查术	16.09001
眼眶切开术伴置入眼眶植入物	眶切开术伴有植入眶植入物	16.02001
外侧开眶术	眶外侧壁切开术	16.01001
眼肌粘连松解术	眼外肌粘连松解术	15.7 002
视网膜松解术	视网膜下放液术	14.9 004
视网膜切开术	视网膜下放液术	14.9 004
玻璃体气液交换术	玻璃体腔气液交换术	14.79002
玻璃体药物注射术	玻璃体腔药物注射术	14.79004
玻璃体硅油填充术	玻璃体腔内替代物注射术	14.75001
注射玻璃体替代物	玻璃体腔内替代物注射术	14.75001
经前入路的机械性玻璃体切除术	前入路玻璃体切割术	14.73001
去除玻璃体，前入路	前入路玻璃体切除术	14.71001
巩膜环扎带取出术	巩膜外环扎带取出术	16.71001
玻璃体气液交换，视网膜复位术	玻璃体腔气液交换术	14.79002
巩膜缩短术	巩膜修补术	12.89005
用激光光凝固法的视网膜脱离修补术	视网膜脱离激光治疗术	14.54001
用氙弧光凝固法的视网膜脱离修补术	视网膜脱离复位术	14.53002
用冷冻疗法的视网膜脱离修补术	视网膜脱离冷冻术	14.52001
用激光光凝固法的视网膜裂伤修补术	视网膜激光凝固术	14.34001
黄斑光动力学治疗(PDT)	视网膜病损激光凝固术	14.24002
用氙弧光凝固法的脉络膜视网膜病损破坏术	视网膜病损氙弧光凝固术	14.23001
用冷冻疗法的脉络膜视网膜病损破坏术	脉络膜病损冷冻术	14.22001
用透热法的脉络膜视网膜病损破坏术	脉络膜病损透热术	14.21001
视网膜活组织检查	后入路腰骶融合术	81.08013
脉络膜活组织检查	玻璃体诊断性抽吸	14.11001
去除眼后节异物	眼后节异物去除术	14.02001
眼内镜假体置入	可植入式隐形眼镜置入术[ICL置入术]	13.91001
去除置入的晶状体	人工晶体取出术	13.8 003
眼内人工晶状体二期置入	人工晶体二期置入术	13.72001
晶状体后囊膜激光切开术	增殖膜切除术	13.65002
晶状体前囊膜切除术	增殖膜切除术	13.65002
后发膜切除术[复发性白内障]	增殖膜切除术	13.65002
晶状体其他囊外摘出术	白内障囊外摘除术	13.59001
白内障晶状体机械性碎裂术和其他抽吸	白内障切割吸出术	13.43001
白内障晶状体机械性碎裂术和抽吸，用后入路	经后路白内障切割吸出术	13.42001
晶状体刮匙摘除术	晶状体单纯抽吸囊外摘除术	13.3 001
晶状体的其他囊内摘出术	白内障囊内摘除术	13.19004
不使用磁吸法的去除晶状体异物	晶状体切开异物取出术	13.02001
睫状体固定术	睫状体复位术	12.98002
巩膜外加压术伴填充	巩膜环扎术伴空气填充	14.49004
用移植物的巩膜加固术	后巩膜加固术	12.87004
用移植物的巩膜葡萄肿修补术	巩膜葡萄肿移植物修补术	12.85001
巩膜环扎带修正术	巩膜外环扎带取出术	16.71001
前房导管术	青光眼阀置入术	12.67007
巩膜造口术后修复术	巩膜造瘘术后修正术	12.66001
其他巩膜造口术伴虹膜切除术	虹膜周边切除伴巩膜造瘘术[谢氏手术]	12.65004
睫状体切开术	睫状体分离术	12.55001
眼前房角切开不伴眼前房角穿刺	前房角切开术	12.52001
眼前房角穿刺不伴眼前房角切开	前房角穿刺术	12.51001
前房机化膜切除术	眼前房病损激光切除术	12.41001
虹膜复位术	虹膜还纳术	12.39004
虹膜离断缝合术	虹膜修补术	12.39001
滤过泡针拨术	瞳孔膜穿刺术	12.35003
虹膜激光切开术	虹膜切开术	12.12001
眼前节非磁性异物取出术	眼前房切开异物取出术	12.02002
不用磁吸法的去除眼前节眼内异物	眼前房切开异物取出术	12.02002
用磁吸法去除眼前节眼内异物	眼内异物磁吸取出术	12.01001
去除角膜人工植入物	植入角膜去除术	11.92001
角膜鲸墨法	角膜染色术[墨针]	11.91001
羊膜移植眼表重建术	表面角膜镜片术	11.76001
不规则散光矫正术	表面角膜镜片术	11.76001
放射性角膜切开术	放射状角膜切开术[RK]	11.75001
角膜热成形术	角膜交联术	11.74001
准分子激光角膜上皮瓣下磨镶术（LASEK）	准分子激光上皮下角膜磨镶术[LASEK]	11.72003
微型角膜刀法准分子激光角膜上皮瓣下磨镶术（Epi-LASIK）	机械法准分子激光上皮下角膜磨镶术[Epi-LASEK]	11.72004
准分子原位角膜磨镶术	准分子激光角膜原位磨镶术[LASIK]	11.72002
用自体移植物的穿透性角膜成形术	穿透性自体角膜移植术	11.63001
其他板层角膜成形术	羊膜移植的角膜成形术	11.64002
角膜缝线调整术	角膜修补术	11.59001
用结膜瓣的角膜裂伤或伤口修补术	结膜瓣角膜修补术	11.53001
板层角膜切除术	角膜板层切除术	11.49001
翼状胬肉切除伴结膜移植术	翼状胬肉切除术	11.39001
胬肉其他切除术	翼状胬肉切除术	11.39001
磁吸法去除嵌入角膜异物	角膜异物磁吸去除术	11.0 001
结膜裂伤修补术	结膜撕裂修补术	10.6 002
羊膜移植结膜修补术	结膜滤过泡瘘修补术	10.49002
结膜穹隆口唇黏膜移植重建术	结膜穹窿口唇黏膜移植重建术	10.42003
结膜穹隆羊膜移植重建术	结膜穹窿羊膜移植重建术	10.42002
用游离移植物的结膜穹窿重建术	结膜穹窿游离移植物重建术	10.42001
用游离移植物的睑球粘连修补术	睑球粘连游离移植物修补术	10.41001
结膜泪囊鼻腔吻合术	结膜泪囊-鼻腔吻合术[CDCR手术]	09.82001
泪小管修补术	泪小管成形术	09.73001
泪点修补术	泪道重建术	09.73004
人工泪管取出术	人工泪管置入术	09.44003
鼻泪道扩张模置入术	鼻泪管扩张模置入术	09.49001
全部泪腺切除术	泪腺全部切除术	09.23001
其他部分泪腺切除术	泪腺部分切除术	09.22001
泪腺切除术	泪腺全部切除术	09.23001
泪腺切开术	泪囊切开引流术	09.0 001
眼睑板层裂伤的其他修补术	眼睑全层及睑缘裂伤修补术	08.84001
其他全层眼睑重建术	眼睑全层重建术	08.74001
涉及睑缘全层的眼睑重建术	眼睑全层重建术	08.74001
其他板层的眼睑重建术	眼睑板层重建术	08.72001
涉及睑缘，板层的眼睑重建术	眼睑全层伴睑缘重建术	08.73001
眼睑重建术	眼睑全层重建术	08.74001
用结膜睑板移植片的眼睑重建术	眼睑结膜睑板移植重建术	08.64001
用黏膜瓣或移植物的眼睑重建术	黏膜瓣移植眼睑重建术	08.62001
用皮瓣或移植物的眼睑重建术	游离皮瓣移植眼睑重建术	08.61004
眦成形术	内眦成形术	08.59004
睑缝合术	眼睑缝合术	08.52001
睑内翻矫正术	眼睑内翻矫正术	08.49002
睑外翻矫正术	眼睑外翻矫正术	08.49003
睑外翻矫正伴睑重建术	眼睑外翻矫正伴睑重建术	08.44002
睑外翻楔形切除修补术	眼睑外翻楔形切除修补术	08.43001
睑轮匝肌缩短睑内翻修补术	眼睑内翻睑轮匝肌重叠修补术	08.42003
睑内翻缝合修补术	眼睑内翻缝合术	08.42001
睑内翻热灼修补术	眼睑内翻热灼修补术	08.41001
硬脑膜异体额肌悬吊术	上睑下垂异体组织额肌悬吊术	08.32002
上睑下垂修补术，用额肌法伴筋膜吊带法	上睑下垂缝线悬吊术	08.32001
额肌缝线睑下垂修补术	上睑下垂额肌瓣悬吊术	08.31001
上睑下垂修补术，用额肌法伴缝合术	上睑下垂额肌瓣悬吊术	08.31001
眼睑较大的病损切除术，全层	眼睑病损全层切除术	08.24001
眼睑较大的病损切除术，板层	眼睑病损板层切除术	08.23001
眼睑其他较小的病损切除术	眼睑小病损切除术	08.22003
睑缝合后切开术	眼睑缝合后切开术	08.02001
胸腔镜下胸腺切开术	胸腺切开探查术	07.92001
胸腺病损切除术	胸腺病变切除术	07.81005
经蝶骨垂体脓肿清除术	经蝶骨垂体病损切除术	07.62002
经蝶骨垂体切开引流术	经蝶骨垂体探查术	07.72002
经蝶骨垂体血肿清除术	经蝶骨垂体探查术	07.72002
垂体腺全部切除术	垂体切除术	07.69001
垂体腺部分切除术	垂体病损切除术	07.63001
垂体腺部分切除术，经前额入路	经额垂体病损切除术	07.61001
腹腔镜双侧肾上腺切除术	腹腔镜下肾上腺部分切除术	07.29002
其他部分肾上腺切除术	肾上腺部分切除术	07.29003
垂体腺活组织检查，经蝶骨入路	经蝶骨垂体活检	07.14001
垂体腺活组织检查，经前额入路	经额垂体活检	07.13001
开放性肾上腺活组织检查	直视下肾上腺活检术	07.12002
移植甲状旁腺切除术	移植自体甲状旁腺切除术	06.89005
胸骨下甲状腺全部切除术	胸骨后甲状腺全部切除术	06.52001
胸骨下甲状腺部分切除术	胸骨后甲状腺部分切除术	06.51002
胸骨下甲状腺切除术	胸骨后甲状腺全部切除术	06.52001
腔镜下甲状腺全部切除术	腔镜下双侧甲状腺全部切除术	06.4 005
甲状腺全部切除术	双侧甲状腺全部切除术	06.4 003
甲状腺大部切除术	单侧甲状腺次全切除术	06.39004
单侧甲状腺切除伴他叶部分切除术	单侧甲状腺切除伴其他叶部分切除术	06.2 005
超声引导下甲状旁腺活组织检查	甲状旁腺活检	06.13001
开放性甲状腺活组织检查	直视下甲状腺活检术	06.12001
超声引导下经皮甲状腺活组织检查术	甲状腺穿刺活检	06.11001
闭合性[经皮][针吸]甲状腺活组织检查	甲状腺穿刺活检	06.11001
甲状腺区的其他切开术	颈部探查术	06.09004
腹腔无水酒精神经阻滞术	交感神经麻醉剂注射止痛	05.31003
交感神经病损切除术	胸交感神经切除术	05.29002
去除周围神经刺激器导线	周围神经电刺激器去除术	04.93001
正中神经修复术	正中神经调整术	04.75003
周围神经修复术	周围神经调整术	04.75002
颅神经修复术	颅神经调整术	04.75001
正中神经吻合术	正中神经调整术	04.75003
尺神经吻合术	尺神经延迟修补术	04.76002
桡神经移位术	桡神经浅支移位术	04.6 018
指神经移植术	颅神经移植术	04.5 005
面神经微血管减压术	经后颅窝面神经减压术	04.42006
面神经减压术	经后颅窝面神经减压术	04.42006
三叉神经根的减压术	三叉神经减压术	04.41003
喉返神经缝合术	迷走神经干吻合术	04.3 028
迷走神经缝合术	迷走神经干吻合术	04.3 028
颅和周围神经的缝合术	颅神经缝合术	04.3 004
肋间神经冷冻术	周围神经破坏术	04.2 003
脊髓神经根射频消融术	脊神经根射频消融术	04.2 011
周围神经活组织检查	直视下周围神经活检术	04.12002
颅神经活组织检查	直视下颅神经活检术	04.12001
面神经切除术	周围神经切除术	04.07027
尺神经病损切除术	周围神经病损切除术	04.07015
臂丛神经病损切除术	周围神经病损切除术	04.07015
舌神经撕脱术	周围神经病损切除术	04.07015
下牙槽神经撕脱术	面神经病损切除术	04.07014
周围神经节切除术	周围神经病损切除术	04.07015
颅神经节切除术	颅神经病损切除术	04.07010
上牙槽神经切断术	牙槽神经探查术	04.04025
经乙状窦后入路听神经瘤切除术	听神经病变切除术	04.01001
听神经瘤切除术	听神经病变切除术	04.01001
为镇痛的椎管麻醉药注射	椎管内止痛剂注入术	03.91004
脊髓和神经根粘连的松解术	脊髓神经根粘连松解术	03.6 005
腰椎骨折切开复位内固定术	脊椎骨折复位术	03.53001
胸椎骨折切开复位内固定术	脊椎骨折复位术	03.53001
颈椎骨折切开复位内固定术	脊椎骨折复位术	03.53001
脊椎骨折切开复位内固定术	脊椎骨折复位术	03.53001
脊膜膨出修补术	脑脊膜膨出修补术	03.51003
脊髓病损切除术	椎管内病损切除术	03.01002
腰大池引流术	腰椎穿刺	03.31002
椎管扩大成形术，双开门	颈椎后路双开门椎管减压术	03.09004
椎管扩大成形术，单开门	颈椎后路单开门椎管减压术	03.09003
椎间盘粘连松解术	脊柱关节松解术	80.49002
脊神经根探查术	脊髓神经根探查术	03.09020
去除椎管异物	椎管内异物去除术	03.01001
脑室腹腔分流管重置术	脑室分流管置换术	02.42002
脑室腹腔分流管调整术	脑室分流管修正术	02.42004
侧脑室腹腔内分流术	脑室-腹腔分流术	02.34002
脑室分流术至腹腔和腹部器官	脑室-腹腔分流术	02.34002
透明隔造瘘术	神经内镜下第三脑室底造瘘术	02.22001
脑室小脑延髓池分流术	脑室-小脑延髓池分流术[Torkildsen手术]	02.22004
脑室分流术	脑室-静脉窦分流术	02.22005
脑室Ommaya泵置入术	Ommaya囊置入术	02.21001
神经内镜第三脑室造口术	脑室-脑池分流术	02.22002
硬脑膜补片修补术	人工硬脑膜补片修补术	02.12009
脑脊液漏修补术	脑脊液切口瘘修补术	02.12006
硬脑膜缺损修补术	人工硬脑膜补片修补术	02.12009
其他颅骨成形术	颅骨修补术	02.06003
颅骨骨膜异体移植术	条带状颅骨切除术	02.01003
选择性杏仁核海马切除术	胼胝体病损切除术	01.59025
颞下窝病损切除术	经额脑病损切除术	01.59013
脑部分切除术	大脑病损切除术	01.59003
脑清创术	大脑清创术	01.59004
脑病损切除术	大脑病损切除术	01.59003
脑血肿切开引流术	脑内血肿清除术	01.39009
大脑半球切开术	脑切开术	01.39007
脑切开异物取出术	脑内异物取出术	01.39004
内镜下脑血肿引流术	神经内镜下脑内血肿引流术	01.39014
脑立体定向血肿碎吸术	立体定向颅内血肿穿刺引流术	01.39013
经颞叶脑血肿清除术	经颞叶脑内血肿清除术	01.39011
胼胝体切开术	脑胼胝体切开术	01.32005
硬脑膜下切开引流术	脑膜切开伴硬脑膜下脓肿引流术	01.31003
颅骨骨碎片取除术	颅骨清创术	01.25003
颅骨去骨瓣减压术	颅骨切除减压术	01.24006
颞肌下减压术	颞骨部分切除术	01.25008
颅骨钻孔引流术	颅骨钻孔减压术	01.24007
颅内血肿清除术	脑内血肿清除术	01.39009
环枕减压术	颅骨切除减压术	01.24006
其他颅骨切开术	开颅探查术	01.24005
颅骨切开术部位的再切开	颅骨原切口再切开术	01.23001
去除颅内神经刺激器导线	颅内神经电刺激器去除术	01.22001
脑静脉窦切开引流术	颅静脉窦切开修补术	01.21001
开放性大脑活组织检查	直视下脑活检术	01.14001
神经导航下颅内病变活组织检查	立体定向脑活检	01.13002
开放性脑膜活组织检查	直视下脑膜活检术	01.12001
颅内压监测	视频脑电图监测	89.19001
颅内穿刺引流术	脑室穿刺术	01.09002
小脑穿刺术	脑室穿刺术	01.09002
手术中神经生理监测	术中神经生理监测	00.94001
髋关节表面置换，部分的，髋臼	髋臼表面置换术	00.87001
髋关节表面置换，部分的，股骨头	股骨头表面置换术	00.86001
髋关节表面置换，全部，髋臼和股骨头	全髋关节表面置换术	00.85001
全膝关节置换修复术，胫骨置入（衬垫）	膝关节胫骨假体翻修术	00.81001
膝关节置换修复术，髌骨成分	膝关节髌骨假体翻修术	00.83001
膝关节置换修复术，股骨成分伴胫骨（衬垫）置入	膝关节股骨假体翻修术	00.82001
膝关节置换修复术，股骨成分	膝关节股骨假体翻修术	00.82001
膝关节置换修复术，胫骨成分	膝关节胫骨假体翻修术	00.81001
膝关节置换修复术，全部（所有成分）	全膝关节假体翻修术	00.80001
人工股骨头修复术	髋关节股骨假体翻修术	00.72001
髋关节置换修复术，股骨成分	髋关节股骨假体翻修术	00.72001
髋关节髋臼假体翻修术	髋臼假体翻修术	00.71001
髋关节置换修复术，髋臼成分	髋臼假体翻修术	00.71001
全髋关节假体翻修术	髋关节假体翻修术	00.70001
髋关节置换修复术，双髋臼和股骨成分	髋关节假体翻修术	00.70001
外周静脉内压力测量	周围动脉血管内压力测量	00.68002
血管内压力测量	周围动脉血管内压力测量	00.68002
主动脉血管内压测定	胸腔内动脉血管内压力测量	00.67001
胸内动脉的血管内压力测量	胸腔内动脉血管内压力测量	00.67001
经皮冠状动脉腔内血管成形术[PTCA]	经皮冠状血管成形术	00.66003
经皮椎动脉非药物洗脱支架置入术	经皮椎动脉支架置入术	00.64009
股总动脉药物洗脱支架置入术	经皮股动脉药物洗脱支架置入术	00.55007
心脏再同步除颤器置入，全系统[CRT-D]	心脏再同步除颤器脉冲发生器置入术[CRT-D置入术]	00.51002
置入四根或更多根血管的支架	置入四个以上血管支架	00.48002
置入三根血管的支架	置入三个血管支架	00.47001
置入两根血管的支架	置入两个血管支架	00.46001
置入一根血管的支架	置入一个血管支架	00.45001
分支血管操作	血管分叉部位的操作	00.44001
单根血管操作	单一血管的操作	00.40001
多数据的计算机辅助外科手术	显像导航计算机辅助外科	00.35001
MR/MRA的计算机辅助外科手术	MR/MRA神经导航辅助外科	00.32001
CT导航计算机辅助外科手术	CT/CTA计算机辅助外科	00.31001
肾血管的血管内显像	肾血管血管内超声(IVUS)	00.25002
冠状血管的血管内显像	冠状动脉血管内超声(IVUS)	00.24001
下肢血管血管内超声(IVUS)	腿血管血管内超声(IVUS)	00.23004
上肢血管血管内超声(IVUS)	臂血管血管内超声(IVUS)	00.23003
周围血管的血管内显像	周围血管血管内超声(IVUS)	00.23002
胸内血管的血管内显像	胸内血管血管内超声(IVUS)	00.22002
颅外脑血管的血管内显像	颅外脑血管血管内超声(IVUS)	00.21003
输注免疫抑制抗体疗法	单克隆抗体治疗	00.18001
大剂量白细胞介素-2[IL-2]输注	输注白细胞介素	00.15001
