Graves病史	个人史
酮症酸中毒史	个人史
上肢骨折史	个人史
下肢静脉曲张史	个人史
下肢骨折史	个人史
丹毒史	个人史
乳癌史	个人史
乳腺恶性肿瘤史	个人史
乳腺癌史	个人史
产后出血史	个人史
休克史	个人史
会厌炎史	个人史
保守治疗史	个人史
冠心病史	个人史
冠状动脉粥样硬化性心脏病史	个人史
分娩史	个人史
创伤史	个人史
前列腺恶性肿瘤史	个人史
剥脱性皮炎史	个人史
动静脉瘘史	个人史
十二指肠溃疡史	个人史
卵巢恶性肿瘤史	个人史
呼吸衰竭史	个人史
哮喘史	个人史
多囊卵巢综合征史	个人史
妊娠史	个人史
妊娠期高血压史	个人史
妊娠期高血压病史	个人史
子宫内膜异位症史	个人史
子宫出血史	个人史
子痫史	个人史
孕史	个人史
室性早搏史	个人史
室间隔缺损史	个人史
宫外孕史	个人史
宫颈恶性肿瘤史	个人史
宫颈裂伤史	个人史
尖锐湿疣史	个人史
巨细胞病毒感染史	个人史
带状疱疹史	个人史
干燥综合征史	个人史
干眼症史	个人史
异位妊娠史	个人史
异常史	个人史
心包炎史	个人史
心律失常史	个人史
心房颤动史	个人史
心梗史	个人史
心肌梗塞史	个人史
心肌病史	个人史
心脏预激综合征史	个人史
心衰史	个人史
恶性肿瘤史	个人史
感染史	个人史
房间隔缺损史	个人史
房颤史	个人史
扁桃体炎史	个人史
手术史	个人史
扩张史	个人史
抑制史	个人史
支气管哮喘史	个人史
支气管扩张史	个人史
支气管扩张病史	个人史
早产史	个人史
栓塞史	个人史
梅毒史	个人史
死亡史	个人史
气胸史	个人史
流产史	个人史
消化道出血史	个人史
淋巴瘤史	个人史
溃疡史	个人史
溃疡性结肠炎史	个人史
溶血史	个人史
激光碎石术史	个人史
狭窄史	个人史
甲亢史	个人史
甲减史	个人史
甲状腺功能减退史	个人史
甲状腺恶性肿瘤史	个人史
甲状腺炎史	个人史
病毒感染史	个人史
癫痫史	个人史
白血病史	个人史
皮炎史	个人史
皮肌炎史	个人史
盆腔炎史	个人史
眼外伤史	个人史
眼底出血史	个人史
破裂史	个人史
穿孔史	个人史
类风湿关节炎史	个人史
类风湿性关节炎史	个人史
粒细胞缺乏史	个人史
粘连史	个人史
紫癜史	个人史
结肠恶性肿瘤史	个人史
结肠癌史	个人史
结节病史	个人史
综合征史	个人史
缺铁性贫血史	个人史
羊水栓塞史	个人史
羊水过多史	个人史
肋骨骨折史	个人史
肌无力危象史	个人史
肝功能不全史	个人史
肝损伤史	个人史
肠炎史	个人史
肠瘘史	个人史
肠穿孔史	个人史
肥胖史	个人史
肱骨骨折史	个人史
肺动脉栓塞史	个人史
肺栓塞史	个人史
肺炎史	个人史
肾功能不全史	个人史
肾恶性肿瘤史	个人史
肾炎史	个人史
肾病综合征史	个人史
肾盂肾炎史	个人史
肾结石史	个人史
胃恶性肿瘤史	个人史
胃溃疡史	个人史
胃炎史	个人史
胆囊恶性肿瘤史	个人史
胆囊炎史	个人史
胎儿畸形史	个人史
胎盘早剥史	个人史
胎膜早破史	个人史
胰腺恶性肿瘤史	个人史
胰腺炎史	个人史
胸腔积液史	个人史
胸膜炎史	个人史
脊柱炎史	个人史
脊髓炎史	个人史
脑出血史	个人史
脑外伤史	个人史
脑梗塞史	个人史
脑梗死史	个人史
脑病史	个人史
脑肿瘤史	个人史
脑脓肿史	个人史
脑膜炎史	个人史
脑血栓史	个人史
腓骨骨折史	个人史
腮腺炎史	个人史
腰椎间盘突出史	个人史
腹水史	个人史
腹痛史	个人史
腹股沟疝史	个人史
膀胱恶性肿瘤史	个人史
自杀史	个人史
舌恶性肿瘤史	个人史
舌癌史	个人史
荨麻疹史	个人史
药疹史	个人史
葡萄胎史	个人史
血栓形成史	个人史
视神经炎史	个人史
贫血史	个人史
输尿管恶性肿瘤史	个人史
输尿管积水史	个人史
输尿管结石史	个人史
重症肌无力史	个人史
锁骨骨折史	个人史
闭经史	个人史
阑尾炎史	个人史
阴道炎史	个人史
震颤史	个人史
青光眼史	个人史
颅内静脉窦血栓形成史	个人史
颈椎病史	个人史
风疹史	个人史
食管恶性肿瘤史	个人史
骨折史	个人史
骨盆骨折史	个人史
骨髓抑制史	个人史
髋关节脱位史	个人史
髌骨骨折史	个人史
高脂血症史	个人史
黄疸史	个人史
鼻咽恶性肿瘤史	个人史
鼻息肉史	个人史
鼻炎史	个人史
子痫前期史	个人史
21三体	中心词
5氨基水杨酸	中心词
AIDS	中心词
Addison病	中心词
Alzheimer病	中心词
A族溶血性链球菌感染	中心词
Bernhardt病	中心词
Charcot关节病	中心词
Cushing综合征	中心词
DIC	中心词
EB病毒感染性传染性单核细胞增多症	中心词
Fallot心脏畸形	中心词
Graves病	中心词
Horner综合征	中心词
Huntinton舞蹈病	中心词
Isaacs综合征	中心词
Meniere病	中心词
Menkes病	中心词
Parkinson病	中心词
Roth病	中心词
SOX方案	中心词
Sudeckrsquo萎缩	中心词
X综合征	中心词
pellagra病	中心词
β内酰胺	中心词
牛肉绦虫病	中心词
猪肉绦虫病	中心词
纵隔癌	中心词
角膜基质炎	中心词
造血系统恶性肿瘤	中心词
造血调节因子水平异常	中心词
黑点癣	中心词
三叉神经疾病	中心词
三叉神经痛	中心词
三叉神经痛待查	中心词
三尖瓣关闭不全	中心词
三尖瓣狭窄	中心词
三尖瓣疾病	中心词
上呼吸道急性病毒性感染	中心词
上呼吸道感染	中心词
上感	中心词
上消化道出血	中心词
上消化道溃疡	中心词
上消化道粘膜撕裂	中心词
上消化道静脉曲张	中心词
上皮癌	中心词
上睑下垂	中心词
上肢恶性肿瘤	中心词
上肢疾病	中心词
上肢相关神经疾病	中心词
上肢神经损伤	中心词
上肢肌肉损伤	中心词
上肢肌肉肌腱腱鞘疾病	中心词
上肢肿物	中心词
上肢血管疾病	中心词
上肢骨恶性肿瘤	中心词
上肢骨折	中心词
上肢骨疾病	中心词
上肢骨肿物	中心词
上肢骨脱位	中心词
上颌窦癌	中心词
下丘脑垂体性综合征	中心词
下丘脑垂体感染性疾病	中心词
下丘脑垂体激素分泌过多性疾病	中心词
下丘脑垂体激素分泌过少性疾病	中心词
下咽癌	中心词
下尿道感染性疾病	中心词
下睑袋	中心词
下睑赘皮	中心词
下肢恶性肿瘤	中心词
下肢感染性疾病	中心词
下肢畸形	中心词
下肢疾病	中心词
下肢相关神经疾病	中心词
下肢肌肉损伤	中心词
下肢肌肉肌腱腱鞘疾病	中心词
下肢肿物	中心词
下肢血管疾病	中心词
下肢静脉曲张	中心词
下肢骨恶性肿瘤	中心词
下肢骨折	中心词
下肢骨疾病	中心词
下肢骨肿物	中心词
下肢骨软骨病	中心词
下腔静脉瘤	中心词
下颌体	中心词
下颌关节脱位	中心词
下颌第3磨牙冠周炎	中心词
不孕	中心词
不稳定血红蛋白溶血病	中心词
丙球蛋白减少性疾病	中心词
丙球蛋白血症	中心词
丝虫感染	中心词
丝虫病	中心词
两性畸形	中心词
中医儿科疾病	中心词
中医内科疾病	中心词
中医内科病	中心词
中医妇科疾病	中心词
中医妇科病	中心词
中度热	中心词
中度非典型增生	中心词
中暑	中心词
中枢性尿崩症	中心词
中枢神经系统出血	中心词
中枢神经系统感染	中心词
中枢神经系统朊蛋白感染	中心词
中枢神经系统疾病	中心词
中枢神经系统真菌感染	中心词
中枢神经系统粘连	中心词
中枢神经系统结核	中心词
中枢神经系统肿物	中心词
中枢神经系统脑膜炎球菌感染	中心词
中枢神经系统脱髓鞘性疾病	中心词
中毒	中心词
中毒性神经肌肉病	中心词
中毒性肝损害疾病	中心词
中毒性肝炎	中心词
中毒性肾疾病	中心词
中耳炎	中心词
中耳疾病	中心词
中耳肿物	中心词
中耳胆脂瘤	中心词
中脑多巴胺性震颤麻痹	中心词
丹毒	中心词
主动脉体疾病	中心词
主动脉夹层	中心词
主动脉瓣关闭不全	中心词
主动脉瓣狭窄	中心词
主动脉瓣狭窄梗阻	中心词
主动脉瓣疾病	中心词
主动脉瓣病	中心词
主动脉疾病	中心词
主动脉瘤	中心词
乙型肝炎	中心词
乙状结肠癌	中心词
乙肝	中心词
乙肝病毒	中心词
乙脑	中心词
乙脑病毒脑炎	中心词
乙醇滥用及成瘾	中心词
习惯和冲动障碍	中心词
乳头回缩	中心词
乳头溢液	中心词
乳头状瘤	中心词
乳头状癌	中心词
乳头疾病	中心词
乳头裂	中心词
乳房外伤	中心词
乳房畸形	中心词
乳房疾病	中心词
乳房痛	中心词
乳汁分泌异常性疾病	中心词
乳痛	中心词
乳癌	中心词
乳突炎	中心词
乳突炎症	中心词
乳突瘘	中心词
乳突脓肿	中心词
乳糖代谢障碍性疾病	中心词
乳糜	中心词
乳糜性胸腹水	中心词
乳糜胸	中心词
乳糜腹	中心词
乳腺发育异常	中心词
乳腺增生	中心词
乳腺增生病	中心词
乳腺增生症	中心词
乳腺导管扩张症	中心词
乳腺恶性肿瘤	中心词
乳腺感染性疾病	中心词
乳腺炎	中心词
乳腺疾病	中心词
乳腺瘘	中心词
乳腺癌	中心词
乳腺纤维瘤	中心词
乳腺肿物	中心词
乳腺脓肿	中心词
乳酸酸中毒	中心词
二尖瓣关闭不全	中心词
二尖瓣狭窄	中心词
二尖瓣狭窄梗阻	中心词
二尖瓣疾病	中心词
二尖瓣病	中心词
二尖瓣脱垂	中心词
亚临床甲减	中心词
亚甲减	中心词
亢进症	中心词
交界性病变	中心词
产前出血	中心词
产力异常	中心词
产后出血	中心词
产后抑郁	中心词
产后血管性疾病	中心词
产科创伤	中心词
产科栓塞性疾病	中心词
产程延长	中心词
产褥期精神障碍	中心词
亨廷顿氏舞蹈症	中心词
人乳头瘤病毒感染	中心词
人乳头瘤病毒生殖系统感染	中心词
人工植入物故障损坏性疾病	中心词
人工流产	中心词
人格障碍	中心词
人疱疹病毒感染性幼儿急疹	中心词
人细小病毒感染性传染性红斑	中心词
代谢异常性溶血性贫血	中心词
代谢障碍性疾病	中心词
休克	中心词
会厌炎	中心词
会阴盆底裂伤	中心词
传导阻滞	中心词
传导障碍性心律失常	中心词
传染性单核细胞增多症	中心词
传染性红斑	中心词
传染性软疣	中心词
传染性软疣病毒感染	中心词
传染病	中心词
伤	中心词
伤口疾病	中心词
伤寒	中心词
伤寒再燃	中心词
位置异常	中心词
低丙球蛋白血症	中心词
低体重儿	中心词
低分化腺癌	中心词
低增生性白血病	中心词
低渗性脱水	中心词
低热	中心词
低眼压症	中心词
低血压	中心词
低血容量性疾病	中心词
低血氧症	中心词
低血糖	中心词
低通气综合征	中心词
低钙血症	中心词
低钠	中心词
低钠血症	中心词
低钾	中心词
低钾血症	中心词
体内异物存留	中心词
体液排泄物异常	中心词
体液碱中毒	中心词
体液酸中毒	中心词
体癣	中心词
体重异常	中心词
佝偻病	中心词
侏儒症	中心词
供血不全	中心词
便秘	中心词
便秘待查	中心词
促进尿酸排泄	中心词
保守治疗	中心词
倒睫	中心词
倾倒综合征	中心词
假性球麻痹	中心词
偏执妄想	中心词
偏执妄想症	中心词
偏瘫	中心词
停经	中心词
停育	中心词
催眠药滥用	中心词
儿童中心词异常	中心词
儿童反应性依恋障碍	中心词
儿童孤独症	中心词
先兆临产	中心词
先兆流产	中心词
先天性疾病	中心词
先天性风疹综合征	中心词
先天畸形	中心词
先天缺损	中心词
光过敏	中心词
克山病	中心词
克汀病	中心词
克罗恩病	中心词
克雅氏病	中心词
免疫学异常	中心词
免疫异常性结节病	中心词
免疫性干燥综合征	中心词
免疫性肾疾病	中心词
免疫排斥	中心词
免疫接种	中心词
免疫系统恶性肿瘤	中心词
免疫系统疾病	中心词
免疫系统肿物	中心词
全心衰竭	中心词
全色盲	中心词
全身性抗真菌性抗生素中毒	中心词
共同动脉干	中心词
关节滑膜韧带疾病	中心词
关节炎	中心词
关节畸形	中心词
关节疾病	中心词
关节病	中心词
关节结核	中心词
关节肿物	中心词
关节脱位	中心词
兴奋药滥用	中心词
其他上肢血管疾病	中心词
其他上肢骨折	中心词
其他上肢骨脱位	中心词
其他下尿道感染性疾病	中心词
其他下肢血管疾病	中心词
其他下肢骨折	中心词
其他下肢骨疾病	中心词
其他中枢神经系统疾病	中心词
其他中耳炎	中心词
其他乳头疾病	中心词
其他乳房疾病	中心词
其他乳腺疾病	中心词
其他乳腺肿物	中心词
其他人乳头瘤病毒感染	中心词
其他伤口疾病	中心词
其他体内异物存留	中心词
其他儿童行为异常	中心词
其他关节滑膜韧带疾病	中心词
其他内耳迷路疾病	中心词
其他切口疾病	中心词
其他创伤	中心词
其他听觉异常	中心词
其他吸虫感染	中心词
其他吸虫病	中心词
其他呼吸系统出血	中心词
其他呼吸系统术后并发症	中心词
其他呼吸节律异常	中心词
其他咽喉感染性疾病	中心词
其他咽喉狭窄梗阻性疾病	中心词
其他唇畸形	中心词
其他唾液腺疾病	中心词
其他唾液腺肿物	中心词
其他坏疽	中心词
其他坐骨神经疾病	中心词
其他外耳炎	中心词
其他头面部损伤	中心词
其他女性外阴感染性疾病	中心词
其他女性生殖系统出血	中心词
其他妊娠分娩并发症	中心词
其他子宫位置异常	中心词
其他尿道畸形	中心词
其他常染色体缺陷性遗传病	中心词
其他异物	中心词
其他循环系统不适	中心词
其他循环系统术后并发症	中心词
其他心内膜炎	中心词
其他心前区不适	中心词
其他心肌疾病	中心词
其他心脏节律异常性疾病	中心词
其他性功能障碍	中心词
其他性行为障碍	中心词
其他手及腕关节畸形	中心词
其他手及腕部肿物	中心词
其他操作手术及术后并发症	中心词
其他支气管肺炎	中心词
其他月经异常	中心词
其他术后并发症	中心词
其他检查检验及结果异常	中心词
其他检查检验异常	中心词
其他椎管脊膜肿物	中心词
其他椎间盘疾病	中心词
其他气管手术并发症	中心词
其他气管疾病	中心词
其他水痘病毒感染	中心词
其他汗液分泌异常性疾病	中心词
其他泌尿系统出血	中心词
其他泌尿系统异物	中心词
其他泌尿系统感染性疾病	中心词
其他泌尿系统梗阻性疾病	中心词
其他泌尿系统返流性疾病	中心词
其他消化系统不适待查	中心词
其他消化系统出血	中心词
其他消化系统异物	中心词
其他消化系统溃疡	中心词
其他涎腺疾病	中心词
其他涎腺肿物	中心词
其他烧伤	中心词
其他男性外阴感染性疾病	中心词
其他痴呆	中心词
其他皮肤感染性疾病	中心词
其他皮肤疹	中心词
其他皮肤细菌感染性疾病	中心词
其他眼屈光不正	中心词
其他眼部感染性疾病	中心词
其他眼部细菌感染性疾病	中心词
其他眼部肿物	中心词
其他睑畸形	中心词
其他睡眠障碍	中心词
其他睾丸畸形	中心词
其他神经系统畸形	中心词
其他神经系统疾病	中心词
其他糖代谢异常性糖尿病	中心词
其他继发性精神异常	中心词
其他继发性精神障碍	中心词
其他缺血性心脏病	中心词
其他羊水疾病	中心词
其他肌病	中心词
其他肌肉疾病	中心词
其他肌肉麻痹	中心词
其他肌腱疾病	中心词
其他肠缺血性疾病	中心词
其他肠道感染性疾病	中心词
其他股骨疾病	中心词
其他肺外气管疾病	中心词
其他肺炎	中心词
其他肾上腺内分泌异常性疾病	中心词
其他肾上腺疾病	中心词
其他肾上腺肿物	中心词
其他胃肠炎	中心词
其他胆囊肿物	中心词
其他胆道疾病	中心词
其他胸廓及胸部损伤	中心词
其他胸腔感染性疾病	中心词
其他胸部主动脉疾病	中心词
其他脊髓损伤	中心词
其他脑感染性疾病	中心词
其他脑神经疾病	中心词
其他脑膜感染性疾病	中心词
其他脑膜炎	中心词
其他腔静脉疾病	中心词
其他腱鞘疾病	中心词
其他腹腔疾病	中心词
其他腹部出血损伤	中心词
其他腹部疾病	中心词
其他膀胱肿物	中心词
其他膝关节滑膜疾病	中心词
其他膝关节畸形	中心词
其他色素膜疾病	中心词
其他色素膜肿物	中心词
其他药物滥用	中心词
其他营养素缺乏性疾病	中心词
其他营养过度性疾病	中心词
其他葡萄膜疾病	中心词
其他葡萄膜肿物	中心词
其他蛋白代谢异常性疾病	中心词
其他蛋白病	中心词
其他蠕虫感染	中心词
其他蠕虫病	中心词
其他行为异常	中心词
其他视觉异常	中心词
其他身材矮小症	中心词
其他躯体疾病	中心词
其他输精管精索肿物	中心词
其他运动系统术后并发症	中心词
其他非感染性肠炎	中心词
其他颅神经疾病	中心词
其他饮食行为异常	中心词
其他骨盆损伤	中心词
其他骨盆疾病	中心词
其他骨髓抑制性造血功能异常	中心词
其他骶尾部疾病	中心词
其他髋关节畸形	中心词
其他麻醉并发症	中心词
其他麻醉术后并发症	中心词
其他鼻疾病	中心词
其他鼻部疾病	中心词
其它睾丸附睾肿物	中心词
其它胸壁及胸部疾病	中心词
其它胸部疾病	中心词
内出血	中心词
内分泌异常	中心词
内分泌病	中心词
内分泌瘤	中心词
内分泌癌	中心词
内分泌系统疾病	中心词
内分泌系统类癌综合征	中心词
内外眦疾病	中心词
内外眦赘皮	中心词
内眦赘皮	中心词
内耳前庭疾病	中心词
内耳半规管疾病	中心词
内耳性眩晕	中心词
内耳炎	中心词
内耳肿物	中心词
内耳迷路疾病	中心词
内麦粒肿	中心词
再生障碍性贫血	中心词
再障	中心词
农药中毒	中心词
冠心病	中心词
冠状动脉性心脏病	中心词
冠状动脉疾病	中心词
冠状动脉粥样硬化性心脏病	中心词
冠状血管疾病	中心词
冻伤	中心词
凝血	中心词
凝血因子缺乏性出血性疾病	中心词
凝血异常疾病	中心词
凝血病	中心词
出血	中心词
分化腺癌	中心词
分娩	中心词
分娩异常	中心词
分泌型癌	中心词
分离转换障碍	中心词
分级依据	中心词
分裂情感障碍	中心词
利什曼原虫病	中心词
前列腺囊肿	中心词
前列腺增生	中心词
前列腺增生症	中心词
前列腺恶性肿瘤	中心词
前列腺感染性疾病	中心词
前列腺炎	中心词
前列腺疾病	中心词
前列腺癌	中心词
前列腺结石	中心词
前列腺肥大	中心词
前列腺肿物	中心词
前庭疾病	中心词
前庭神经炎	中心词
前庭麻痹症	中心词
前房疾病	中心词
前斜角肌综合征	中心词
前纵隔肿物	中心词
剖宫产	中心词
剥脱性皮炎	中心词
副伤寒	中心词
副神经疾病	中心词
副神经节瘤	中心词
副节瘤	中心词
副银屑病	中心词
副鼻窦恶性肿瘤	中心词
功能异常	中心词
功能紊乱	中心词
功能障碍	中心词
动眼神经疾病	中心词
动脉导管未闭	中心词
动脉损伤	中心词
动脉瘤	中心词
动脉盗血综合征	中心词
动脉硬化	中心词
动静脉瘘	中心词
包皮嵌顿	中心词
包皮炎	中心词
包皮疾病	中心词
包皮血肿	中心词
包皮过长	中心词
包茎	中心词
包虫病	中心词
化疗	中心词
化脓性甲状腺炎	中心词
区域淋巴性疾病	中心词
医学影像异常	中心词
十二指肠溃疡	中心词
十二指肠疾病	中心词
十二指肠癌	中心词
十二指肠穿孔	中心词
半乳糖代谢症	中心词
半合成青霉素	中心词
半规管疾病	中心词
卒中	中心词
单核细胞增多症	中心词
单核细胞性白血病	中心词
单纯疱疹病毒感染	中心词
卟啉代谢障碍性疾病	中心词
卟啉病	中心词
卵巢内分泌功能亢进	中心词
卵巢内分泌功能减退	中心词
卵巢功能亢进	中心词
卵巢囊肿	中心词
卵巢恶性肿瘤	中心词
卵巢感染性疾病	中心词
卵巢扭转	中心词
卵巢炎	中心词
卵巢疾病	中心词
卵巢癌	中心词
卵巢破裂	中心词
卵巢积水	中心词
卵巢积液	中心词
卵巢肿物	中心词
卵巢衰竭	中心词
卵巢过度刺激	中心词
压力性溃疡	中心词
压疮	中心词
厌食	中心词
原位癌	中心词
原虫感染性疾病	中心词
原醛	中心词
去极化	中心词
双侧完全性腭裂	中心词
双胎反向动脉灌注综合征	中心词
反射性交感神经营养不良综合征	中心词
反拗危象	中心词
发烧	中心词
发热	中心词
发热待查	中心词
发病	中心词
发育不全	中心词
发育不良	中心词
发育迟滞	中心词
发育障碍	中心词
发音障碍	中心词
变态反应	中心词
口吃	中心词
口咽念珠菌感染	中心词
口咽癌	中心词
口干症	中心词
口炎	中心词
口腔咬合异常	中心词
口腔外伤	中心词
口腔异物	中心词
口腔感染性疾病	中心词
口腔溃疡	中心词
口腔畸形	中心词
口腔疾病	中心词
口腔癌	中心词
口腔粘膜疾病	中心词
口腔颌面恶性肿瘤	中心词
口腔颌面肿物	中心词
口臭	中心词
口臭待查	中心词
可卡因类药物滥用	中心词
右室流出道狭窄	中心词
右心室双出口	中心词
右心房瘤	中心词
右心衰竭	中心词
右束支传导阻滞	中心词
右肺上叶癌	中心词
右肺下叶癌	中心词
右肺中叶癌	中心词
叶酸维生素B12缺乏性贫血	中心词
叶酸缺乏	中心词
叶酸缺乏性疾病	中心词
同性恋	中心词
后壁骨折	中心词
后天性溶血性贫血	中心词
后天性缺失	中心词
后天性鱼鳞癣	中心词
后天畸形	中心词
后遗症	中心词
吡哆素缺乏	中心词
听力障碍	中心词
听幻觉	中心词
听神经疾病	中心词
听神经病	中心词
听神经瘤	中心词
听神经肿物	中心词
听觉异常	中心词
听骨疾病	中心词
吸入性肺炎	中心词
吸入有害气体	中心词
吸虫感染	中心词
吸虫病	中心词
呃逆	中心词
呆小症	中心词
呕吐	中心词
呕吐待查	中心词
呕血	中心词
周围淋巴结结核	中心词
周围神经损伤	中心词
周围神经炎	中心词
周围神经疾病	中心词
周围神经痛	中心词
周围神经肿物	中心词
周围神经脱髓鞘性疾病	中心词
呼吸困难待查	中心词
呼吸循环衰竭	中心词
呼吸暂停	中心词
呼吸窘迫	中心词
呼吸系统不适	中心词
呼吸系统出血	中心词
呼吸系统感染性疾病	中心词
呼吸系统术后并发症	中心词
呼吸系统烧伤	中心词
呼吸系统疾病	中心词
呼吸系统瘘	中心词
呼吸系统瘘及窦道	中心词
呼吸系统真菌感染	中心词
呼吸系统肿物	中心词
呼吸系统过敏性疾病	中心词
呼吸肌麻痹	中心词
呼吸节律异常	中心词
呼吸衰竭	中心词
呼衰	中心词
咖啡因滥用及成瘾	中心词
咬肌疾病	中心词
咬颊	中心词
咯血	中心词
咳嗽	中心词
咳嗽待查	中心词
咳血	中心词
咽喉异物	中心词
咽喉感染性疾病	中心词
咽喉溃疡	中心词
咽喉狭窄梗阻性疾病	中心词
咽喉疾病	中心词
咽喉痛	中心词
咽喉癌	中心词
咽喉肿物	中心词
咽喉脓肿	中心词
咽喉部外伤	中心词
咽喉部恶性肿瘤	中心词
咽炎	中心词
咽狭窄	中心词
咽部不适待查	中心词
咽鼓管疾病	中心词
哮喘	中心词
哺乳后乳房复旧不全	中心词
哺乳异常	中心词
唇恶性肿瘤	中心词
唇畸形	中心词
唇癌	中心词
唇裂	中心词
唾液腺囊肿	中心词
唾液腺恶性肿瘤	中心词
唾液腺疾病	中心词
唾液腺病	中心词
唾液腺瘘	中心词
唾液腺结石	中心词
唾液腺肿物	中心词
喉上神经麻痹	中心词
喉息肉	中心词
喉梗阻	中心词
喉水肿	中心词
喉炎	中心词
喉畸形	中心词
喉痉挛	中心词
喉返神经疾病	中心词
喉返神经麻痹	中心词
喉部神经肌肉疾病	中心词
喉麻痹	中心词
喘憋	中心词
嗅神经疾病	中心词
嗅觉味觉障碍	中心词
嗜睡	中心词
嗜酸性粒细胞增多症	中心词
嗜酸性粒细胞白血病	中心词
嗜酸粒细胞增多症	中心词
嗜铬细胞瘤	中心词
嘌呤嘧啶代谢障碍性疾病	中心词
器官异位	中心词
器官转移瘤	中心词
器质变化	中心词
器质性精神障碍	中心词
囊型包虫病	中心词
囊性纤维化	中心词
囊性纤维化性疾病	中心词
囊性纤维性变	中心词
囊性纤维病	中心词
囊性肿物	中心词
囊肿	中心词
囊虫病	中心词
四肢瘫	中心词
四肢血管疾病	中心词
回归热	中心词
回盲部癌	中心词
回纳疝块后压住内环	中心词
围产期出血	中心词
围产期异常	中心词
围产期血管栓塞性疾病	中心词
土拉菌病	中心词
地中海贫血	中心词
坏死	中心词
坏死症	中心词
坏疽	中心词
坏血病	中心词
坐骨神经卡压	中心词
坐骨神经疾病	中心词
坐骨神经痛	中心词
坐骨神经痛待查	中心词
垂体TSH瘤	中心词
垂体功能减退	中心词
垂体功能减退症	中心词
垂体性侏儒症	中心词
垂体机能亢进	中心词
垂体生长激素分泌过多	中心词
垂体疾病	中心词
垂体瘤	中心词
垂体鞍区恶性肿瘤	中心词
垂体鞍区疾病	中心词
垂体鞍区肿物	中心词
埃博拉出血热	中心词
埃博拉病毒感染	中心词
埋伏牙	中心词
基底节变性疾病	中心词
声带小结	中心词
声带疾病	中心词
声带麻痹	中心词
声门狭窄	中心词
声门癌	中心词
处女膜疾病	中心词
处女膜破裂	中心词
复发癌	中心词
夏科氏关节病	中心词
外伤	中心词
外伤伤口	中心词
外周主要动脉动脉瘤	中心词
外周主要动脉损伤	中心词
外周主要动脉疾病	中心词
外周主要静脉疾病	中心词
外来伤害	中心词
外眦赘皮	中心词
外耳感染性疾病	中心词
外耳湿疹	中心词
外耳炎	中心词
外耳畸形	中心词
外耳疾病	中心词
外耳皮肤疾病	中心词
外耳肿物	中心词
外耳道狭窄闭锁	中心词
外阴发育不良	中心词
外阴损伤	中心词
外阴损伤性疾病	中心词
外阴生殖器异物	中心词
外阴疾病	中心词
外阴癌	中心词
外阴白斑	中心词
外阴肿物	中心词
外麦粒肿	中心词
多动症	中心词
多发性硬化	中心词
多发骨髓瘤	中心词
多器官功能衰竭	中心词
多囊卵巢	中心词
多囊卵巢综合征	中心词
多囊肾	中心词
多囊肾病	中心词
多毛症	中心词
多毛细胞白血病	中心词
多汗症	中心词
多胎妊娠	中心词
多脏器功能衰竭	中心词
多脏器功能障碍症	中心词
夜游症	中心词
大便失禁	中心词
大动脉转位	中心词
大细胞性贫血	中心词
大脑动脉狭窄栓塞	中心词
大脑变性	中心词
大脑感染性疾病	中心词
大脑肿物	中心词
大麻类药物滥用	中心词
天疱疮	中心词
天花	中心词
天花病毒感染	中心词
失明	中心词
失眠	中心词
失聪	中心词
失能	中心词
失语	中心词
头痛	中心词
头痛待查	中心词
头癣	中心词
头皮出血	中心词
头皮糠疹	中心词
头皮裂伤	中心词
头部不适	中心词
头面部恶性肿瘤	中心词
头面部损伤	中心词
头面部疾病	中心词
头面部肿物	中心词
头面部血管疾病	中心词
头面部骨疾病	中心词
女性不孕	中心词
女性外阴上皮疾病	中心词
女性外阴恶性肿瘤	中心词
女性外阴感染性疾病	中心词
女性外阴损伤	中心词
女性外阴溃疡	中心词
女性外阴畸形	中心词
女性外阴疾病	中心词
女性外阴肿物	中心词
女性性交异常	中心词
女性生殖系统出血	中心词
女性生殖系统感染性疾病	中心词
女性生殖系统术后并发症	中心词
女性生殖系统畸形	中心词
女性生殖系统疾病	中心词
女性生殖系统肿物	中心词
妊娠	中心词
妊娠分娩并发症	中心词
妊娠剧吐	中心词
妊娠合并慢性高血压病	中心词
妊娠呕吐	中心词
妊娠滋养细胞疾病	中心词
妊高症	中心词
婴儿玫瑰疹	中心词
婴幼儿异常	中心词
子宫位置异常	中心词
子宫内妊娠	中心词
子宫内膜增生	中心词
子宫内膜异位症	中心词
子宫内膜炎	中心词
子宫内膜疾病	中心词
子宫内膜癌	中心词
子宫出血	中心词
子宫前倾	中心词
子宫后勤	中心词
子宫后屈	中心词
子宫复旧不全	中心词
子宫复旧不良	中心词
子宫平滑肌瘤	中心词
子宫平滑肌瘤病	中心词
子宫异物	中心词
子宫息肉	中心词
子宫恶性肿物	中心词
子宫感染性疾病	中心词
子宫损伤	中心词
子宫炎	中心词
子宫畸形	中心词
子宫疾病	中心词
子宫瘘	中心词
子宫癌	中心词
子宫破裂	中心词
子宫粘连	中心词
子宫肿物	中心词
子宫脱垂	中心词
子宫腔狭窄性疾病	中心词
子宫血管疾病	中心词
子宫附件恶性肿瘤	中心词
子宫附件疾病	中心词
子宫附件肿物	中心词
子宫颈恶性肿瘤	中心词
子宫颈溃疡	中心词
子宫颈疾病	中心词
子痫	中心词
孤独症	中心词
完全性右束支传导阻滞	中心词
实性肿物	中心词
室壁瘤	中心词
室性心律失常	中心词
室性早搏	中心词
室性期前收缩	中心词
室扑	中心词
室早	中心词
室缺	中心词
室间隔缺损	中心词
室颤	中心词
宫内孕	中心词
宫外孕	中心词
宫颈发育不良	中心词
宫颈息肉	中心词
宫颈恶性肿瘤	中心词
宫颈溃疡	中心词
宫颈狭窄	中心词
宫颈疾病	中心词
宫颈瘘	中心词
宫颈癌	中心词
宫颈粘膜疾病	中心词
宫颈裂伤	中心词
家族性结肠息肉病	中心词
寄生虫感染	中心词
导管癌	中心词
射精障碍	中心词
小三阳	中心词
小便失禁	中心词
小儿遗尿	中心词
小儿遗尿遗便	中心词
小细胞性性贫血	中心词
小细胞癌	中心词
小肠伤寒	中心词
小肠副伤寒	中心词
小肠憩室	中心词
小肠损伤	中心词
小肠疾病	中心词
小肠病	中心词
小肠贾第虫病	中心词
小肠霍乱	中心词
小脑变性	中心词
小脑性共济失调	中心词
小脑感染性疾病	中心词
小脑肿物	中心词
少精无精症	中心词
尖锐湿疣	中心词
尘肺	中心词
尺神经卡压	中心词
尺神经疾病	中心词
尺骨疾病	中心词
尺骨骨折	中心词
尼克酸缺乏	中心词
尼古丁类滥用及成瘾	中心词
尾椎疾病	中心词
尿失禁	中心词
尿布性皮炎	中心词
尿布疹	中心词
尿布疹红斑	中心词
尿检验异常	中心词
尿毒症	中心词
尿液反流	中心词
尿液排泄	中心词
尿潴留	中心词
尿糖	中心词
尿素循环相关氨基酸代谢障碍性疾病	中心词
尿道出血	中心词
尿道恶性肿瘤	中心词
尿道损伤	中心词
尿道炎	中心词
尿道狭窄	中心词
尿道狭窄性疾病	中心词
尿道瓣膜	中心词
尿道畸形	中心词
尿道疾病	中心词
尿道瘘	中心词
尿道癌	中心词
尿道结石	中心词
尿道肿物	中心词
尿酮	中心词
尿酸代谢	中心词
局限性硬皮病	中心词
局限性肠炎	中心词
屈光不正	中心词
嵌顿痔	中心词
左后束支传导阻滞阻滞	中心词
左室流出道狭窄	中心词
左心室双出口	中心词
左心衰竭	中心词
左肺上叶癌	中心词
左肺下叶癌	中心词
巧克力囊肿	中心词
巨人症	中心词
巨大儿	中心词
巨大胎儿	中心词
巨核细胞白血病	中心词
巨细胞病毒感染	中心词
巩膜变性疾病	中心词
巩膜感染性疾病	中心词
巩膜溃疡	中心词
巩膜疾病	中心词
巩膜缺损	中心词
巩膜肿物	中心词
巩膜膨出	中心词
巩膜葡萄肿	中心词
巴氏腺炎	中心词
布氏杆菌病	中心词
布鲁氏菌病	中心词
帕金森病	中心词
带状疱疹	中心词
常染色体缺陷性遗传病	中心词
干燥综合征	中心词
干眼症	中心词
平底足	中心词
平滑肌瘤	中心词
平滑肌蠕动	中心词
平足	中心词
并发症	中心词
幻肢痛	中心词
幼儿急疹	中心词
幼年型进行性球麻痹	中心词
幽门梗阻	中心词
幽门狭窄	中心词
广泛性发育障碍	中心词
库欣综合征	中心词
应激	中心词
应激反应	中心词
应激综合征	中心词
延髓疾病	中心词
延髓空洞症	中心词
异位妊娠	中心词
异物存留	中心词
异食癖	中心词
弓形虫感染	中心词
弓形虫病	中心词
弥漫性血管内凝血	中心词
弱视	中心词
强迫症	中心词
循环系统不适	中心词
循环系统术后并发症	中心词
循环系统疾病	中心词
循环衰竭	中心词
微量元素代谢	中心词
微量元素代谢障碍性疾病	中心词
心内膜垫缺损	中心词
心内膜炎	中心词
心内附属结构疾病	中心词
心前区不适	中心词
心力衰竭	中心词
心功能不全	中心词
心功能衰竭	中心词
心动过缓	中心词
心动过速	中心词
心包囊肿	中心词
心包填塞	中心词
心包炎	中心词
心包疾病	中心词
心包积液	中心词
心包积血	中心词
心包缺损	中心词
心包肿物	中心词
心境情感障碍	中心词
心室扑动	中心词
心室畸形	中心词
心室颤动	中心词
心律不齐	中心词
心律失常	中心词
心房室壁瘤	中心词
心房扑动	中心词
心房畸形	中心词
心房纤颤	中心词
心房颤动	中心词
心梗	中心词
心源性哮喘	中心词
心绞痛	中心词
心绞痛待查	中心词
心肌梗塞	中心词
心肌梗死	中心词
心肌炎	中心词
心肌疾病	中心词
心肌病	中心词
心脏Eisenmenger综合征	中心词
心脏传导阻滞	中心词
心脏增生性疾病	中心词
心脏异物	中心词
心脏房室传导阻滞	中心词
心脏损伤	中心词
心脏术后并发症	中心词
心脏杂音待查	中心词
心脏束支传导阻滞	中心词
心脏畸形	中心词
心脏疾病	中心词
心脏病	中心词
心脏肥大	中心词
心脏肿物	中心词
心脏节律异常性疾病	中心词
心脏血栓	中心词
心脏衰竭	中心词
心脏预激综合征	中心词
心腔扩大	中心词
心腔血栓	中心词
心血管疾病	中心词
心衰	中心词
心跳骤停	中心词
急性精神性疾病	中心词
急性迷路炎	中心词
性中心词障碍	中心词
性偏好障碍	中心词
性别认同障碍	中心词
性别障碍	中心词
性功能障碍	中心词
性发育迟缓	中心词
性变态	中心词
性早熟	中心词
性染色体缺陷性遗传病	中心词
性激素性疾病	中心词
性腺肿物	中心词
性身份障碍	中心词
恐怖症	中心词
恶习成瘾	中心词
恶性肿瘤	中心词
悬雍垂疾病	中心词
情绪异常	中心词
意外事故性损伤	中心词
意识障碍	中心词
感冒	中心词
感染后免疫	中心词
感染性中耳炎	中心词
感染性发热	中心词
感染性心内膜炎	中心词
感染性疾病	中心词
感染性舌炎	中心词
感觉不适	中心词
感觉异常性股痛	中心词
慢性阻塞性肺病	中心词
慢阻肺	中心词
成人呼吸窘迫综合征	中心词
截肢	中心词
房壁瘤	中心词
房室阻滞	中心词
房性心律失常	中心词
房性早搏	中心词
房性期前收缩	中心词
房扑	中心词
房早	中心词
房缺	中心词
房间隔缺损	中心词
房颤	中心词
扁平足	中心词
扁桃体炎	中心词
扁桃体疾病	中心词
扁桃体肥大	中心词
扁桃体肿物	中心词
扁桃体腺样体肥大	中心词
手关节脱位	中心词
手及腕关节畸形	中心词
手及腕部肿物	中心词
手恶性肿瘤	中心词
手指畸形	中心词
手畸形	中心词
手癣	中心词
手肿物	中心词
手足口病	中心词
手部神经损伤	中心词
手部肌肉损伤	中心词
手部腱鞘炎	中心词
手部血管损伤	中心词
手部骨折	中心词
手部骨疾病	中心词
扩张症癌	中心词
抑制尿酸生成	中心词
抑制粒细胞浸润	中心词
抑郁	中心词
抑郁症	中心词
抗体缺陷性疾病	中心词
抗其它病原	中心词
抗利尿激素缺乏性尿崩症	中心词
抗心律失常	中心词
抗快速性心律失常	中心词
抗慢速性心律失常	中心词
抗病毒药中毒	中心词
抗过敏药中毒	中心词
抽动障碍	中心词
抽筋	中心词
拉肚子	中心词
按发生中心词	中心词
按疝出中心词	中心词
按躯体中心词	中心词
挤压综合症	中心词
挫伤	中心词
排便异常	中心词
排尿异常	中心词
排尿性晕厥	中心词
接触性皮炎	中心词
操作手术及术后并发症	中心词
支气管哮喘	中心词
支气管恶性肿瘤	中心词
支气管扩张	中心词
支气管扩张病	中心词
支气管扩张症	中心词
支气管炎	中心词
支气管疾病	中心词
支气管结核	中心词
支气管肺炎	中心词
放射性损伤	中心词
放射性皮炎	中心词
放疗	中心词
放线菌感染	中心词
斑块	中心词
斑疹伤寒	中心词
斑秃	中心词
斜视	中心词
斜颈	中心词
新生儿ABO血型不合溶血病	中心词
新生儿RH血型不合溶血病	中心词
新生儿产伤	中心词
新生儿异常	中心词
旋前圆肌综合征	中心词
无乳	中心词
无力症	中心词
无名动脉瘤	中心词
无机物中毒	中心词
无汗症	中心词
无痛性关节病	中心词
无菌性炎症	中心词
日光性皮炎	中心词
早产	中心词
早孕	中心词
早泄	中心词
早老性痴呆	中心词
昏迷	中心词
昏迷待查	中心词
易性癖	中心词
晒伤	中心词
晕动病	中心词
晕厥待查	中心词
普通感冒	中心词
晶体疾病	中心词
晶体白内障	中心词
晶状体移位	中心词
晶状体脱位	中心词
智齿冠周炎	中心词
暴食	中心词
更年期综合征	中心词
月经异常	中心词
月经稀少	中心词
月经紊乱	中心词
月经过多	中心词
月骨无菌性坏死	中心词
有机物中毒	中心词
术后并发症	中心词
李斯特菌感染	中心词
杜克雷嗜血杆菌感染	中心词
束支阻滞	中心词
松果体功能障碍	中心词
松果体肿物	中心词
果糖代谢障碍性疾病	中心词
柯兴综合征	中心词
栓塞	中心词
核细胞增多症	中心词
核黄素缺乏	中心词
根尖周炎	中心词
根尖炎	中心词
根尖脓肿	中心词
桡神经疾病	中心词
桡管综合征	中心词
桡骨小头半脱位	中心词
桡骨疾病	中心词
桡骨脱位	中心词
桡骨骨折	中心词
桥本脑病	中心词
梅尼埃病	中心词
梅毒	中心词
梅毒螺旋体感染	中心词
梗阻	中心词
梨状窝癌	中心词
梨状肌综合征	中心词
梭状芽胞杆菌气性坏疽	中心词
检查检验异常	中心词
棘球蚴感染	中心词
植物提取物	中心词
植物神经疾病	中心词
植物神经肿物	中心词
椎动脉瘤	中心词
椎基底动脉供血不全	中心词
椎基底动脉狭窄栓塞	中心词
椎基底动脉疾病	中心词
椎管内感染性疾病	中心词
椎管狭窄	中心词
椎管狭窄性疾病	中心词
椎管狭窄症	中心词
椎管肿物	中心词
椎管脊膜肿物	中心词
椎间盘损伤	中心词
椎间盘疾病	中心词
椎间盘突出	中心词
椎间盘突出症	中心词
椎间盘脱出	中心词
椎间盘膨出	中心词
椎静脉疾病	中心词
椎骨脱位	中心词
正中神经卡压	中心词
正中神经疾病	中心词
正常分娩	中心词
正常颅内压	中心词
死亡	中心词
母细胞瘤	中心词
毒品成瘾	中心词
毛发减少性疾病	中心词
毛发增多	中心词
毛囊炎	中心词
毛滴虫感染	中心词
毛细血管扩张症	中心词
气体中毒	中心词
气性坏疽	中心词
气管异物	中心词
气管手术并发症	中心词
气管损伤	中心词
气管炎	中心词
气管狭窄梗阻	中心词
气管疾病	中心词
气管肿物	中心词
气胸	中心词
气道梗阻	中心词
氨基酸代谢病	中心词
氨基酸代谢障碍性疾病	中心词
水中毒	中心词
水杨酸盐类中毒	中心词
水泡	中心词
水猴子	中心词
水电酸碱平衡紊乱	中心词
水痘	中心词
水痘病毒感染	中心词
水痘病毒感染带状疱疹	中心词
水肿	中心词
汉坦病毒感染	中心词
汗液分泌异常性疾病	中心词
沙眼	中心词
泌尿系统出血	中心词
泌尿系统异物	中心词
泌尿系统恶性肿瘤	中心词
泌尿系统感染	中心词
泌尿系统感染性疾病	中心词
泌尿系统憩室	中心词
泌尿系统术后并发症	中心词
泌尿系统梗阻性疾病	中心词
泌尿系统畸形	中心词
泌尿系统真菌感染	中心词
泌尿系统结核	中心词
泌尿系统结石	中心词
泌尿系统肿物	中心词
泌尿系统返流性疾病	中心词
泌尿道梗阻	中心词
法洛三联症	中心词
法洛四联症	中心词
法鲁氏联症	中心词
泛酸缺乏	中心词
波状热	中心词
泪器畸形	中心词
泪器疾病	中心词
泪器肿物	中心词
泪囊炎	中心词
泪液过多	中心词
泪管狭窄	中心词
泪腺炎	中心词
泪道梗阻	中心词
泪道狭窄性疾病	中心词
泪道闭锁	中心词
流产	中心词
流感	中心词
流涎症	中心词
流脑	中心词
流行性出血热	中心词
流行性感冒	中心词
流行性眩晕	中心词
流行性神经迷路炎	中心词
流行性脑脊髓膜炎	中心词
浅前房	中心词
浆液性癌	中心词
浆细胞性多发骨髓瘤	中心词
浆细胞性恶性肿瘤	中心词
浆细胞恶性重链病	中心词
浆细胞疾病	中心词
浆细胞瘤	中心词
海洋性贫血	中心词
浸润性癌	中心词
消化不良	中心词
消化系统不适待查	中心词
消化系统出血	中心词
消化系统异物	中心词
消化系统恶性肿瘤	中心词
消化系统术后并发症	中心词
消化系统溃疡	中心词
消化系统烧伤	中心词
消化系统疝	中心词
消化系统疾病	中心词
消化系统瘘	中心词
消化系统真菌感染	中心词
消化系统结核	中心词
消化系统肿物	中心词
消化道出血	中心词
消化道穿孔	中心词
消渴病	中心词
涎腺唾液分泌异常	中心词
涎腺囊肿	中心词
涎腺恶性肿瘤	中心词
涎腺感染性疾病	中心词
涎腺疾病	中心词
涎腺瘘	中心词
涎腺结石	中心词
涎腺肿物	中心词
淀粉样变性	中心词
淀粉样物质沉着症	中心词
淋巴水肿	中心词
淋巴瘤	中心词
淋巴管损伤	中心词
淋巴管疾病	中心词
淋巴管肿物	中心词
淋巴系统恶性肿瘤	中心词
淋巴系统疾病	中心词
淋巴细胞增多症	中心词
淋巴细胞性巨球蛋白血症	中心词
淋巴细胞性疾病	中心词
淋巴细胞性白血病	中心词
淋巴细胞性肿瘤	中心词
淋巴结核	中心词
淋巴结炎	中心词
淋巴结疾病	中心词
淋巴结肿大	中心词
淋巴结肿物	中心词
淋巴结转移瘤	中心词
淋巴肉瘤	中心词
淋球菌感染	中心词
淋病	中心词
混合痔	中心词
清宫	中心词
清理呼吸道无效	中心词
游走肾	中心词
游走脾	中心词
溃疡	中心词
溃疡性结肠炎	中心词
溶血性坏疽	中心词
溶血性贫血	中心词
溶血性黄疸	中心词
溶血病	中心词
滋养细胞恶性肿瘤	中心词
滋养细胞肿物	中心词
滑膜炎	中心词
滑车神经疾病	中心词
滴虫病	中心词
灼性神经痛	中心词
炎性多神经疾病	中心词
炭疽杆菌感染	中心词
烟瘾	中心词
烟草成瘾	中心词
烟酸缺乏	中心词
烧伤	中心词
热射病	中心词
焦虑	中心词
焦虑症	中心词
牙出血	中心词
牙列异常	中心词
牙列牙弓异常	中心词
牙发育异常	中心词
牙吸收	中心词
牙周感染性疾病	中心词
牙周炎	中心词
牙周疾病	中心词
牙周脓肿	中心词
牙恶性肿瘤	中心词
牙折断	中心词
牙损伤	中心词
牙本质疾病	中心词
牙术后并发症	中心词
牙根尖感染性疾病	中心词
牙根疾病	中心词
牙槽突	中心词
牙畸形	中心词
牙疾病	中心词
牙痛	中心词
牙痛待查	中心词
牙石症	中心词
牙磨损	中心词
牙缺失	中心词
牙肿物	中心词
牙萌出异常	中心词
牙裂	中心词
牙釉质疾病	中心词
牙颜色异常	中心词
牙骨质疾病	中心词
牙髓炎	中心词
牙髓疾病	中心词
牙龈出血	中心词
牙龈恶性肿瘤	中心词
牙龈感染性疾病	中心词
牙龈溃疡	中心词
牙龈炎	中心词
牙龈牙槽疾病	中心词
牙龈肿物	中心词
牙龋病	中心词
牛海绵状脑病	中心词
牛皮癣	中心词
物质中毒	中心词
牵拉伤	中心词
特应性皮炎	中心词
狂犬病	中心词
狂犬病毒感染	中心词
狭窄性疾病	中心词
狼疮	中心词
猝死	中心词
猩红热	中心词
玉蜀黍疹	中心词
环境因素疾病	中心词
环形痔	中心词
玻璃体变性疾病	中心词
玻璃体浑浊	中心词
玻璃体混浊	中心词
玻璃体疝	中心词
玻璃体疾病	中心词
玻璃体脱出	中心词
珠蛋白生成障碍性贫血	中心词
球麻痹	中心词
瓣膜疾病	中心词
生殖器疱疹	中心词
生殖器疱疹病毒感染	中心词
生殖系统损伤	中心词
生殖系统畸形	中心词
生殖系统疾病	中心词
生殖系统真菌感染	中心词
生殖系统结核	中心词
生殖系统肿物	中心词
生殖细胞瘤	中心词
生物电节律	中心词
生物类中毒	中心词
生物素缺乏性疾病	中心词
生理心理病理状态	中心词
生长激素缺乏性侏儒症	中心词
甲下出血	中心词
甲下淤血	中心词
甲亢	中心词
甲低	中心词
甲减	中心词
甲床炎	中心词
甲旁亢	中心词
甲沟炎	中心词
甲状旁腺功能减退	中心词
甲状旁腺功能减退症	中心词
甲状旁腺恶性肿瘤	中心词
甲状旁腺机能亢进	中心词
甲状旁腺机能亢进症	中心词
甲状旁腺疾病	中心词
甲状旁腺癌	中心词
甲状旁腺肿物	中心词
甲状腺功能减退	中心词
甲状腺功能减退性疾病	中心词
甲状腺功能减退症	中心词
甲状腺增生肿大	中心词
甲状腺恶性肿瘤	中心词
甲状腺感染性疾病	中心词
甲状腺机能亢进	中心词
甲状腺激素	中心词
甲状腺炎	中心词
甲状腺疾病	中心词
甲状腺病	中心词
甲状腺瘤	中心词
甲状腺癌	中心词
甲状腺肿	中心词
甲状腺肿物	中心词
甲状舌管囊肿	中心词
甲癣	中心词
电光性眼炎	中心词
男性不孕	中心词
男性外阴恶性肿瘤	中心词
男性外阴感染性疾病	中心词
男性外阴疾病	中心词
男性外阴肿物	中心词
男性尿道裂	中心词
男性生殖系统恶性肿瘤	中心词
男性生殖系统疾病	中心词
男性生殖系统肿物	中心词
畸胎瘤	中心词
疖	中心词
疝	中心词
疝囊颈与腹壁下动脉的关系	中心词
疟原虫感染性疟疾	中心词
疟疾	中心词
疣	中心词
疥疮	中心词
疫苗接种反应	中心词
疯牛病	中心词
疱疹病毒感染	中心词
疼痛待查	中心词
疾患	中心词
病态窦房结综合征	中心词
病毒	中心词
病毒性咽炎	中心词
病毒性感染	中心词
病毒性手足口病	中心词
病毒性支气管肺炎	中心词
病毒性肝炎	中心词
病毒性肺炎	中心词
病毒性脊髓灰质炎	中心词
病毒性脑炎	中心词
病毒感染	中心词
病窦	中心词
痈	中心词
痉挛	中心词
痉挛症	中心词
痔	中心词
痔疮	中心词
痛经	中心词
痛风	中心词
痛风症	中心词
痢疾	中心词
痣	中心词
痤疮	中心词
痱子	中心词
痴呆	中心词
瘤	中心词
瘫痪	中心词
癌	中心词
癔症	中心词
癞皮病	中心词
癣菌疹	中心词
癫痫	中心词
登革热	中心词
登革病毒感染	中心词
白内障	中心词
白化病	中心词
白喉	中心词
白喉杆菌感染	中心词
白斑	中心词
白癜风	中心词
白癣	中心词
白细胞减少性疾病	中心词
白细胞增多性疾病	中心词
白血病	中心词
百日咳	中心词
皮下气肿	中心词
皮下积液	中心词
皮炎	中心词
皮肌炎	中心词
皮肤丹毒	中心词
皮肤出血瘀斑	中心词
皮肤增生硬化性疾病	中心词
皮肤大疱病	中心词
皮肤天疱疮	中心词
皮肤干燥性疾病	中心词
皮肤恶性肿瘤	中心词
皮肤感染性疾病	中心词
皮肤感觉异常	中心词
皮肤扁平苔藓	中心词
皮肤松弛	中心词
皮肤松弛症	中心词
皮肤松解性疾病	中心词
皮肤水泡	中心词
皮肤湿疹	中心词
皮肤溃疡	中心词
皮肤特异性异常	中心词
皮肤疣病毒感染	中心词
皮肤疹	中心词
皮肤疾病	中心词
皮肤症状	中心词
皮肤痣	中心词
皮肤瘙痒性疾病	中心词
皮肤瘙痒症	中心词
皮肤瘢痕	中心词
皮肤皲裂	中心词
皮肤真菌感染	中心词
皮肤类天疱疮	中心词
皮肤类银屑病	中心词
皮肤粟粒疹	中心词
皮肤糠疹	中心词
皮肤紫癜性疾病	中心词
皮肤红斑	中心词
皮肤细菌感染性疾病	中心词
皮肤结核	中心词
皮肤肿物	中心词
皮肤脓疱病	中心词
皮肤脓肿	中心词
皮肤色素减少性疾病	中心词
皮肤色素沉着性疾病	中心词
皮肤荨麻疹	中心词
皮肤药疹	中心词
皮肤萎缩性疾病	中心词
皮肤螨虫感染	中心词
皮肤血管炎	中心词
皮肤褥疮	中心词
皮肤角化	中心词
皮肤角化病	中心词
皮肤辐射损伤性疾病	中心词
皮肤银屑病	中心词
皮肤附属器疾病	中心词
皮肤鱼鳞癣	中心词
皮肤黑变	中心词
皮肤黑变病	中心词
皮脂腺痤疮	中心词
皮脂腺瘤	中心词
盆腔囊肿	中心词
盆腔感染性疾病	中心词
盆腔炎	中心词
盆腔积液	中心词
盆腔肿物	中心词
盐皮质激素	中心词
盘状红斑	中心词
盲肠炎	中心词
盲肠阑尾疾病	中心词
盲肠阑尾肿物	中心词
直疝	中心词
直肠损伤	中心词
直肠癌	中心词
眉缺损	中心词
眉脱落	中心词
真性球麻痹	中心词
真菌性肺炎	中心词
真菌感染	中心词
真菌感染性疾病	中心词
眩晕	中心词
眩晕待查	中心词
眼内肌调节异常	中心词
眼内部出血	中心词
眼出血	中心词
眼压升高性青光眼	中心词
眼外伤	中心词
眼外展	中心词
眼外展/滑车/动眼神经疾病	中心词
眼外展神经疾病	中心词
眼外肌肿物	中心词
眼外肌麻痹	中心词
眼外部出血	中心词
眼屈光不正	中心词
眼干燥性疾病	中心词
眼底出血	中心词
眼术后并发症	中心词
眼球壁外层疾病	中心词
眼球壁外层粘连	中心词
眼球缺失	中心词
眼球运动异常性疾病	中心词
眼球震颤	中心词
眼畸形	中心词
眼痛	中心词
眼痛待查	中心词
眼盲	中心词
眼眶畸形	中心词
眼眶疾病	中心词
眼眶痛	中心词
眼睑出血	中心词
眼睑囊肿	中心词
眼睑异物	中心词
眼睑感染性疾病	中心词
眼睑水肿	中心词
眼睑疖肿	中心词
眼睑疾病	中心词
眼睑皮肤松垂	中心词
眼睑皮肤病	中心词
眼睑肿物	中心词
眼睑蜂窝织炎	中心词
眼睑黑变病	中心词
眼神经疾病	中心词
眼结核	中心词
眼肌麻痹	中心词
眼肿物	中心词
眼血管栓塞	中心词
眼部外伤	中心词
眼部异物	中心词
眼部恶性肿瘤	中心词
眼部感染性疾病	中心词
眼部烧伤	中心词
眼部疾病	中心词
眼部真菌感染	中心词
眼部细菌感染性疾病	中心词
眼部肿物	中心词
眼部血管疾病	中心词
眼金属沉着	中心词
眼金属沉着病	中心词
睑内翻	中心词
睑外翻	中心词
睑球粘连	中心词
睑畸形	中心词
睑皮炎	中心词
睑闭合不全	中心词
睡眠呼吸暂停综合征	中心词
睡眠障碍	中心词
睫毛疾病	中心词
睫状体炎	中心词
睫状体疾病	中心词
睾丸功能亢进	中心词
睾丸功能减退	中心词
睾丸功能减退症	中心词
睾丸发育不良	中心词
睾丸发育不良或萎缩	中心词
睾丸坏死	中心词
睾丸扭转	中心词
睾丸炎	中心词
睾丸畸形	中心词
睾丸肿物	中心词
睾丸萎缩	中心词
睾丸附睾恶性肿瘤	中心词
睾丸附睾感染性疾病	中心词
睾丸附睾扭转	中心词
睾丸附睾疾病	中心词
睾丸雄激素性疾病	中心词
瞳孔异位	中心词
瞳孔疾病	中心词
瞳孔闭锁	中心词
矽肺	中心词
破伤风	中心词
破伤风杆菌感染	中心词
硒缺乏	中心词
硒缺乏性疾病	中心词
硬皮病	中心词
碘缺乏性呆小症	中心词
碘缺乏相关性结节性甲状腺肿	中心词
碱中毒	中心词
磷代谢障碍性疾病	中心词
祖德克氏萎缩	中心词
神经传导	中心词
神经内分泌肿瘤	中心词
神经官能症	中心词
神经性皮炎	中心词
神经性肌强直	中心词
神经感觉	中心词
神经炎	中心词
神经病	中心词
神经症	中心词
神经痛	中心词
神经瘤	中心词
神经瘤病	中心词
神经系统变性疾病	中心词
神经系统特殊结构疾病	中心词
神经系统畸形	中心词
神经系统疾病	中心词
神经系统脂代谢障碍性疾病	中心词
神经细胞瘤	中心词
神经节瘤	中心词
神经衰弱	中心词
神经调节	中心词
神经运动	中心词
神经麻痹	中心词
秃发	中心词
积脂血症	中心词
移植排斥反应	中心词
空洞症	中心词
突变	中心词
窒息	中心词
窦性心律失常	中心词
窦房结性心律失常	中心词
立克次体感染	中心词
立克次体感染斑疹伤寒	中心词
童年情绪障碍	中心词
童年社会功能障碍	中心词
第五病	中心词
筋膜炎	中心词
管内癌	中心词
管状腺瘤	中心词
类天疱疮	中心词
类白血病反应	中心词
类风湿关节炎	中心词
类风湿性关节炎	中心词
类风湿性疾病	中心词
粉尘沉积性肺疾病	中心词
粒细胞性疾病	中心词
粒细胞性白血病	中心词
粒细胞缺乏	中心词
粒细胞缺乏症	中心词
粘多糖代谢障碍性疾病	中心词
粘连	中心词
精囊炎	中心词
精子淤积症	中心词
精神分裂症	中心词
精神和中心词	中心词
精神官能症	中心词
精神性疾病	中心词
精神智力发育迟滞	中心词
精神病	中心词
精神神经症	中心词
精神类药物滥用及成瘾	中心词
精索与疝囊的关系	中心词
精索狭窄	中心词
精索血肿	中心词
精索静脉曲张	中心词
糖代谢	中心词
糖代谢异常性糖尿病	中心词
糖代谢障碍性疾病	中心词
糖原代谢障碍性疾病	中心词
糖尿病	中心词
糖尿病足	中心词
糖皮质激素	中心词
糖耐量受损	中心词
糖耐量异常	中心词
糖蛋白代谢障碍性疾病	中心词
糙皮病	中心词
糜烂	中心词
系统受累	中心词
系统性硬化	中心词
系统性硬化症	中心词
紊乱	中心词
紫癜	中心词
紫癜性疾病	中心词
红斑狼疮	中心词
红斑狼疮性疾病	中心词
红白血病	中心词
红皮病	中心词
红细胞增多症	中心词
红细胞异常性疾病	中心词
红细胞性白血病	中心词
红色盲	中心词
纤维化	中心词
纤维性骨炎	中心词
纤维瘤	中心词
纤维瘤病	中心词
纤维织炎	中心词
纤维腺瘤	中心词
纯红再障	中心词
纯红细胞性再生障碍性贫血	中心词
纵隔出血	中心词
纵隔囊肿	中心词
纵隔感染性疾病	中心词
纵隔气肿	中心词
纵隔疾病	中心词
纵隔肿物	中心词
组织严重破坏	中心词
组织异位	中心词
组织片性破坏	中心词
组织线性破坏	中心词
组织细胞性疾病	中心词
组织细胞肉瘤	中心词
细粒棘球蚴感染	中心词
细胞增殖	中心词
细胞性疾病	中心词
细胞癌	中心词
细胞结构	中心词
细菌性关节炎	中心词
细菌性支气管肺炎	中心词
细菌性泪器感染	中心词
细菌性肺炎	中心词
细菌性脑膜炎	中心词
细菌感染	中心词
细菌感染性疾病	中心词
经前期紧张	中心词
绒毛膜上皮癌	中心词
绒癌	中心词
结核性脓胸	中心词
结核杆菌感染	中心词
结核病	中心词
结甲	中心词
结缔组织病	中心词
结肠恶性肿瘤	中心词
结肠扩张	中心词
结肠损伤	中心词
结肠炎	中心词
结肠疾病	中心词
结肠癌	中心词
结肠肝曲癌	中心词
结肠肿物	中心词
结肠阿米巴病	中心词
结膜充血	中心词
结膜变性疾病	中心词
结膜感染性疾病	中心词
结膜松驰	中心词
结膜水肿	中心词
结膜溃疡	中心词
结膜炎	中心词
结膜畸形	中心词
结膜疾病	中心词
结膜翼状胬肉	中心词
结膜肿物	中心词
结膜血管疾病	中心词
结膜角膜沙眼衣原体感染	中心词
结节病	中心词
绝经	中心词
绝育	中心词
绦虫感染	中心词
绦虫病	中心词
继发性精神异常	中心词
继发性精神障碍	中心词
继发性糖尿病	中心词
维生素A缺乏性疾病	中心词
维生素A过多性疾病	中心词
维生素B12缺乏	中心词
维生素B12缺乏性疾病	中心词
维生素B1缺乏性疾病	中心词
维生素B2缺乏性疾病	中心词
维生素B5缺乏性疾病	中心词
维生素B6缺乏	中心词
维生素B6缺乏性疾病	中心词
维生素C缺乏性疾病	中心词
维生素D缺乏性骨疾病	中心词
维生素D过多性疾病	中心词
维生素D过多性骨疾病	中心词
维生素E缺乏性疾病	中心词
维生素K缺乏性凝血异常疾病	中心词
维生素K缺乏性疾病	中心词
维生素PP缺乏性疾病	中心词
维生素代谢	中心词
维生素代谢异常性疾病	中心词
绿色盲	中心词
缺乏性贫血	中心词
缺氧性脑病	中心词
缺血	中心词
缺血性心脏病	中心词
缺血性疾病	中心词
缺铁性贫血	中心词
网球肘	中心词
羊水栓塞	中心词
羊水疾病	中心词
羊水过多	中心词
羊水过少	中心词
羊癫风	中心词
羊膜腔感染性疾病	中心词
羊膜腔疾病	中心词
羊角风	中心词
美尼尔病	中心词
羟化酶缺陷	中心词
羟化酶缺陷性肾上腺功能异常	中心词
羟化酶缺陷症	中心词
翼状胬肉	中心词
老年性痴呆	中心词
老年性痴呆症	中心词
耳后乳突感染性疾病	中心词
耳外伤	中心词
耳异物	中心词
耳恶性肿瘤	中心词
耳畸形	中心词
耳痛	中心词
耳痛待查	中心词
耳聋	中心词
耳肿物	中心词
耳部外伤	中心词
耳部异物	中心词
耳部疾病	中心词
耳部真菌感染	中心词
耳鸣	中心词
耳鸣待查	中心词
聋	中心词
肉瘤	中心词
肉芽肿	中心词
肋软骨炎	中心词
肋间神经炎	中心词
肋间神经疾病	中心词
肋间神经痛	中心词
肋骨畸形	中心词
肋骨肿物	中心词
肋骨骨折	中心词
肌张力障碍性疾病	中心词
肌强直症	中心词
肌挛缩	中心词
肌无力危象	中心词
肌无力性疾病	中心词
肌炎症	中心词
肌痛	中心词
肌瘤	中心词
肌肉劳损	中心词
肌肉坏死性疾病	中心词
肌肉疼痛	中心词
肌肉疾病	中心词
肌肉痉挛	中心词
肌肉肌腱肿物	中心词
肌肉麻痹	中心词
肌腱疾病	中心词
肌萎缩	中心词
肌萎缩侧索硬化	中心词
肌萎缩侧索硬化症	中心词
肌萎缩症	中心词
肌营养不良	中心词
肌营养不良症	中心词
肌间隙综合征	中心词
肌震颤性疾病	中心词
肌麻痹	中心词
肘关节囊肿	中心词
肘关节畸形	中心词
肘关节疾病	中心词
肘关节脱位	中心词
肘内翻	中心词
肘外翻	中心词
肘管综合征	中心词
肘肌腱端病	中心词
肛周感染	中心词
肛周感染性疾病	中心词
肛瘘	中心词
肛裂	中心词
肛门损伤	中心词
肛门痉挛	中心词
肛门直肠出血	中心词
肛门直肠异物	中心词
肛门直肠恶性肿瘤	中心词
肛门直肠溃疡	中心词
肛门直肠狭窄闭锁	中心词
肛门直肠疾病	中心词
肛门直肠痔	中心词
肛门直肠瘘	中心词
肛门直肠癌	中心词
肛门直肠肿物	中心词
肛门直肠脱垂	中心词
肝内外胆官扩张性疾病	中心词
肝内外胆管狭窄性疾病	中心词
肝内外胆管结石	中心词
肝出血	中心词
肝功能	中心词
肝功能不全	中心词
肝功能损伤	中心词
肝吸虫感染	中心词
肝吸虫病	中心词
肝囊肿	中心词
肝坏死	中心词
肝外胆管恶性肿瘤	中心词
肝外胆管癌	中心词
肝外胆管肿物	中心词
肝恶性肿瘤	中心词
肝感染性病变	中心词
肝损伤	中心词
肝炎	中心词
肝炎病毒性肝炎	中心词
肝疾病	中心词
肝癌	中心词
肝破裂	中心词
肝硬化	中心词
肝细胞癌	中心词
肝肿物	中心词
肝脏功能衰竭	中心词
肝血管疾病	中心词
肝血管瘤	中心词
肝血管瘤病	中心词
肝血肿	中心词
肝衰	中心词
肝衰竭	中心词
肝阿米巴病	中心词
肝阿米巴脓肿	中心词
肝静脉瘤	中心词
肠Crohn病	中心词
肠克罗恩病	中心词
肠克隆氏病	中心词
肠出血	中心词
肠吸收障碍性疾病	中心词
肠坏死	中心词
肠扩张	中心词
肠梗阻	中心词
肠炎	中心词
肠瘘	中心词
肠破裂	中心词
肠破裂穿孔	中心词
肠穿孔	中心词
肠粘连	中心词
肠系膜上动脉瘤	中心词
肠系膜上静脉瘤	中心词
肠系膜疾病	中心词
肠系膜肿物	中心词
肠绞窄	中心词
肠缺血	中心词
肠缺血性疾病	中心词
肠胃炎	中心词
肠运动异常	中心词
肠道原虫病	中心词
肠道感染性疾病	中心词
肠道憩室	中心词
肠道狭窄性疾病	中心词
肠道畸形	中心词
肠道疾病	中心词
肠道痢疾	中心词
肠道糖吸收不良性疾病	中心词
肠道肿物	中心词
肠道菌群失调	中心词
肠道蛲虫感染	中心词
肠闭锁	中心词
股外侧皮神经炎	中心词
股神经疾病	中心词
股藓	中心词
股骨坏死	中心词
股骨头坏死	中心词
股骨疾病	中心词
股骨骨折	中心词
肢体畸形	中心词
肢体疾病	中心词
肢体缺失	中心词
肢体躯干动静脉瘘	中心词
肢端肥大症	中心词
肥胖症	中心词
肩关节疾病	中心词
肩关节脱位	中心词
肩周炎	中心词
肩手综合征	中心词
肩胛骨骨折	中心词
肩部畸形	中心词
肩部肿物	中心词
肱骨内上髁炎	中心词
肱骨外上髁炎	中心词
肱骨疾病	中心词
肱骨骨折	中心词
肺不张	中心词
肺出血	中心词
肺功能不全	中心词
肺动脉栓塞	中心词
肺动脉瓣关闭不全	中心词
肺动脉瓣狭窄	中心词
肺动脉瓣狭窄梗阻	中心词
肺动脉瓣疾病	中心词
肺动脉病变	中心词
肺动脉血栓形成	中心词
肺动脉高压	中心词
肺及支气管恶性肿瘤	中心词
肺及支气管结核	中心词
肺吸虫	中心词
肺吸虫感染	中心词
肺吸虫病	中心词
肺坏疽	中心词
肺外气管异物	中心词
肺外气管感染性疾病	中心词
肺外气管损伤	中心词
肺外气管狭窄梗阻	中心词
肺外气管疾病	中心词
肺外气管肿物	中心词
肺大泡	中心词
肺大疱	中心词
肺心病	中心词
肺性脑病	中心词
肺恶性肿瘤	中心词
肺损伤	中心词
肺栓塞	中心词
肺梗塞	中心词
肺气肿	中心词
肺水肿	中心词
肺泡性疾病	中心词
肺源性心脏病	中心词
肺炎	中心词
肺畸形	中心词
肺疾病	中心词
肺癌	中心词
肺百日咳杆菌感染	中心词
肺真菌感染	中心词
肺纤维化	中心词
肺结核	中心词
肺脓肿	中心词
肺脓肿坏死	中心词
肺血栓栓塞	中心词
肺血栓栓塞症	中心词
肺血管疾病	中心词
肺血肿	中心词
肺间质性疾病	中心词
肺阿米巴病	中心词
肺阿米巴脓肿	中心词
肺静脉疾病	中心词
肾上腺内分泌异常性疾病	中心词
肾上腺出血	中心词
肾上腺功能异常	中心词
肾上腺增生	中心词
肾上腺恶性肿瘤	中心词
肾上腺感染性疾病	中心词
肾上腺疾病	中心词
肾上腺瘤	中心词
肾上腺皮质功能减退症	中心词
肾上腺皮质性疾病	中心词
肾上腺皮质醇增多症	中心词
肾上腺素	中心词
肾上腺肿物	中心词
肾上腺醛固酮增多症	中心词
肾下垂	中心词
肾出血	中心词
肾功能不全	中心词
肾功能损伤	中心词
肾功能衰竭	中心词
肾动脉疾病	中心词
肾周积液	中心词
肾囊肿	中心词
肾坏死	中心词
肾小球硬化	中心词
肾小球硬化症	中心词
肾小球肾炎	中心词
肾小管性疾病	中心词
肾小管酸中毒	中心词
肾小管间质肾炎	中心词
肾异位	中心词
肾性尿崩症	中心词
肾性贫血	中心词
肾性骨病	中心词
肾恶性肿瘤	中心词
肾感染性疾病	中心词
肾损伤	中心词
肾梗塞	中心词
肾泌尿功能衰竭	中心词
肾炎	中心词
肾畸形	中心词
肾疾病	中心词
肾病	中心词
肾病综合征	中心词
肾癌	中心词
肾盂扩张	中心词
肾盂癌	中心词
肾盂积水	中心词
肾盂肾炎	中心词
肾盏症	中心词
肾破裂	中心词
肾积水	中心词
肾结石	中心词
肾绞痛	中心词
肾绞痛待查	中心词
肾综合征出血热	中心词
肾肿物	中心词
肾脏病	中心词
肾脓肿	中心词
肾血管疾病	中心词
肾衰	中心词
胃下垂	中心词
胃出血	中心词
胃动力异常	中心词
胃恶性肿瘤	中心词
胃憩室	中心词
胃扩张	中心词
胃扭转	中心词
胃损伤	中心词
胃排空障碍	中心词
胃泌素分泌过多	中心词
胃溃疡	中心词
胃潴留	中心词
胃炎	中心词
胃狭窄性疾病	中心词
胃痛	中心词
胃痛待查	中心词
胃瘘	中心词
胃癌	中心词
胃破裂	中心词
胃穿孔	中心词
胃结石	中心词
胃肠炎	中心词
胃肠道倾倒综合征	中心词
胃肿物	中心词
胃运动异常	中心词
胃酸分泌异常	中心词
胆囊周围脓肿	中心词
胆囊息肉	中心词
胆囊恶性肿瘤	中心词
胆囊感染性疾病	中心词
胆囊炎	中心词
胆囊疾病	中心词
胆囊癌	中心词
胆囊结石	中心词
胆囊肿物	中心词
胆囊胆管瘘	中心词
胆囊脓肿	中心词
胆固醇代谢	中心词
胆石症	中心词
胆碱能危象	中心词
胆管感染性疾病	中心词
胆管扩张	中心词
胆管炎	中心词
胆管狭窄	中心词
胆管结石	中心词
胆红素代谢障碍性疾病	中心词
胆绞痛	中心词
胆绞痛待查	中心词
胆道疾病	中心词
胎位异常	中心词
胎儿产伤	中心词
胎儿先兆流产	中心词
胎儿发育不良	中心词
胎儿宫内窘迫	中心词
胎儿异常	中心词
胎儿早产	中心词
胎儿正常分娩	中心词
胎儿死亡	中心词
胎儿流产	中心词
胎儿畸形	中心词
胎儿相关	中心词
胎儿过期妊娠	中心词
胎儿难产	中心词
胎盆不称	中心词
胎盘前置	中心词
胎盘早剥	中心词
胎盘畸形	中心词
胎盘疾病	中心词
胎盘脐带血流异常	中心词
胎膜早破	中心词
胚胎癌	中心词
胫神经疾病	中心词
胫骨疾病	中心词
胫骨脱位	中心词
胫骨骨折	中心词
胰岛内分泌异常性糖尿病	中心词
胰岛素分泌过多	中心词
胰岛素抵抗	中心词
胰岛细胞增生	中心词
胰岛细胞增生症	中心词
胰岛细胞恶性肿瘤	中心词
胰岛细胞癌	中心词
胰岛细胞肿物	中心词
胰管疾病	中心词
胰腺内分泌异常性疾病	中心词
胰腺囊肿	中心词
胰腺恶性肿瘤	中心词
胰腺损伤	中心词
胰腺炎	中心词
胰腺疾病	中心词
胰腺癌	中心词
胰腺肿物	中心词
胰高血糖素	中心词
胰高血糖素分泌过多	中心词
胰高血糖素瘤	中心词
胸壁及胸部肿物	中心词
胸壁畸形	中心词
胸壁肿物	中心词
胸导管疾病	中心词
胸廓出口综合征	中心词
胸廓及肋骨畸形	中心词
胸廓及胸部损伤	中心词
胸廓畸形	中心词
胸椎疾病	中心词
胸椎脱位	中心词
胸椎骨折	中心词
胸痛	中心词
胸痛待查	中心词
胸腔出血	中心词
胸腔感染性疾病	中心词
胸腔积液	中心词
胸腺增生	中心词
胸腺恶性肿瘤	中心词
胸腺疾病	中心词
胸腺癌	中心词
胸腺肿物	中心词
胸膜炎	中心词
胸膜疾病	中心词
胸膜结核	中心词
胸膜结核瘤	中心词
胸膜肿物	中心词
胸部主动脉疾病	中心词
胸部听诊异常	中心词
胸部损伤	中心词
胸部疾病	中心词
胸部肿物	中心词
胼胝	中心词
脂代谢障碍性疾病	中心词
脂溢性皮炎	中心词
脂类相关疾病	中心词
脂类营养缺乏性疾病	中心词
脂肪变性	中心词
脂肪增多症	中心词
脂肪疾病	中心词
脂肪瘤	中心词
脂肪缺乏性疾病	中心词
脂肪肝	中心词
脂肪过多性疾病	中心词
脂肪酸	中心词
脂肪酸代谢障碍性疾病	中心词
脂膜炎	中心词
脂蛋白代谢障碍性疾病	中心词
脉络膜变性疾病	中心词
脉络膜炎	中心词
脉络膜疾病	中心词
脉络膜脱离	中心词
脉络膜营养不良	中心词
脉络膜视网膜炎	中心词
脉络膜视网膜疾病	中心词
脊柱侧突	中心词
脊柱前突	中心词
脊柱后突	中心词
脊柱损伤	中心词
脊柱曲度异常	中心词
脊柱炎	中心词
脊柱畸形	中心词
脊柱疾病	中心词
脊柱肿物	中心词
脊柱裂	中心词
脊椎滑脱	中心词
脊神经根损伤	中心词
脊神肿物	中心词
脊膜疾病	中心词
脊膜瘤	中心词
脊膜膨出	中心词
脊髓半切综合征	中心词
脊髓压迫症	中心词
脊髓受压	中心词
脊髓性截瘫	中心词
脊髓感染性疾病	中心词
脊髓损伤	中心词
脊髓灰质炎	中心词
脊髓炎	中心词
脊髓疾病	中心词
脊髓病	中心词
脊髓空洞症	中心词
脊髓缺血性疾病	中心词
脊髓肿物	中心词
脊髓血管疾病	中心词
脏器扭转	中心词
脏器游走	中心词
脐带异常	中心词
脐带绕颈	中心词
脐带过长	中心词
脐疝	中心词
脐部疾病	中心词
脑供血不足	中心词
脑内出血	中心词
脑出血	中心词
脑动脉夹层	中心词
脑动脉瘤	中心词
脑动静脉瘘	中心词
脑卒中	中心词
脑变性	中心词
脑囊肿	中心词
脑外伤	中心词
脑室感染性疾病	中心词
脑室梗阻性疾病	中心词
脑室积水	中心词
脑室粘连	中心词
脑室肿物	中心词
脑干疾病	中心词
脑性瘫痪	中心词
脑感染性疾病	中心词
脑梗	中心词
脑梗塞	中心词
脑梗死	中心词
脑死亡	中心词
脑水肿	中心词
脑炎	中心词
脑畸形	中心词
脑疝	中心词
脑病	中心词
脑瘫	中心词
脑白质疾病	中心词
脑神经疾病	中心词
脑积水	中心词
脑缺血	中心词
脑肿物	中心词
脑肿瘤	中心词
脑脊液漏	中心词
脑脓肿	中心词
脑腔扩张性疾病	中心词
脑膜恶性肿瘤	中心词
脑膜感染性疾病	中心词
脑膜炎	中心词
脑膜瘤	中心词
脑膜癌	中心词
脑膜粘连	中心词
脑膜肿物	中心词
脑膜腔积水	中心词
脑膜膨出	中心词
脑萎缩	中心词
脑萎缩变性	中心词
脑血栓	中心词
脑血管栓塞	中心词
脑血管疾病	中心词
脑血管瘤	中心词
脑部囊肿	中心词
脑部恶性肿瘤	中心词
脑部疾病	中心词
脑阿米巴病	中心词
脑阿米巴脓肿	中心词
脑震荡	中心词
脓毒症	中心词
脓疱疮	中心词
脓癣	中心词
脓皮病	中心词
脓胸	中心词
脚气病	中心词
脱发	中心词
脱水	中心词
脱水黄癣	中心词
脾亢	中心词
脾功能亢进	中心词
脾功能亢进症	中心词
脾动脉瘤	中心词
脾囊肿	中心词
脾大	中心词
脾感染性疾病	中心词
脾扭转	中心词
脾损伤	中心词
脾疾病	中心词
脾破裂	中心词
脾缺失	中心词
脾肿大	中心词
脾肿物	中心词
脾血管疾病	中心词
脾血管病变	中心词
腋臭	中心词
腋臭症	中心词
腓神经疾病	中心词
腓骨疾病	中心词
腓骨骨折	中心词
腔静脉狭窄梗阻栓塞	中心词
腔静脉畸形	中心词
腔静脉疾病	中心词
腔静脉瘤	中心词
腔静脉肿物	中心词
腕关节畸形	中心词
腕关节脱位	中心词
腕管综合征	中心词
腕背隆突综合征	中心词
腕部卡压性疾病	中心词
腕部神经损伤	中心词
腕部肌肉损伤	中心词
腕部肿物	中心词
腕部腱鞘炎	中心词
腕部血管损伤	中心词
腕部骨折	中心词
腕部骨疾病	中心词
腭垂疾病	中心词
腭裂	中心词
腭部疾病	中心词
腮腺炎	中心词
腰大肌脓肿	中心词
腰椎疾病	中心词
腰椎脱位	中心词
腰椎间盘突出	中心词
腰椎间盘突出症	中心词
腰椎骨折	中心词
腰部损伤	中心词
腰骶丛神经疾病	中心词
腰骶神经损伤	中心词
腱鞘炎	中心词
腱鞘疾病	中心词
腱鞘病	中心词
腱鞘瘤	中心词
腹主动脉疾病	中心词
腹壁疝	中心词
腹壁疾病	中心词
腹壁肿物	中心词
腹水	中心词
腹泻	中心词
腹泻待查	中心词
腹泻病	中心词
腹痛	中心词
腹痛待查	中心词
腹股沟疝	中心词
腹腔出血	中心词
腹腔动脉病变	中心词
腹腔感染性疾病	中心词
腹腔疾病	中心词
腹腔盆腔积液	中心词
腹腔积液	中心词
腹腔粘连	中心词
腹腔血肿	中心词
腹膜后纤维化	中心词
腹膜炎	中心词
腹膜肿物	中心词
腹部出血损伤	中心词
腹部动脉疾病	中心词
腹部听诊异常	中心词
腹部损伤	中心词
腹部疾病	中心词
腹部肿物	中心词
腹部血管疾病	中心词
腺样体肥大	中心词
腺瘤	中心词
腺癌	中心词
腺肌症	中心词
膀胱乳头状瘤	中心词
膀胱出血	中心词
膀胱功能障碍	中心词
膀胱息肉	中心词
膀胱恶性肿瘤	中心词
膀胱感染性疾病	中心词
膀胱扩张	中心词
膀胱损伤	中心词
膀胱梗阻	中心词
膀胱梗阻性疾病	中心词
膀胱炎	中心词
膀胱炎症	中心词
膀胱狭窄	中心词
膀胱畸形	中心词
膀胱疾病	中心词
膀胱瘘	中心词
膀胱癌	中心词
膀胱破裂	中心词
膀胱结石	中心词
膀胱肿物	中心词
膀胱膨出	中心词
膈损伤	中心词
膈畸形	中心词
膈疝	中心词
膈疾病	中心词
膈破裂	中心词
膈神经疾病	中心词
膈粘连	中心词
膈肌麻痹	中心词
膈肿物	中心词
膈膨升	中心词
膝关节滑膜疾病	中心词
膝关节畸形	中心词
膝关节疾病	中心词
膝关节肿物	中心词
膝关节脱位	中心词
膝内翻	中心词
膝十字韧带损伤	中心词
膝半月板疾病	中心词
膝外翻	中心词
膝滑囊炎	中心词
膝滑膜炎	中心词
膝韧带疾病	中心词
膝骨关节病	中心词
膨出	中心词
臀上皮神经卡压	中心词
臀上皮神经炎	中心词
臀部损伤	中心词
臂丛神经卡压	中心词
臂丛神经疾病	中心词
自杀	中心词
自杀及自杀倾向	中心词
自身免疫	中心词
自身免疫病	中心词
自闭症	中心词
致幻剂类药物滥用	中心词
舌下神经疾病	中心词
舌咽神经疾病	中心词
舌外伤	中心词
舌恶性肿瘤	中心词
舌溃疡	中心词
舌畸形	中心词
舌疾病	中心词
舌痛	中心词
舌痛待查	中心词
舌痛症	中心词
舌癌	中心词
舌粘膜疾病	中心词
舌肿物	中心词
舌苔异常	中心词
舌运动异常	中心词
舌骨相关疾病	中心词
良性肿瘤	中心词
色盲	中心词
色素膜炎	中心词
色素膜疾病	中心词
色素膜肿物	中心词
艾森曼格综合征	中心词
艾滋病	中心词
花斑癣	中心词
苔藓样皮炎	中心词
苯丙氨酸代谢障碍性疾病	中心词
苯丙酮尿症	中心词
荨麻疹	中心词
药物不良反应	中心词
药物中毒	中心词
药物性肝炎	中心词
药物性肾炎	中心词
药疹	中心词
获得性免疫缺陷综合征	中心词
获得性风疹	中心词
菌痢	中心词
菌血症	中心词
萎缩症	中心词
营养不良	中心词
营养不良病	中心词
营养不良症	中心词
营养分解	中心词
营养吸收	中心词
营养素缺乏性疾病	中心词
营养过剩	中心词
营养过度性疾病	中心词
葡萄胎	中心词
葡萄膜炎	中心词
葡萄膜疾病	中心词
葡萄膜肿物	中心词
虐待	中心词
虫牙	中心词
虱病	中心词
虹膜炎	中心词
虹膜疾病	中心词
虹膜睫状体变性疾病	中心词
虹膜睫状体囊肿	中心词
虹膜睫状体血管生成	中心词
虹膜粘连	中心词
虹膜红变	中心词
虹膜红变症	中心词
虹膜缺损	中心词
虹膜萎缩	中心词
蛀牙	中心词
蛋白代谢异常性疾病	中心词
蛋白尿	中心词
蛋白尿期	中心词
蛋白样淀粉样变性	中心词
蛋白病	中心词
蛋白缺乏性疾病	中心词
蛋白质	中心词
蛋白质代谢	中心词
蛔虫感染	中心词
蛔虫病	中心词
蛛网膜粘连	中心词
蛲虫病	中心词
蜂窝织炎	中心词
蝇蛆感染	中心词
蝇蛆病	中心词
螺旋体感染	中心词
蠕虫感染	中心词
蠕虫病	中心词
血压异常待查	中心词
血友病	中心词
血吸虫感染	中心词
血吸虫病	中心词
血型不合	中心词
血容量不足	中心词
血小板	中心词
血小板减少性疾病	中心词
血小板增多性疾病	中心词
血小板增多症	中心词
血小板性疾病	中心词
血小板性白血病	中心词
血尿	中心词
血尿待查	中心词
血栓栓塞	中心词
血栓栓塞症	中心词
血浆渗透压	中心词
血液学疾病	中心词
血液检验异常	中心词
血清病	中心词
血管恶性肿瘤	中心词
血管术后并发症	中心词
血管栓塞	中心词
血管栓塞性疾病	中心词
血管活性物质	中心词
血管炎	中心词
血管特异性异常	中心词
血管疾病	中心词
血管瘤	中心词
血管肉瘤	中心词
血管肿物	中心词
血精	中心词
血精待查	中心词
血红蛋白性疾病	中心词
血红蛋白病	中心词
血红蛋白血症	中心词
血细胞异常	中心词
血肿	中心词
血胸	中心词
行为障碍	中心词
行走困难	中心词
衣原体感染	中心词
补体缺陷性疾病	中心词
被他人不当对待	中心词
裂头绦虫病	中心词
褥疮	中心词
视乳头水肿	中心词
视力障碍	中心词
视神经炎	中心词
视神经疾病	中心词
视神经肿物	中心词
视网膜变性	中心词
视网膜囊肿	中心词
视网膜撕裂	中心词
视网膜病	中心词
视网膜病变	中心词
视网膜肿物	中心词
视网膜脱离	中心词
视网膜营养障碍	中心词
视网膜血管疾病	中心词
视网膜裂孔	中心词
视网膜黄斑出血	中心词
视觉异常	中心词
角膜变性疾病	中心词
角膜基质炎	中心词
角膜感染性疾病	中心词
角膜感觉缺失	中心词
角膜水肿	中心词
角膜混浊	中心词
角膜溃疡	中心词
角膜炎	中心词
角膜畸形	中心词
角膜疾病	中心词
角膜穿孔	中心词
角膜结膜外伤	中心词
角膜结膜疾病	中心词
角膜肿物	中心词
角膜脓肿	中心词
角膜营养不良	中心词
角膜血管翳	中心词
角膜软化症	中心词
认知障碍	中心词
语言及学习障碍	中心词
谵妄	中心词
象皮肿	中心词
败血症	中心词
贫血	中心词
贫血待查	中心词
贲门失弛缓	中心词
贲门失弛缓症	中心词
贲门恶性肿瘤	中心词
贲门梗阻	中心词
贲门狭窄性疾病	中心词
贲门疾病	中心词
贲门痉挛	中心词
贲门癌	中心词
贲门肿物	中心词
贲门胃底静脉曲张	中心词
足关节畸形	中心词
足关节脱位	中心词
足内翻	中心词
足及踝关节损伤	中心词
足及踝关节脱位	中心词
足外翻	中心词
足恶性肿瘤	中心词
足损伤	中心词
足癣	中心词
足趾畸形	中心词
足部肌肉损伤	中心词
足部骨折	中心词
趾离断	中心词
跗管综合征	中心词
跗骨管综合征	中心词
跟腱疾病	中心词
踇内翻	中心词
踇外翻	中心词
踝关节损伤	中心词
踝关节畸形	中心词
踝关节脱位	中心词
踝滑囊炎	中心词
踝部肌肉损伤	中心词
踝部骨折	中心词
躁狂抑郁	中心词
身材矮小症	中心词
躯体感觉异常	中心词
躯体损伤	中心词
躯体疼痛	中心词
躯体疼痛待查	中心词
躯体疾病	中心词
躯体症状障碍	中心词
躯体痉挛	中心词
躯体肿物	中心词
躯体肿胀	中心词
躯体肿胀待查	中心词
躯体运动异常	中心词
转移性癌	中心词
转移性肿瘤	中心词
转移瘤	中心词
软下疳	中心词
软化症	中心词
软组织挫伤	中心词
软组织疾病	中心词
软腭裂	中心词
轻度非典型增生	中心词
载硫氨基酸代谢障碍性疾病	中心词
辐射性结膜角膜炎	中心词
输卵管出血	中心词
输卵管囊肿	中心词
输卵管增生	中心词
输卵管息肉	中心词
输卵管感染性疾病	中心词
输卵管憩室	中心词
输卵管扭转	中心词
输卵管损伤	中心词
输卵管梗阻	中心词
输卵管炎	中心词
输卵管狭窄性疾病	中心词
输卵管畸形	中心词
输卵管疾病	中心词
输卵管癌	中心词
输卵管积水	中心词
输卵管积液	中心词
输卵管粘连	中心词
输卵管肿物	中心词
输卵管脱垂	中心词
输尿管恶性肿瘤	中心词
输尿管感染性疾病	中心词
输尿管憩室	中心词
输尿管扩张	中心词
输尿管损伤	中心词
输尿管梗阻	中心词
输尿管梗阻性疾病	中心词
输尿管炎	中心词
输尿管狭窄	中心词
输尿管畸形	中心词
输尿管疝	中心词
输尿管疾病	中心词
输尿管瘘	中心词
输尿管癌	中心词
输尿管积水	中心词
输尿管结石	中心词
输尿管肿物	中心词
输尿管闭锁	中心词
输液过量	中心词
输精管炎	中心词
输精管狭窄	中心词
输精管精索	中心词
输精管精索恶性肿瘤	中心词
输精管精索感染性疾病	中心词
输精管精索狭窄性疾病	中心词
输精管精索疾病	中心词
输精管精索肿物	中心词
过度外展综合征	中心词
过敏	中心词
过敏性疾病	中心词
过敏病	中心词
过期妊娠	中心词
运动神经元病	中心词
运动系统术后并发症	中心词
运动系统疾病	中心词
运动系统结核	中心词
运动系统肿物	中心词
近视	中心词
进食障碍	中心词
远视	中心词
连续性肌纤维活动	中心词
迷走神经疾病	中心词
迷路炎	中心词
迷路疾病	中心词
退行性变	中心词
适应障碍	中心词
适应障碍性精神疾病	中心词
选择性缄默症	中心词
造血原料不足	中心词
造血原料利用障碍	中心词
造血微环境异常	中心词
造血系统恶性肿瘤	中心词
造血系统疾病	中心词
道尔顿症	中心词
遗传代谢病	中心词
遗传性周围神经病	中心词
遗传性大脑性舞蹈病	中心词
遗传性对称性色素异常症	中心词
遗传性溶血性贫血	中心词
遗传性疾病	中心词
遗传性肌肉疾病	中心词
酒渣鼻	中心词
酒瘾	中心词
酒精中毒	中心词
酒精肝	中心词
酪氨酸代谢障碍性疾病	中心词
酪氨酸代谢障碍性白化病	中心词
酮症	中心词
酮症酸中毒	中心词
酶代谢障碍性疾病	中心词
酸中毒	中心词
酸碱代谢	中心词
酸碱平衡失调	中心词
酸碱平衡紊乱	中心词
醛固酮增多症	中心词
醛固酮瘤	中心词
重度非典型增生	中心词
重症肌无力	中心词
重链病	中心词
金属中毒	中心词
钙代谢障碍	中心词
钙代谢障碍性疾病	中心词
钙化症	中心词
钝击伤	中心词
钩端螺旋体感染	中心词
钩端螺旋体病	中心词
钩虫感染	中心词
钩虫病	中心词
钴胺素缺乏	中心词
铁代谢障碍	中心词
铁代谢障碍性疾病	中心词
铜代谢障碍	中心词
铜代谢障碍性疾病	中心词
铜过量	中心词
银屑病	中心词
锁骨下动脉疾病	中心词
锁骨下动脉瘤	中心词
锁骨下静脉疾病	中心词
锁骨骨折	中心词
锌代谢障碍	中心词
锌代谢障碍性疾病	中心词
锐器伤	中心词
错合畸形	中心词
错构瘤	中心词
锥体外系疾病	中心词
锥虫病	中心词
镁代谢障碍	中心词
镁代谢障碍性疾病	中心词
镇静催眠	中心词
镇静药物滥用	中心词
镰状细胞性贫血	中心词
镰状血红蛋白性溶血性贫血	中心词
门脉高压	中心词
门脉高压症	中心词
门静脉疾病	中心词
门静脉高压	中心词
门静脉高压症	中心词
闭合伤	中心词
闭经	中心词
间歇热	中心词
间脑疾病	中心词
间质性肺炎	中心词
间质瘤	中心词
阑尾套叠	中心词
阑尾感染性疾病	中心词
阑尾损伤	中心词
阑尾炎	中心词
阑尾破裂	中心词
阑尾穿孔	中心词
阑尾脓肿	中心词
阳痿	中心词
阴囊炎	中心词
阴囊疾病	中心词
阴离子交换树脂	中心词
阴茎勃起障碍	中心词
阴茎包皮血肿	中心词
阴茎异常勃起	中心词
阴茎恶性肿瘤	中心词
阴茎水肿	中心词
阴茎溃疡	中心词
阴茎炎	中心词
阴茎畸形	中心词
阴茎疾病	中心词
阴茎瘘	中心词
阴茎癌	中心词
阴茎白斑	中心词
阴茎肿物	中心词
阴道出血	中心词
阴道囊肿	中心词
阴道感染性疾病	中心词
阴道损伤	中心词
阴道松弛	中心词
阴道松弛性疾病	中心词
阴道溃疡	中心词
阴道炎	中心词
阴道狭窄	中心词
阴道狭窄性疾病	中心词
阴道畸形	中心词
阴道疝	中心词
阴道疾病	中心词
阴道病	中心词
阴道瘘	中心词
阴道癌	中心词
阴道肿物	中心词
阴道脱垂	中心词
阴道膨出	中心词
阴道闭锁	中心词
阻生埋伏牙	中心词
阻生牙	中心词
阿尔茨海默病	中心词
阿片类药物滥用	中心词
阿狄森病	中心词
阿米巴病	中心词
阿米巴痢疾	中心词
附睾炎	中心词
附睾肿物	中心词
隐匿性癌	中心词
隐孢子虫病	中心词
隐睾	中心词
难产	中心词
雀斑	中心词
雌激素过多	中心词
雌激素过少	中心词
雪口病	中心词
雪盲	中心词
震颤病	中心词
震颤麻痹	中心词
霍乱	中心词
霍奇金淋巴瘤	中心词
霍纳综合征	中心词
霰粒肿	中心词
青光眼	中心词
青光眼期	中心词
静脉曲张	中心词
非去极化	中心词
非感染性发热	中心词
非感染性肠炎	中心词
非蠕虫类感染	中心词
面神经功能障碍	中心词
面神经炎	中心词
面神经疾病	中心词
面神经麻痹	中心词
面部肌肉抽搐痉挛	中心词
鞘膜疾病	中心词
鞘膜瘤	中心词
鞘膜积液	中心词
预激综合征	中心词
颅内压增高待查	中心词
颅内感染性疾病	中心词
颅内疾病	中心词
颅内肿物	中心词
颅内静脉窦感染性疾病	中心词
颅内静脉窦血栓形成	中心词
颅压高	中心词
颅咽管瘤	中心词
颅底畸形	中心词
颅神经疾病	中心词
颅脑损伤	中心词
颅骨恶性肿瘤	中心词
颅骨畸形	中心词
颅骨疾病	中心词
颅骨肿物	中心词
颅骨骨折	中心词
颅骨骨肉瘤	中心词
颈交感神经麻痹	中心词
颈动脉体疾病	中心词
颈动脉供血不全	中心词
颈动脉狭窄栓塞	中心词
颈动脉疾病	中心词
颈动脉瘤	中心词
颈椎疾病	中心词
颈椎病	中心词
颈椎脱位	中心词
颈椎骨折	中心词
颈肋综合征	中心词
颈部动脉损伤	中心词
颈部外伤	中心词
颈部感染性疾病	中心词
颈部畸形	中心词
颈部神经损伤	中心词
颈部肿物	中心词
颈部静脉损伤	中心词
颈静脉疾病	中心词
颊部红斑	中心词
颌面感染性疾病	中心词
颌面畸形	中心词
颌骨囊肿	中心词
颌骨坏死	中心词
颌骨感染性疾病	中心词
颌骨炎	中心词
颌骨疾病	中心词
颌骨骨折	中心词
颌骨骨髓炎	中心词
颜面畸形	中心词
颞下颌关节疾病	中心词
风心病	中心词
风湿性关节炎	中心词
风湿性心脏病	中心词
风湿性疾病	中心词
风湿热	中心词
风疹	中心词
风疹病毒感染	中心词
食欲不振	中心词
食物中毒	中心词
食管出血	中心词
食管反流	中心词
食管反流病	中心词
食管反流症	中心词
食管囊肿	中心词
食管异物	中心词
食管恶性肿瘤	中心词
食管憩室	中心词
食管扩张性疾病	中心词
食管损伤性疾病	中心词
食管梗阻	中心词
食管溃疡	中心词
食管炎	中心词
食管狭窄	中心词
食管狭窄性疾病	中心词
食管疾病	中心词
食管病	中心词
食管瘘	中心词
食管癌	中心词
食管破裂	中心词
食管粘膜疾病	中心词
食管肿物	中心词
食管裂孔疝	中心词
食管贲门粘膜撕裂	中心词
食管运动障碍	中心词
食管返流性疾病	中心词
食管闭锁	中心词
食管静脉曲张	中心词
饮食中心词异常	中心词
马尾损伤	中心词
马尾粘连	中心词
马尾综合征	中心词
马尾肿物	中心词
马氏囊肿	中心词
骨关节炎	中心词
骨关节病	中心词
骨及关节结核	中心词
骨感染性疾病	中心词
骨折	中心词
骨疾病	中心词
骨盆损伤	中心词
骨盆畸形	中心词
骨盆疾病	中心词
骨盆肿物	中心词
骨盆骨折	中心词
骨科并发症	中心词
骨筋膜室综合征	中心词
骨结核	中心词
骨肿物	中心词
骨质增生	中心词
骨质疏松	中心词
骨转移	中心词
骨转移癌	中心词
骨软化	中心词
骨软化病	中心词
骨软化症	中心词
骨间背侧肌神经卡压	中心词
骨骼肌周期性瘫痪	中心词
骨骼肌运动	中心词
骨髓增生异常综合征	中心词
骨髓抑制	中心词
骨髓抑制性造血功能异常	中心词
骨髓炎	中心词
骨髓瘤	中心词
骨髓纤维化	中心词
骶尾部疾病	中心词
骶椎疾病	中心词
骶骨瘤	中心词
髂动脉疾病	中心词
髂动脉瘤	中心词
髂静脉疾病	中心词
髋关节畸形	中心词
髋关节疾病	中心词
髋关节脱位	中心词
髋内翻	中心词
髋外翻	中心词
髌骨疾病	中心词
髌骨脱位	中心词
髌骨骨折	中心词
高位截瘫	中心词
高压佝偻病	中心词
高尔夫肘	中心词
高尿酸血症	中心词
高度近视	中心词
高热	中心词
高眼压症	中心词
高粘血症	中心词
高胃泌素血症	中心词
高胰岛素血症	中心词
高胰高血糖素血症	中心词
高脂血症	中心词
高血压	中心词
高血压性心脏病	中心词
高血压病	中心词
高血糖	中心词
高血糖症	中心词
高钙血症	中心词
高钠	中心词
高钠血症	中心词
高钾	中心词
高钾血症	中心词
高降钙素血症	中心词
高龄经产	中心词
鱼鳞癣	中心词
鳃裂畸形	中心词
鳞癌	中心词
鸡眼	中心词
鹅口疮	中心词
麦粒肿	中心词
麻疹	中心词
麻疹病毒感染	中心词
麻醉剂中毒	中心词
麻醉并发症	中心词
麻醉术后并发症	中心词
麻醉致幻类药物滥用及成瘾	中心词
麻风	中心词
麻风杆菌感染	中心词
黄斑	中心词
黄斑变性	中心词
黄斑水肿	中心词
黄斑病变	中心词
黄斑瘢痕	中心词
黄斑视网膜疾病	中心词
黄疸	中心词
黄疸待查	中心词
黄褐斑	中心词
黑变病	中心词
黑死病	中心词
黑热病	中心词
黑色素瘤	中心词
鼓膜穿孔	中心词
鼓膜鼓室炎	中心词
鼓膜鼓室疾病	中心词
鼠乳	中心词
鼠疫	中心词
鼠疫杆菌感染	中心词
鼻中隔偏曲	中心词
鼻中隔疾病	中心词
鼻出血	中心词
鼻咽恶性肿瘤	中心词
鼻咽癌	中心词
鼻外伤	中心词
鼻异物	中心词
鼻息肉	中心词
鼻恶性肿瘤	中心词
鼻炎	中心词
鼻甲疾病	中心词
鼻畸形	中心词
鼻疾病	中心词
鼻癌	中心词
鼻窦息肉	中心词
鼻窦感染性疾病	中心词
鼻窦炎	中心词
鼻窦肿物	中心词
鼻肿物	中心词
鼻腔狭窄	中心词
鼻腔癌	中心词
鼻部外伤	中心词
鼻部异物	中心词
鼻部感染性疾病	中心词
鼻部疾病	中心词
鼻部皮肤病变	中心词
鼻骨瘤	中心词
鼻骨骨折	中心词
鼾症	中心词
龋齿	中心词
龟头炎	中心词
内分泌瘤病	中心词
甲状旁腺瘤	中心词
肺间质病	中心词
造血干细胞异常	中心词
上下颌前突	中心词
上颌前突	中心词
下颌前突	中心词
前极白内障	中心词
动脉闭塞	中心词
双侧唇裂	中心词
嗜碱性粒细胞白血病	中心词
妊娠期高血压	中心词
妊娠期高血压病	中心词
左前束支传导阻滞阻滞	中心词
根尖囊肿	中心词
根尖肉芽肿	中心词
硬化性症	中心词
组织嗜碱细胞白血病	中心词
细胞病	中心词
细胞瘤	中心词
肠套叠	中心词
肠扭转	中心词
选择性缄默	中心词
铜缺乏	中心词
静脉闭塞	中心词
须癣	中心词
AC	其他
ALK	其他
AnnArbor	其他
B	其他
CHOP	其他
CO	其他
DDP	其他
Dixon	其他
EMA	其他
FOLFIRI	其他
FOLFOX	其他
IV	其他
J	其他
LOA	其他
M	其他
NYHA	其他
PEB	其他
R	其他
RCA	其他
SOX	其他
SOX方案	其他
TC	其他
p	其他
γ刀	其他
Ⅰ	其他
Ⅰb	其他
Ⅱ	其他
Ⅲ	其他
不全	其他
严重	其他
个人	其他
中年	其他
临床	其他
丹毒	其他
事件	其他
亢进	其他
介入	其他
介入性操作	其他
代谢	其他
低体重儿	其他
体	其他
体征	其他
修复	其他
假	其他
免疫	其他
入院	其他
关闭不全	其他
减低	其他
减压	其他
分泌	其他
分类	其他
分解	其他
切开	其他
切除	其他
切除术	其他
创伤	其他
初产	其他
剔除	其他
功能	其他
包括	其他
升高	其他
单支	其他
占位	其他
原因	其他
反复	其他
反应	其他
发作	其他
取出	其他
受累	其他
变	其他
变性	其他
口腔咬合	其他
可能	其他
合成	其他
同步	其他
听力	其他
吻合	其他
周围	其他
周疗	其他
呼吸	其他
器官功能	其他
器官结构	其他
型	其他
增厚	其他
增敏	其他
增生	其他
增粗	其他
处	其他
复发	其他
多	其他
多次	其他
大隐	其他
失败	其他
套叠	其他
婴儿	其他
完全	其他
宫腔镜	其他
家族	其他
对症类手术	其他
射频	其他
小儿	其他
少年	其他
少量	其他
局部	其他
局麻	其他
巨大	其他
并发	其他
幻觉	其他
幼儿	其他
幼儿急疹	其他
开腹	其他
异常	其他
形成	其他
待查	其他
循环	其他
心功能	其他
心电图	其他
性	其他
性质	其他
感染	其他
憩室	其他
成人	其他
所致	其他
手术	其他
扩张	其他
扭伤	其他
抗	其他
抗原虫	其他
损伤	其他
损害	其他
损毁	其他
换气	其他
排便	其他
排尿	其他
探查	其他
接触	其他
携带	其他
携带者	其他
支架	其他
收缩	其他
改变	其他
改善	其他
改良	其他
放射治疗	其他
效应	其他
断裂	其他
新	其他
新生儿	其他
方案	其他
无力	其他
早产儿	其他
明	其他
有害	其他
期	其他
期前收缩	其他
术史	其他
来源	其他
极	其他
样	其他
样癌	其他
根治术	其他
桥本	其他
检查	其他
植入物	其他
正常	其他
正常分娩	其他
死亡	其他
残留	其他
段	其他
母体	其他
水平	其他
治疗	其他
泌尿系	其他
涉及	其他
液化	其他
淹溺	其他
清扫	其他
渗出	其他
渗透压	其他
滑脱	其他
滑膜	其他
潜在	其他
焦虑	其他
特殊结构	其他
状态	其他
狭窄	其他
畸形	其他
疼痛	其他
疾病	其他
病变	其他
病史	其他
病毒	其他
病灶	其他
的	其他
相关	其他
睡眠	其他
破裂	其他
硅油	其他
硬化	其他
磷脂	其他
离断	其他
积气	其他
积血	其他
移植	其他
移除类手术	其他
穿刺	其他
穿孔	其他
筛查	其他
类	其他
系统功能	其他
系统结构	其他
级	其他
组织发育	其他
细胞功能	其他
经皮	其他
结核	其他
给予	其他
继发	其他
维持	其他
综合征	其他
缓解	其他
缺乏	其他
缺失	其他
缺如	其他
缺损	其他
缺陷	其他
置入	其他
置入物	其他
老年	其他
联合	其他
肥大	其他
肥胖	其他
肺吸虫	其他
肿大	其他
胎儿	其他
胎盘相关	其他
胎龄儿	其他
能力	其他
能力障碍	其他
脂质代谢	其他
脓肿	其他
脱位	其他
腐蚀	其他
腹腔镜	其他
节育器	其他
药	其他
药物	其他
药物滥用	其他
萎缩	其他
营养	其他
营养转运	其他
蛋白	其他
血CO2结合力	其他
血尿待查	其他
血栓形成	其他
血浆代用品	其他
血症	其他
行为	其他
装置	其他
视网膜变性区	其他
解救	其他
认知	其他
记忆	其他
语言	其他
质地变化	其他
转移	其他
辅助	其他
过度	其他
运动	其他
远端	其他
连接	其他
遗忘	其他
部分	其他
重建类手术	其他
锥切	其他
闭塞	其他
闭锁	其他
间	其他
降血脂	其他
除外	其他
隐裂	其他
障碍	其他
震颤	其他
青年	其他
频发	其他
高级别	其他
高龄	其他
麻醉诱导	其他
0级	分型
1型	分型
2型	分型
3型	分型
4型	分型
A1.1	分型
A1.2	分型
A1.3	分型
A1型	分型
A1级	分型
A2.1	分型
A2.2	分型
A2.3	分型
A2型	分型
A2级	分型
A3.1	分型
A3.2	分型
A3.3	分型
A3型	分型
A3级	分型
AO分型	分型
A型	分型
A族	分型
A级	分型
A群	分型
B1型	分型
B1程	分型
B2型	分型
B2程	分型
B2程后	分型
B3型	分型
B3程	分型
B型	分型
B级	分型
C1-1	分型
C1-2	分型
C1-3	分型
C2-1	分型
C2-2	分型
C2-3	分型
C3-1	分型
C3-2	分型
C3-3	分型
CINⅠ	分型
CINⅡ	分型
CINⅢ	分型
CIN分级	分型
C型	分型
C症	分型
C级	分型
Debakey分型	分型
D型	分型
D性	分型
H型	分型
IIA型	分型
IIB型	分型
III型	分型
III程	分型
II型	分型
II程	分型
II程后	分型
IVF	分型
IV型	分型
IV程度	分型
I后	分型
I型	分型
I度	分型
I程	分型
I程后	分型
Jensen-Evans分型	分型
Killip分级	分型
LeFort分类	分型
M1a	分型
M1b	分型
M1c	分型
M2型	分型
M3型	分型
M4型	分型
M5型	分型
M6型	分型
M7型	分型
MX	分型
N1a	分型
N1b	分型
N2a1	分型
N2a2	分型
N2b	分型
NX	分型
NYHA分级	分型
OTA分型	分型
Osseman分型	分型
S1级	分型
S2级	分型
ST段抬高型	分型
ST段抬高性	分型
Stanford分型	分型
T1a	分型
T1b	分型
T1c	分型
T2a	分型
T2b	分型
TX	分型
VINⅠ	分型
VINⅡ	分型
VINⅢ	分型
VIN分级	分型
V型	分型
hCG相关性	分型
β型	分型
κ型	分型
λ型	分型
胚胎性	分型
Ⅰa	分型
Ⅰb	分型
Ⅰ型	分型
Ⅰ度	分型
Ⅰ级	分型
ⅡA	分型
ⅡB	分型
ⅡC	分型
Ⅱa	分型
Ⅱb	分型
Ⅱ型	分型
Ⅱ度	分型
Ⅱ级	分型
ⅢA	分型
ⅢB	分型
Ⅲa	分型
Ⅲb	分型
Ⅲ型	分型
Ⅲ度	分型
Ⅲ级	分型
Ⅳ型	分型
Ⅳ度	分型
Ⅳ级	分型
Ⅴ型	分型
Ⅵ型	分型
Ⅶ型	分型
Ⅷ型	分型
一度	分型
一部分	分型
丁	分型
丁型	分型
三度	分型
三部分	分型
上	分型
上皮性	分型
上腔型	分型
上部	分型
下	分型
下丘脑性	分型
下壁后	分型
下腔型	分型
下部	分型
不完全性	分型
不稳定	分型
不稳定型	分型
不稳定性	分型
丙	分型
丙型	分型
丛集性	分型
丝状	分型
两侧	分型
中低分化	分型
中分化	分型
中型	分型
中央型	分型
中度	分型
中心型	分型
中心性	分型
中枢性	分型
中毒型	分型
中毒性	分型
中间型	分型
中间界线类	分型
乙	分型
乙型	分型
乳头型	分型
乳头状	分型
乳糜性	分型
乳酸性	分型
二度	分型
二部分	分型
亚急性	分型
产伤性	分型
产科型	分型
人为性	分型
代偿性	分型
代谢性	分型
休克型	分型
传导性	分型
传染性	分型
伤寒型	分型
伸直型	分型
低	分型
低位	分型
低分化	分型
低增生性	分型
低渗性	分型
低钾型	分型
低钾性	分型
体位性	分型
侧方压缩型	分型
侵蚀性	分型
侵袭性	分型
假性	分型
假膜性	分型
偏	分型
偏执型	分型
偏瘤型	分型
偏瘫型	分型
偏结核样型	分型
充溢性	分型
先天性	分型
免疫性	分型
全	分型
全身型	分型
全身病性	分型
全面性	分型
共济失调性	分型
关节型	分型
关节性	分型
关节病型	分型
典型	分型
内	分型
内分泌性	分型
内收型	分型
内脏型	分型
再生障碍性	分型
冠状动脉粥样硬化性	分型
减少性	分型
出血坏死性	分型
出血性	分型
分化	分型
分泌型	分型
分泌性	分型
分离型	分型
创伤性	分型
前后压缩型	分型
动力性	分型
包裹性	分型
化脓性	分型
单侧	分型
单侧唇裂	分型
单核细胞型	分型
单核细胞性	分型
单纯型	分型
单纯性	分型
占位性	分型
危象分型	分型
卵巢型	分型
压力性	分型
压疮炎性	分型
压缩型	分型
压缩性	分型
原发	分型
原发型	分型
原发性	分型
双	分型
双侧	分型
反应性	分型
反流性	分型
发热性	分型
发疹性	分型
变态反应性	分型
古典型	分型
可复性	分型
可能性	分型
可逆性	分型
右	分型
右上	分型
右下	分型
右侧	分型
右侧后	分型
右半	分型
同侧	分型
后天性	分型
后极	分型
后纵韧带下型	分型
后纵韧带后型	分型
吸入性	分型
呕吐型	分型
周围型	分型
周围神经性	分型
呼吸性	分型
咽喉型	分型
嗜酸性粒细胞性	分型
噪声性	分型
囊型	分型
四部分	分型
四部分类	分型
地方性	分型
坏死性	分型
坏疽性	分型
坠积性	分型
埃尔托生物型	分型
基底型	分型
增殖性	分型
增生低下性	分型
增生型	分型
增生性	分型
声门型	分型
复杂性	分型
外	分型
外伤	分型
外伤性	分型
外因性	分型
外展型	分型
外科型	分型
多中心型	分型
多发	分型
多发性	分型
多发性硬化性	分型
多处	分型
多灶型	分型
多灶性	分型
多病灶性	分型
大	分型
大叶性	分型
大疱性	分型
大细胞性	分型
大脑性	分型
失血性	分型
头下型	分型
头颈型	分型
女性	分型
子宫粘连性	分型
完全性	分型
实性	分型
室上性	分型
室性	分型
室间隔缺损型	分型
对侧	分型
寻常型	分型
小	分型
小叶性	分型
小细胞低色素性	分型
小脑性	分型
尺侧	分型
尿道空洞性	分型
局灶性	分型
局灶节段性	分型
局限型	分型
局限性	分型
屈光不正性	分型
屈光参差性	分型
屈曲型	分型
嵌插性	分型
嵌顿性	分型
左	分型
左上	分型
左下	分型
左侧	分型
左侧区	分型
左侧后	分型
巨核细胞型	分型
巨细胞型	分型
带状疱疹性	分型
干性	分型
干酪性	分型
年龄性	分型
并发性	分型
幼年型	分型
广泛型	分型
应激性	分型
废用性	分型
度	分型
开放	分型
开放性	分型
开角型	分型
异位	分型
异型	分型
异常性	分型
异物性	分型
张力性	分型
弥漫	分型
弥漫性	分型
强直性	分型
微	分型
微分化型	分型
心律失常型	分型
心律失常性	分型
心源性	分型
急性	分型
急进型	分型
急进性	分型
急迫性	分型
恶性	分型
意向性	分型
感染中毒型	分型
感染性	分型
感音神经性	分型
慢加急性	分型
慢性	分型
慢性型	分型
慢性病性	分型
慢淋	分型
慢粒	分型
慢粒急变	分型
戊	分型
戊型	分型
成人迟发自身免疫性	分型
房内折返性	分型
房室折返性	分型
房室旁道	分型
房室结折返性	分型
房希旁道	分型
房性	分型
房结旁道	分型
扩张性	分型
抑制型	分型
抗真菌性	分型
持续性	分型
掌跖性	分型
接触性	分型
播散性	分型
放射性	分型
散发性	分型
斑块型	分型
斑痣性	分型
斜视性	分型
旁间隔性	分型
旋前-外展型	分型
旋前-外旋型	分型
旋后-内收型	分型
旋后-外旋型	分型
无疹型	分型
无黄疸型	分型
早幼粒细胞型	分型
星状	分型
显性	分型
晕状	分型
晚发型	分型
普通型	分型
晶状体脱位性	分型
暴发型	分型
暴发性	分型
暴露性	分型
未分化型	分型
未破裂型	分型
机械性	分型
条纹状	分型
极重度	分型
栓塞性	分型
核性	分型
根治性	分型
梗阻型	分型
梗阻性	分型
椎动脉型	分型
横形	分型
横行	分型
正常细胞性	分型
残留型	分型
毒性	分型
水肿型	分型
水肿性	分型
沙眼性	分型
法洛三联症	分型
法洛四联症	分型
泛发性	分型
泡性	分型
流产型	分型
流行性	分型
浅	分型
浅Ⅱ度	分型
浅表性	分型
浆液性	分型
浆细胞型	分型
浆细胞性	分型
浸润型	分型
浸润性	分型
淋巴结型	分型
淤积性	分型
淤胆型	分型
深	分型
深Ⅱ度	分型
深部	分型
混合	分型
混合型	分型
混合性	分型
渗出性	分型
渗透性	分型
游离型	分型
溃疡型	分型
溃疡性	分型
溶血性	分型
滑动性	分型
滤泡性	分型
激素型	分型
激素性	分型
灶性	分型
炎性	分型
点状	分型
爆发性	分型
爆震性	分型
特发性	分型
特异性	分型
特殊型	分型
狭窄性	分型
狼疮性	分型
环形	分型
甲亢性	分型
甲型	分型
甲状旁腺性	分型
甲状腺功能减退型	分型
甲状腺功能减退性	分型
男性	分型
界线类	分型
疱疹性	分型
病毒性	分型
病理性	分型
症状性	分型
痉挛型	分型
痉挛性	分型
痢疾性	分型
痤疮性	分型
瘢痕性	分型
瘤型	分型
瘫痪型	分型
癫痫性	分型
皮肤型	分型
皮肤性	分型
皮质性	分型
盘状	分型
直立性	分型
直肠型	分型
相关性	分型
真性	分型
真菌性	分型
眦角性	分型
眼型	分型
眼肌型	分型
矢状	分型
矽肺性	分型
破裂型	分型
硬化性	分型
神经传导性	分型
神经性	分型
神经源性	分型
神经病性	分型
神经痛性	分型
神经麻痹性	分型
稳定	分型
稳定型	分型
稳定性	分型
空洞型	分型
空洞性	分型
穿孔性	分型
突出型	分型
突发性	分型
窦性	分型
窦房折返性	分型
等渗性	分型
管腔扩张性	分型
管腔狭窄性	分型
类风湿性	分型
粉碎	分型
粉碎性	分型
粒-单核细胞型	分型
粒细胞性	分型
粘液性	分型
粘液水肿性	分型
粘连性	分型
粟粒型	分型
粥样	分型
精神性	分型
糖尿病性	分型
糜烂型	分型
糜烂性	分型
系统性	分型
紧张型	分型
紧张性	分型
紫癜性	分型
红皮病型	分型
红细胞生成异常性	分型
纤维化型	分型
纤维瘤病型	分型
纤维瘤病性	分型
纵隔型	分型
组	分型
细胞型	分型
细胞性	分型
细菌性	分型
经颈型	分型
结性	分型
结核性	分型
结核样型	分型
结缔组织性	分型
结节性	分型
绕核性	分型
绞窄性	分型
继发型	分型
继发孔型	分型
继发性	分型
缺乏性	分型
缺失性	分型
缺血性	分型
羊水型	分型
老年性	分型
耳源性	分型
肉芽肿型	分型
肉芽肿性	分型
肌张力性	分型
肌无力性	分型
肌炎性	分型
肌肉型	分型
肌肉性	分型
肌萎缩型	分型
肝性	分型
肝细胞性	分型
肝静脉型	分型
肠粘连性	分型
肢端肥大症性	分型
肥厚性	分型
肥胖型	分型
肺出血型	分型
肺型	分型
肺间质性	分型
肾上腺增生性	分型
肾性	分型
肾素性	分型
肾衰竭型	分型
肿瘤性	分型
胃溃疡型	分型
胆汁性	分型
胆源性	分型
胚胎型	分型
胰岛素性	分型
胰性	分型
脂蛋白型	分型
脊髓性	分型
脑型	分型
脑积水性	分型
脑膜炎型	分型
脑膜脑炎型	分型
脓毒型	分型
脓疱型	分型
脱垂	分型
脱抑制型	分型
腔内型	分型
腺型	分型
膜性	分型
膨出型	分型
自发性	分型
自身免疫性	分型
舒张性	分型
良性	分型
荨麻疹型	分型
荨麻疹性	分型
药物中毒性	分型
药物性	分型
获得性	分型
萎缩性	分型
营养不良型	分型
营养不良性	分型
蚕蚀性	分型
蛋白丢失性	分型
蛋白性	分型
螺旋形	分型
血吸虫性	分型
血栓性	分型
血栓栓塞性	分型
血管型	分型
血管性	分型
血管源性	分型
血行播散型	分型
血运性	分型
衣原体性	分型
调节性	分型
败血症型	分型
贫血性	分型
转移性	分型
轻型	分型
轻度	分型
轻度全身型	分型
轻症	分型
边缘性	分型
迁延型	分型
过多性	分型
过度性	分型
过敏性	分型
运动障碍性	分型
近侧	分型
远侧	分型
迟发重症型	分型
退变型	分型
逍遥型	分型
遗传性	分型
部分分化型	分型
部分性	分型
酒精中毒性	分型
酒精性	分型
重型	分型
重度	分型
重度激进型	分型
重症	分型
重症型	分型
重直压缩型	分型
钙化性	分型
钱币状	分型
链球菌性	分型
门脉性	分型
闪光性	分型
闭合性	分型
闭袢性	分型
闭角型	分型
闭锁性	分型
间脑性	分型
间质性	分型
阳性	分型
阴	分型
阴囊型	分型
阴性	分型
阴茎型	分型
阵发性	分型
阻塞性	分型
阿米巴性	分型
陈旧	分型
陈旧性	分型
隆起型	分型
隐匿型	分型
隐匿性	分型
隐性	分型
雄激素性	分型
青少年型	分型
青春型	分型
静止性	分型
静止淋巴细胞性	分型
静脉曲张性	分型
静脉窦型	分型
非Q波	分型
非Q波型	分型
非ST段抬高	分型
非ST段抬高型	分型
非ST段抬高性	分型
风湿性	分型
风疹性	分型
食管型	分型
饥饿性	分型
骨软化性	分型
髓性	分型
高	分型
高位	分型
高侧	分型
高分化	分型
高原性	分型
高渗性	分型
高钾型	分型
高频	分型
鳞屑性	分型
鳞状	分型
麻痹性	分型
黄疸出血型	分型
黄疸型	分型
0型	分期
0期	分期
10周	分期
1区	分期
1周	分期
1周期	分期
1天	分期
1期	分期
2区	分期
2周期	分期
2天	分期
2性	分期
2期	分期
3后	分期
3周	分期
3周期	分期
3天	分期
3期	分期
4周	分期
4周期	分期
4天	分期
4期	分期
5周	分期
5周期	分期
6周	分期
6周期	分期
7周	分期
7周期	分期
9周	分期
A1期	分期
A2期	分期
A3期	分期
A期	分期
B1期	分期
B2期	分期
B期	分期
CKD2期	分期
CKD3期	分期
CKD4期	分期
CKD5期	分期
C期	分期
D期	分期
E期	分期
H2期	分期
IIB期	分期
IIIB期	分期
IIIC期	分期
IIIa期	分期
IIIb期	分期
IIIc期	分期
III期	分期
IIa期	分期
IIb期	分期
II期	分期
ISSIII期	分期
IVB期	分期
IVa期	分期
IVb期	分期
IV期	分期
Ia期	分期
Ib期	分期
Ic期	分期
MIA期	分期
MIIA期	分期
MIIB期	分期
MIIIA期	分期
MIIIB期	分期
MIIIc期	分期
MIII期	分期
MI期	分期
S1期	分期
Ⅰ期	分期
Ⅱ期	分期
Ⅲ期	分期
Ⅳ期	分期
Ⅴ期	分期
Ⅵ期	分期
一周	分期
一期	分期
三周	分期
三期	分期
中危	分期
中危组	分期
中晚期	分期
中期	分期
中毒后	分期
二期	分期
二次	分期
亚急性期	分期
产前	分期
产后	分期
产褥期	分期
代偿期	分期
低危	分期
低危组	分期
修补术后	分期
先期	分期
光凝术后	分期
免疫后	分期
全切术后	分期
出血后	分期
分期	分期
切开术后	分期
切除术后	分期
前半程后	分期
前期	分期
前病变	分期
化脓期	分期
后期	分期
吻合术后	分期
围产期	分期
固定术后	分期
复位内固定术后	分期
复位固定术后	分期
复位术后	分期
复发前	分期
复发后	分期
复张后	分期
外伤后	分期
多尿期	分期
大部切除术后	分期
好转期	分期
妊娠期	分期
孕期	分期
室上性期前	分期
少尿期	分期
尿毒症期	分期
尿酸性尿路结石	分期
局限期	分期
广泛期	分期
开颅术后	分期
引流术后	分期
形成后	分期
急性后	分期
急性尿酸性肾病	分期
急性痛风性关节炎	分期
恢复期	分期
愈合期	分期
感染后	分期
慢性痛风石病变期	分期
慢性肾小管-间质性肾炎	分期
成型术后	分期
成形术后	分期
手术后	分期
手术期	分期
搭桥术后	分期
摘除术后	分期
收缩期	分期
放化疗后	分期
新化疗中	分期
新化疗后	分期
新辅助化疗中	分期
新辅助放化疗后	分期
早期	分期
晚期	分期
术前	分期
术后	分期
极高危	分期
栓塞后	分期
根治术后	分期
植入术后	分期
活动期	分期
流产后	分期
浆液期	分期
浸润期	分期
消融术后	分期
清扫术后	分期
溃疡期	分期
潜伏期	分期
激光光凝术后	分期
激光切除术后	分期
激光晶体后囊膜切开术后	分期
激光术后	分期
激光虹膜周切术后	分期
瘢痕期	分期
眼外伤后	分期
移植术后	分期
稳定期	分期
第一期	分期
第三期	分期
第二期	分期
第四期	分期
红润期	分期
绝经后	分期
置入术后	分期
置换术后	分期
置管术后	分期
肾功能不全代偿期	分期
肾功能完全失代偿	分期
肾功能衰竭期	分期
肾脏病变	分期
胎儿期	分期
进展期	分期
造口术后	分期
间歇发作期	分期
隐匿期	分期
高危	分期
高危组	分期
非	判断词
5羟色胺受体拮抗剂	药品
5羟色胺受体激动剂	药品
A型肉毒毒素	药品
BP素	药品
B型流感嗜血杆菌疫苗	药品
H1受体拮抗药	药品
H2受体拮抗药	药品
H3受体拮抗药	药品
L-谷氨酰胺呱仑酸钠	药品
M胆碱受体拮抗剂	药品
M胆碱受体激动剂	药品
NMDA受体拮抗药	药品
Na-H交换抑制剂	药品
N胆碱受体拮抗剂	药品
N胆碱受体激动剂	药品
α1受体拮抗药	药品
α1受体激动药	药品
α2受体拮抗药	药品
α2受体激动药	药品
α受体拮抗药	药品
α受体激动药	药品
β1受体拮抗药	药品
β1受体激动药	药品
β2受体激动药	药品
β受体拮抗药	药品
β受体激动药	药品
γ-氨基丁酸受体激动剂	药品
ω-3鱼油脂肪乳	药品
一君	药品
一平苏	药品
一清胶囊	药品
丁丙诺啡	药品
丁克	药品
丁卡因	药品
丁溴东莨菪碱	药品
丁苯酞	药品
丁酰苯	药品
丁酸氢化可的松	药品
丁香	药品
丁香罗勒油	药品
七厘胶囊	药品
七叶皂甙钠	药品
七氟烷	药品
万他维	药品
万古霉素	药品
万可松	药品
万托林	药品
万爽力	药品
万珂	药品
万艾可	药品
万赛维	药品
三七块	药品
三七粉	药品
三乐喜	药品
三乙醇胺	药品
三列绷带	药品
三棱	药品
三氧化二砷	药品
三氯化铝溶液	药品
三氯生	药品
三磷酸腺苷二钠	药品
三维康	药品
三辰	药品
世可	药品
世福素	药品
丙卡特罗	药品
丙戊酰胺	药品
丙戊酸钠	药品
丙氨酰-谷氨酰胺	药品
丙泊酚	药品
丙泊酚中	药品
丙球蛋白	药品
丙硫异烟胺	药品
丙硫氧嘧啶	药品
丙酸	药品
丙酸睾酮	药品
东维力	药品
东莨菪碱	药品
东菱迪芙	药品
丝瓜络	药品
丝裂霉素	药品
两头尖	药品
两性霉素B	药品
中鑫	药品
中链脂肪乳(C6-24)	药品
丹参	药品
丹参注射液	药品
为力苏	药品
丽珠君乐	药品
丽珠得乐	药品
丽科乐	药品
丽科伟	药品
丽科分	药品
丽科明	药品
丽科欣	药品
久强脑立清	药品
乌司他丁	药品
乌拉地尔	药品
乌枣	药品
乌梅	药品
乌梅炭	药品
乌梢蛇	药品
乌灵胶囊	药品
乌苯美司	药品
乌药	药品
乐为	药品
乐健素	药品
乐凡命	药品
乐卡地平	药品
乐友	药品
乐喜林	药品
乐托尔	药品
乐松	药品
乐沙定	药品
乐瑞卡	药品
乐脉颗粒	药品
乐芮	药品
乙二胺	药品
乙内酰脲	药品
乙哌立松	药品
乙型肝炎人免疫球蛋白	药品
乙肝清热解毒颗粒	药品
乙胺丁醇	药品
乙酰半胱氨酸	药品
乙酰唑胺	药品
乙酰胺	药品
乙酰脲	药品
乙酸	药品
乙醇胺	药品
九香虫	药品
乳杆菌活菌	药品
乳果糖	药品
乳核平颗粒	药品
乳酶生	药品
乳酸菌素	药品
乳酸钠林格	药品
乳香	药品
二妙丸	药品
二巯丁二酸	药品
二巯丙磺酸钠	药品
二氢叶酸还原酶抑制剂	药品
二氢吡啶	药品
二氢麦角碱	药品
二甲双胍	药品
二甲基亚砜	药品
二硫化硒	药品
二磷酸盐	药品
二羟丙茶碱	药品
二苯二氮卓	药品
云南白药	药品
云南白药散	药品
云南白药胶囊	药品
五倍子	药品
五味养肝丸	药品
五味子	药品
五子衍宗丸	药品
五灵脂	药品
亚叶酸钙	药品
亚宁定	药品
亚甲蓝	药品
亚砷酸氯化钠	药品
亚胺培南	药品
亚芪胺	药品
亚莫利	药品
京万红	药品
京制咳嗽痰喘丸	药品
京必舒新	药品
亮丙瑞林	药品
人免疫球蛋白(PH4)	药品
人凝血因子Ⅷ	药品
人凝血酶原复合物	药品
人参健脾丸	药品
人参归脾丸	药品
人工泪滴眼液	药品
人工牛黄	药品
人纤维蛋白原	药品
人血白蛋白	药品
仁丹	药品
他克莫司	药品
他卡西醇	药品
他唑巴坦钠	药品
他扎罗汀	药品
他格适	药品
他莫昔芬	药品
他达拉非	药品
仙灵骨葆胶囊	药品
仙特明	药品
仙璐贝	药品
仙芪颗粒	药品
仙茅	药品
仙鹤草	药品
代文	药品
伊伐布雷定	药品
伊可新-500	药品
伊可新-700	药品
伊布利特	药品
伊托必利	药品
伊曲康唑	药品
伊泰达	药品
伊洛前列素	药品
伊班膦酸钠	药品
伊立替康	药品
伊达比星	药品
伊马替尼	药品
伏乐新	药品
伏格列波糖	药品
伏立康唑	药品
伏龙肝	药品
伐地那非	药品
伐尼克兰	药品
伐昔洛韦	药品
优利福	药品
优博23	药品
优宁	药品
优思弗	药品
优思明	药品
优泌乐	药品
优泌林70//30	药品
优泌林70/30(笔芯)	药品
优泌林N	药品
优泌林N(笔芯)	药品
优泌林R	药品
优泌林R(笔芯)	药品
优甲乐	药品
优立新	药品
优维显	药品
伟特	药品
伟素	药品
伤湿祛痛膏	药品
伯尔定	药品
伯氨喹	药品
伸筋草	药品
伽玛	药品
低分子肝素钙	药品
佐匹克隆	药品
佛手	药品
佛手花	药品
佩乐能	药品
佩兰	药品
佩尔	药品
佰莫亭	药品
佳乐施	药品
佳尔纳	药品
佳息患	药品
佳苏仑	药品
佳诺泰	药品
使君子	药品
依姆多	药品
依巴斯汀	药品
依帕司他	药品
依托咪酯	药品
依托泊苷	药品
依托考昔	药品
依折麦布	药品
依普比善	药品
依替米星	药品
依木兰	药品
依沙吖啶	药品
依立卢	药品
依维莫司	药品
依美斯汀	药品
依西美坦	药品
依诺沙星	药品
依诺肝素钠	药品
依达拉奉	药品
依那普利	药品
依降钙素	药品
依非韦伦	药品
侧柏叶炭	药品
促凝血药	药品
促宫颈成熟药	药品
促皮质素	药品
促肝细胞生长素	药品
促胃肠动力药	药品
促进白细胞增生药	药品
促黄体生成素释放激素	药品
保列治	药品
保妇康栓	药品
保妥适	药品
保欣宁	药品
保法止	药品
保济口服液	药品
信必可都保	药品
信法丁	药品
修美乐	药品
倍他乐克	药品
倍他司汀	药品
倍他洛尔	药品
倍优诺	药品
倍林达	药品
倍欣	药品
倍氯米松	药品
倍泰龙	药品
倍美力	药品
倍诺喜	药品
倒扣草	药品
健之素	药品
健择	药品
健脑合剂Ⅱ号	药品
健骨生丸	药品
催吐药	药品
僵蚕	药品
儿童清咽解热口服液	药品
儿童清肺口服液	药品
儿茶	药品
先锋美他醇	药品
克力芝	药品
克唑替尼	药品
克度	药品
克廷肤	药品
克必信	药品
克拉屈滨	药品
克拉维酸钾	药品
克拉霉素	药品
克林澳	药品
克林霉素磷酸酯	药品
克赛	药品
克霉唑	药品
克龄蒙	药品
兔抗人胸腺细胞免疫球蛋	药品
党参	药品
全可利	药品
全天麻胶囊	药品
全泽复	药品
全蝎	药品
八珍益母丸	药品
八角茴香	药品
六一散	药品
六味地黄丸	药品
六味安消胶囊	药品
六氟化硫	药品
兰瑞肽	药品
兰索拉唑	药品
兰美抒	药品
兰释	药品
典必殊	药品
典比乐	药品
养血清脑颗粒	药品
养贞片	药品
养阴清肺丸	药品
养阴清肺糖浆	药品
养阴清肺膏	药品
内美通	药品
内舒拿	药品
再宁平	药品
再普乐	药品
冠心苏合胶囊	药品
冬凌草	药品
冬凌草片	药品
冬瓜子	药品
冬瓜皮	药品
冬葵子	药品
冬虫夏草	药品
冰片	药品
冰黄肤乐软膏	药品
决明子	药品
冻干肉毒抗毒素A	药品
冻干重组人脑利钠肽	药品
净稻草根	药品
凌霄花	药品
凝血酶	药品
凝血酶直接抑制药	药品
凝血酶间接抑制药	药品
凤凰衣	药品
凤尾草	药品
凤眼草	药品
凯复定	药品
凯妮汀	药品
凯尔	药品
凯思立-D	药品
凯时	药品
凯特瑞	药品
凯纷	药品
凯美纳	药品
凯西莱	药品
刀豆	药品
分心木	药品
刘寄奴	药品
利伐沙班	药品
利佳	药品
利其丁	药品
利可君	药品
利培酮	药品
利复星	药品
利多卡因	药品
利多卡因氯化钠	药品
利奈唑胺	药品
利妥昔单抗	药品
利尿药	药品
利巴韦林	药品
利必通	药品
利托君	药品
利托那韦	药品
利拉鲁肽	药品
利明滴眼剂	药品
利格列汀	药品
利比	药品
利福喷丁	药品
利福平	药品
利福昔明	药品
利福霉素	药品
利维爱	药品
利胆药	药品
利鲁唑	药品
别嘌醇	药品
制何首乌	药品
制川乌	药品
制草乌	药品
制远志	药品
制霉素	药品
刺五加	药品
刺猬皮	药品
前列地尔[前列腺素E1]	药品
前列安栓	药品
前列腺素	药品
前胡	药品
力保肪宁	药品
力太	药品
力奥来素	药品
力如太	药品
力平之	药品
力扑素	药品
力文	药品
力月西	药品
力比泰	药品
力洛	药品
力清之	药品
力百汀	药品
力纬	药品
力能	药品
力蜚能	药品
加味保和丸	药品
加味逍遥丸	药品
加味香连丸	药品
加巴喷丁	药品
加斯清	药品
加衡	药品
加贝酯	药品
助消化药	药品
劲朗	药品
劳拉西泮	药品
包醛氧淀粉	药品
化橘红	药品
北沙参	药品
北豆根	药品
匹伐他汀钙	药品
匹多莫德	药品
匹服平	药品
匹维溴铵	药品
十一酸睾酮	药品
十八醇	药品
十六醇	药品
十维铁	药品
千年健	药品
千白	药品
升华硫	药品
升麻	药品
升麻炭	药品
半枝莲	药品
半边莲	药品
华佗再造丸	药品
华北吉姆欣	药品
华法林钠	药品
华素片	药品
华芬	药品
华迪	药品
协良行	药品
协达利	药品
单一氨基酸	药品
单唾液酸四已糖神经节苷脂钠	药品
单硝酸异山梨酯	药品
单胺氧化酶抑制剂	药品
南沙参	药品
博乐欣	药品
博利康尼	药品
博宁	药品
博来霉素	药品
博欣	药品
博苏	药品
博莱霉素	药品
博路定	药品
卡介菌纯蛋白衍生物	药品
卡前列甲酯	药品
卡前列素氨丁三醇	药品
卡博平	药品
卡培他滨	药品
卡孕	药品
卡左双多巴	药品
卡巴拉汀	药品
卡巴胆碱	药品
卡托普利	药品
卡文	药品
卡替洛尔	药品
卡林优	药品
卡泊三醇	药品
卡泊芬净	药品
卡波姆	药品
卡米可林	药品
卡络磺钠	药品
卡维地洛	药品
卡莫司汀	药品
卡贝缩宫素	药品
卡铂	药品
卡铂替尼	药品
卡马西平	药品
卢美根	药品
卤米松	药品
卫喜康	药品
卫萌	药品
即复宁	药品
卵磷脂络合碘	药品
卷柏	药品
厄他培南	药品
厄洛替尼	药品
厄贝沙坦	药品
历设得	药品
压氏达	药品
厚朴	药品
厚朴花	药品
去乙酰毛花苷	药品
去氧孕烯炔雌醇	药品
去氧肾上腺素	药品
去氨加压素	药品
去氯羟嗪	药品
去甲万古霉素	药品
去甲斑蝥素	药品
去甲肾上腺素	药品
去甲肾上腺素受体激动剂	药品
去痛片	药品
去羟肌苷	药品
去铁胺	药品
参一胶囊	药品
参松养心胶囊	药品
参芍片	药品
参苓白术丸	药品
友来特	药品
双嘧达莫	药品
双歧杆菌三联活菌	药品
双氢青蒿素	药品
双氯芬酸钠	药品
双氯芬酸钾	药品
双汰芝	药品
双环醇	药品
双益平	药品
双醋瑞因	药品
双黄连	药品
受体拮抗剂	药品
受体激动剂	药品
变应原	药品
口服补液盐III	药品
口服补液盐Ⅱ	药品
口炎清颗粒	药品
口腔溃疡散	药品
可乐必妥	药品
可兰特	药品
可利新	药品
可利迈仙	药品
可卡因	药品
可塞风	药品
可多华	药品
可定	药品
可宝净	药品
可待因	药品
可必特	药品
可益能	药品
可耐	药品
可达龙	药品
史克肠虫清	药品
右旋糖酐40葡萄糖	药品
右旋糖酐70	药品
右旋糖酐铁	药品
右美托咪定	药品
右雷佐生	药品
叶酸	药品
司他夫定	药品
司可巴比妥钠	药品
司坦唑醇	药品
司来吉兰	药品
合心爽	药品
合欢皮	药品
合欢花	药品
合贝爽	药品
吉法酯	药品
吉派林	药品
吉舒	药品
吉西他滨	药品
吉赛欣	药品
吉非替尼	药品
吉非罗齐	药品
同仁乌鸡白凤丸	药品
同仁大活络丸	药品
同仁牛黄清心丸	药品
同奥	药品
吗丁啉	药品
吗啡	药品
吗替麦考酚酯	药品
吡咯烷酮	药品
吡唑酮	药品
吡喹酮	药品
吡嗪酰胺	药品
吡嘧司特钾	药品
吡拉西坦	药品
吡柔比星	药品
吡格列酮	药品
吡美莫司	药品
吡诺克辛	药品
吡贝地尔	药品
吡非尼酮	药品
吩噻嗪	药品
吲哚	药品
吲哚美辛	药品
吲哚美辛巴布膏	药品
吲哚菁绿	药品
吲达帕胺	药品
吴茱萸	药品
吸收性明胶海绵	药品
呋喃妥因	药品
呋喃西林	药品
呋喹替尼	药品
呋塞米	药品
呗呗嘿	药品
呼吸中枢兴奋剂	药品
和乐生	药品
和信	药品
和爽	药品
和美新	药品
咖啡因	药品
咪唑	药品
咪唑斯汀	药品
咪唑立宾	药品
咪喹莫特	药品
咪多吡	药品
咪康唑	药品
咪达唑仑	药品
咪达普利	药品
哈乐	药品
哈伯因	药品
哈力多	药品
哈特	药品
哈西奈德	药品
哌唑嗪	药品
哌啶	药品
哌嗪	药品
哌库溴铵	药品
哌拉西林钠	药品
哌替啶	药品
哌甲酯	药品
唐力	药品
唐林	药品
唑吡坦	药品
唑尼沙胺	药品
唑来膦酸	药品
唯地息	药品
善唯达	药品
善存银	药品
善宁	药品
善龙	药品
喘康速	药品
喜保福宁	药品
喜克馈	药品
喜得镇	药品
喜普妙	药品
喜格迈	药品
喜辽妥	药品
喷托维林	药品
喷昔洛韦	药品
喹硫平	药品
喹诺酮	药品
喹诺酮一代	药品
喹诺酮三代	药品
喹诺酮二代	药品
喹诺酮四代	药品
噻吗洛尔	药品
噻唑烷二酮	药品
噻嗪	药品
噻托溴铵	药品
噻氯匹定	药品
四烯甲萘醌	药品
四环素	药品
回生第一散	药品
因特芬	药品
园参片	药品
固令	药品
固力康	药品
固尔苏	药品
固本益肠片	药品
固邦	药品
土大黄	药品
土白术	药品
土白芍	药品
土茯苓	药品
土贝母	药品
土鳖虫	药品
地丁	药品
地塞米松	药品
地奥司明	药品
地奥心血康胶囊	药品
地尔硫卓	药品
地屈孕酮	药品
地枫皮	药品
地榆升白片	药品
地榆槐角丸	药品
地榆炭	药品
地氟烷	药品
地氯雷他定	药品
地特胰岛素	药品
地肤子	药品
地芬尼多	药品
地衣芽孢杆菌	药品
地西他滨	药品
地西泮	药品
地诺前列酮	药品
地锦草	药品
地骨皮	药品
地高辛	药品
地龙	药品
坎地沙坦	药品
坤宝丸	药品
坤泰胶囊	药品
坦度螺酮	药品
坦索罗辛	药品
垂体后叶	药品
垂盆草	药品
埃克替尼	药品
埃索美拉唑钠	药品
埃美丁	药品
培哚普利	药品
培美曲塞	药品
培美曲塞二钠	药品
培菲康	药品
培达	药品
培门冬酶	药品
培高利特	药品
塞来昔布	药品
塞透派勒	药品
墨旱莲	药品
壁虎	药品
声诺维	药品
复合维生素	药品
复合维生素B	药品
复康片(796)	药品
复方α－酮酸	药品
复方三黄片	药品
复方丹参滴丸	药品
复方丹参片	药品
复方丹芎片	药品
复方倍他米松	药品
复方利血平	药品
复方利血平氨苯蝶啶	药品
复方多粘菌素B	药品
复方大黄灌肠剂	药品
复方小活络丸	药品
复方尿维氨	药品
复方异丙托溴铵	药品
复方托吡卡胺	药品
复方新霉素	药品
复方曲安奈德	药品
复方枸橼酸阿尔维林	药品
复方樟柳碱	药品
复方氨基酸	药品
复方氨基酸(15AA)	药品
复方氨基酸(18AA-Ⅱ)	药品
复方氨基酸(18AA-Ⅳ)	药品
复方氨基酸(9AA)	药品
复方氨基酸20AA	药品
复方氨林巴比妥	药品
复方氯丙那林溴己新	药品
复方氯化钠	药品
复方泛影葡胺	药品
复方消化酶	药品
复方甘草合剂	药品
复方甘草片	药品
复方甘草酸单铵	药品
复方甘草酸苷	药品
复方甲氧那明	药品
复方电解质	药品
复方电解质溶液	药品
复方益母草膏	药品
复方盐酸伪麻黄碱	药品
复方盐酸阿米洛利	药品
复方硫洗剂	药品
复方硼砂	药品
复方碘	药品
复方磺胺甲噁唑	药品
复方维生素A霜	药品
复方聚乙二醇电解质散	药品
复方肝素钠尿囊素	药品
复方色甘酸钠滴鼻剂	药品
复方芦荟胶囊	药品
复方苁蓉益智胶囊	药品
复方薄荷滴鼻剂	药品
复方薄荷脑洗剂	药品
复方角菜酸酯	药品
复方诺氟沙星滴耳液	药品
复方铝酸铋	药品
复方锌布	药品
复方阿嗪米特	药品
复方鲜竹沥液	药品
复松片(792)	药品
复泰奥	药品
复甦片(795)	药品
复达欣	药品
复锐明	药品
夏枯草	药品
多价肺炎双球菌疫苗	药品
多吉美	药品
多塞平	药品
多奈哌齐	药品
多巴丝肼	药品
多巴胺	药品
多巴胺受体激动剂	药品
多巴酚丁胺	药品
多帕菲	药品
多廿烷醇	药品
多柔比星	药品
多柔比星脂质体	药品
多沙唑嗪	药品
多沙普仑	药品
多潘立酮	药品
多烯磷脂酰胆碱	药品
多烯酸乙酯	药品
多瑞吉	药品
多磺酸粘多糖	药品
多种微量元素(Ⅱ)	药品
多种维生素(12)	药品
多粘菌素	药品
多糖铁复合物	药品
多维元素	药品
多美康	药品
多西他赛	药品
多西环素	药品
多贝斯	药品
夜下珠	药品
夜明砂	药品
大扶康	药品
大环内酯	药品
大皂角	药品
大腹皮	药品
大蒜素	药品
大蓟	药品
大豆黄卷	药品
大青叶	药品
大青盐	药品
大风子	药品
大黄	药品
大黄炭	药品
大黄粉	药品
大黄蛰虫丸	药品
天冬	药品
天南星	药品
天地欣	药品
天新利博	药品
天普洛安	药品
天晴依泰	药品
天晴甘平	药品
天晴甘美	药品
天然青霉素	药品
天王补心丸	药品
天竺黄	药品
天芪降糖胶囊	药品
天花粉	药品
天葵子	药品
天麻	药品
太子参	药品
夫西地酸	药品
头孢一代	药品
头孢三代	药品
头孢丙烯	药品
头孢二代	药品
头孢他啶	药品
头孢克洛	药品
头孢克肟	药品
头孢吡肟	药品
头孢呋辛	药品
头孢哌酮钠	药品
头孢唑林钠	药品
头孢唑肟钠	药品
头孢噻肟钠	药品
头孢四代	药品
头孢地尼	药品
头孢妥仑匹酯	药品
头孢拉定	药品
头孢曲松钠	药品
头孢美唑钠	药品
头孢羟氨苄	药品
头孢菌素	药品
头孢西丁	药品
头皮洗剂	药品
奇弗美	药品
奇曼丁	药品
奈西雅	药品
奈达铂	药品
奈韦拉平	药品
奋乃静	药品
奥克	药品
奥克斯都保	药品
奥利司他	药品
奥卡西平	药品
奥司他韦	药品
奥宁	药品
奥布卡因	药品
奥希替尼	药品
奥施康定	药品
奥昔布宁	药品
奥曲肽	药品
奥替溴铵	药品
奥氮平	药品
奥沙利铂	药品
奥洛他定	药品
奥派	药品
奥罗那	药品
奥美拉唑钠	药品
奥美拉唑镁	药品
奥美沙坦酯	药品
奥诺先	药品
女贞子	药品
女金胶囊	药品
如意金黄散	药品
妇平胶囊	药品
妇科千金胶囊	药品
妈咪爱	药品
妈富隆	药品
妙纳	药品
妥塞敏	药品
妥布霉素	药品
妥布霉素地塞米松	药品
妥抒	药品
妥泰	药品
妥洛特罗	药品
委陵菜	药品
姜半夏	药品
姜竹茹	药品
姜黄	药品
威保啶	药品
威凡	药品
威可檬	药品
威氏克	药品
威灵仙	药品
威视派克	药品
娑罗子	药品
子宫平滑肌兴奋药	药品
子宫平滑肌抑制药	药品
孕三烯酮	药品
孕激素	药品
孚舒达	药品
孟鲁司特钠	药品
宁得朗	药品
宁心宝胶囊	药品
宁脂胶囊	药品
安乃近	药品
安云	药品
安信	药品
安卓	药品
安博维	药品
安博诺	药品
安可来	药品
安吖啶	药品
安坤赞育丸	药品
安坤颗粒	药品
安多霖胶囊	药品
安奇	药品
安宝	药品
安宫牛黄丸	药品
安尔碘皮肤消毒剂	药品
安平	药品
安度芬	药品
安康信	药品
安必丁	药品
安拿芬尼	药品
安步乐克	药品
安浮特克	药品
安特尔	药品
安理申	药品
安神补心胶囊	药品
安福达	药品
安素	药品
安素泰	药品
安维汀	药品
安脱达	药品
安达美	药品
官桂	药品
定君生	药品
宜利治	药品
宜力喜	药品
宜合瑞	药品
宜妥利	药品
宜欣可	药品
宫血宁胶囊	药品
密固达	药品
密盖息	药品
密蒙花	药品
密都	药品
富露施	药品
寒痛乐熨剂	药品
对乙酰氨基酚	药品
对氨基水杨酸异烟肼	药品
寻骨风	药品
射干	药品
小儿伪麻美芬	药品
小儿咽扁颗粒	药品
小儿善存	药品
小儿复方氨基酸(18AA-Ⅰ)	药品
小儿复方氨基酸19AA-I	药品
小儿多维生素	药品
小儿感冒颗粒	药品
小儿新麻滴鼻液	药品
小儿消积止咳口服液	药品
小儿热速清口服液	药品
小儿至宝丸	药品
小檗碱	药品
小牛血去蛋白提取物	药品
小白花蛇	药品
小茴香	药品
小蓟	药品
小蓟炭	药品
小通草	药品
小金胶囊	药品
少腹逐瘀颗粒	药品
尖吻蝮蛇血凝酶	药品
尤卓尔	药品
尤文	药品
尤脱欣	药品
尤靖安	药品
尪痹颗粒	药品
尼卡地平	药品
尼可刹米	药品
尼可地尔	药品
尼妥珠单抗	药品
尼纳尔	药品
尼罗替尼	药品
尼美舒利	药品
尼群地平	药品
尼膜同	药品
尼莫司汀	药品
尼莫地平	药品
尼达尔	药品
尼麦角林	药品
尿促性素	药品
尿感宁颗粒	药品
尿毒清颗粒	药品
尿液检验试纸	药品
尿激酶	药品
屋尘螨变应原	药品
山地明	药品
山奈面	药品
山慈菇	药品
山柰	药品
山茱萸	药品
山药	药品
山莨菪碱	药品
岩列舒	药品
川木通	药品
川楝子	药品
川槿皮	药品
川牛膝	药品
川芎	药品
川芎茶调颗粒	药品
川贝母	药品
川贝粉	药品
川附片	药品
左乙拉西坦	药品
左代	药品
左卡尼汀	药品
左布诺洛尔	药品
左归丸	药品
左旋咪唑	药品
左旋多巴	药品
左旋氨氯地平	药品
左旋门冬酰胺酶	药品
左氧氟沙星	药品
左洛复	药品
左炔诺孕酮	药品
左甲状腺素钠	药品
左西孟旦	药品
巧特欣	药品
巨和粒	药品
己烯雌酚	药品
己酮可可碱	药品
巴利昔单抗	药品
巴戟天	药品
巴曲酶	药品
巴欣	药品
巴比妥	药品
巴氯芬	药品
布地奈德	药品
布地奈德福莫特罗	药品
布托啡诺	药品
布林佐胺	药品
布桂嗪	药品
布比卡因	药品
布洛芬	药品
布特	药品
布累迪宁	药品
布美他尼	药品
希刻劳	药品
希尔生	药品
希德	药品
希爱力	药品
希福尼	药品
希罗达	药品
希美纳	药品
希舒美	药品
帕利百	药品
帕夫林	药品
帕拉米韦	药品
帕歌斯	药品
帕瑞昔布	药品
帕米膦酸二钠	药品
帕罗西汀	药品
帖保咛	药品
常山	药品
干姜	药品
干姜皮	药品
干漆炭	药品
平喘药	药品
平肝舒络丸	药品
平阳霉素	药品
广藿香	药品
广藿香梗	药品
广金钱草	药品
庆大霉素	药品
庆大霉素二氧化锆	药品
庆大霉素氟米龙	药品
度他雄胺	药品
度洛西汀	药品
康士得	药品
康宁克通-A	药品
康忻	药品
康斯平	药品
康柏西普	药品
康瑞保	药品
康舒宁	药品
康莱特	药品
康莱特软胶囊	药品
延胡索	药品
开同	药品
开塞露	药品
开思亭	药品
开搏通	药品
开普拓	药品
开浦兰	药品
开瑞坦	药品
开胸顺气丸	药品
异丙嗪	药品
异丙托溴铵	药品
异丙肾上腺素	药品
异氟烷	药品
异烟肼	药品
异环磷酰胺	药品
异甘草酸镁	药品
异维A酸	药品
异舒吉	药品
弗隆	药品
弥凝	药品
弥可保	药品
弥柠	药品
强力天麻杜仲胶囊	药品
强化戊二醛	药品
强心剂	药品
强肾片	药品
强骨胶囊	药品
当归	药品
当归尾	药品
当归炭	药品
当归苦参丸	药品
当归龙荟片	药品
律康	药品
徐长卿	药品
得宝松	药品
得必泰	药品
得斯芬	药品
得普利麻	药品
得每通	药品
得理多	药品
得舒特	药品
微量元素	药品
德巴金	药品
德纳	药品
德路生	药品
心可舒片	药品
必伏	药品
必兰	药品
必可酮	药品
必存	药品
必洛斯	药品
必麦森	药品
忍冬藤	药品
快力	药品
思他宁	药品
思凯通	药品
思则凯	药品
思力华	药品
思密达	药品
思然	药品
思特珑	药品
思瑞康	药品
思真	药品
思美泰	药品
思考林	药品
思诺思	药品
怡万之	药品
怡开	药品
怡神保	药品
怡诺思	药品
怡那林	药品
急性子	药品
恒康正清	药品
恒扬	药品
恩他卡朋	药品
恩尔欣	药品
恩度	药品
恩必普	药品
恩曲他滨替诺福韦	药品
恩替卡韦	药品
恩氟烷	药品
恩理思	药品
恩经复	药品
息宁	药品
息隐	药品
恺诺	药品
悦复隆	药品
悦宁定	药品
惠加强-G	药品
惠尔血	药品
惠菲宁	药品
愈美	药品
愈酚溴新	药品
愈酚甲麻那敏	药品
愈风宁心片	药品
意施丁	药品
意美	药品
感冒清热颗粒	药品
感冒软胶囊	药品
慷彼申	药品
戈舍瑞林	药品
戊乙奎醚	药品
戊酸雌二醇	药品
扁豆花	药品
扎来普隆	药品
扎那米韦	药品
扎鲁司特	药品
托伐普坦	药品
托吡酯	药品
托拉塞米	药品
托泊替康	药品
托烷司琼	药品
托特罗定	药品
托珠单抗	药品
托瑞米芬	药品
托百士	药品
扶他捷	药品
扶他林	药品
抑制胃酸分泌药	药品
抑肽酶	药品
抑那通	药品
抗人T细胞兔免疫球蛋白	药品
抗人T细胞猪免疫球蛋白	药品
抗凝血药	药品
抗利尿药	药品
抗宫炎片	药品
抗核抗体	药品
抗生素	药品
抗生素类	药品
抗甲状腺药	药品
抗血小板药	药品
抗贫血药	药品
抗酸药	药品
护肝药	药品
抵克立得	药品
抽葫芦	药品
拉司太特	药品
拉坦前列素	药品
拉帕替尼	药品
拉米夫定	药品
拉莫三嗪	药品
拉贝洛尔	药品
拓僖	药品
拜唐苹	药品
拜复乐	药品
拜新同	药品
拜瑞妥	药品
拜科奇	药品
拜阿司匹灵	药品
择泰	药品
拳参	药品
捷佰舒	药品
捷诺维	药品
排石颗粒	药品
摩罗丹	药品
放线菌素D	药品
敏使朗	药品
散结灵胶囊	药品
散结镇痛胶囊	药品
散风活络丸	药品
整肠生	药品
文拉法辛	药品
文迪雅	药品
斯利安	药品
斯巴敏	药品
斯帕丰	药品
斯必申	药品
斯沃	药品
斯皮仁诺	药品
新体卡松	药品
新博林	药品
新山地明	药品
新康泰克	药品
新斯的明	药品
新清宁片	药品
新红康	药品
新赛斯平	药品
新适确得	药品
新霉素二甲亚砜搽剂	药品
新麻滴鼻剂	药品
方希	药品
施复捷	药品
施多宁	药品
施太可	药品
施尼维他	药品
施慧达	药品
施捷因	药品
旋覆花	药品
无水乙醇	药品
无水羊毛脂	药品
日夜百服咛	药品
日达仙	药品
昂丹司琼	药品
昂润比斯海乐	药品
昆布	药品
明欣利迪	药品
明目地黄丸	药品
明竹欣	药品
易使宁	药品
易倍申	药品
易善复	药品
易妥芬	药品
易瑞沙	药品
易维特	药品
易维适	药品
易蒙停	药品
昔服申	药品
普丽康	药品
普乐可复	药品
普伐他汀钠	药品
普利洛	药品
普利莫	药品
普南扑灵	药品
普威	药品
普拉克索	药品
普拉固	药品
普拉洛芬	药品
普济痔疮栓	药品
普润	药品
普特彼	药品
普瑞巴林	药品
普祥立适	药品
普米克	药品
普米克令舒	药品
普米克都保	药品
普罗帕酮	药品
普罗雌烯	药品
普芦卡必利	药品
普萘洛尔	药品
普适泰	药品
普鲁卡因	药品
曲伏前列素	药品
曲前列尼尔	药品
曲匹布通	药品
曲唑酮	药品
曲妥珠单抗	药品
曲安奈德	药品
曲安奈德新霉素贴膏	药品
曲安奈德益康唑	药品
曲安奈德益康唑(重复)	药品
曲安西龙	药品
曲普瑞林	药品
曲美他嗪	药品
曲莱	药品
曲马多	药品
更宝芬	药品
更昔洛韦	药品
曼月乐	药品
替加氟	药品
替加环素	药品
替加色罗	药品
替勃龙	药品
替卡西林钠	药品
替吉奥	药品
替尼泊苷	药品
替格瑞洛	药品
替比夫定	药品
替硝唑	药品
替米沙坦	药品
替罗非班	药品
替考拉宁	药品
替莫唑胺	药品
替诺福韦二吡呋酯	药品
月季花	药品
望月砂	药品
木瓜	药品
木蝴蝶	药品
木贼草	药品
木香	药品
木香顺气丸	药品
木鳖子	药品
本悦	药品
术前皮肤消毒液	药品
朱砂粉	药品
杜仲炭	药品
杜密克	药品
杜拉宝	药品
杞菊地黄丸	药品
杞菊地黄口服液	药品
来士普	药品
来得时	药品
来曲唑	药品
来格司亭	药品
来氟米特	药品
来立信	药品
来适可	药品
来那度胺	药品
松奇	药品
松节	药品
松花粉	药品
松香	药品
松龄血脉康胶囊	药品
板蓝根颗粒	药品
林可霉素	药品
果糖二磷酸钠	药品
果纳芬	药品
枢复宁	药品
枢星	药品
枢瑞	药品
枢芬	药品
枣仁安神颗粒	药品
枫蓼肠胃康颗粒	药品
枯矾	药品
枯草杆菌	药品
枯草杆菌肠球菌二联活菌	药品
枳实	药品
枳椇子	药品
枸杞子	药品
枸橼酸	药品
枸橼酸氢钾钠	药品
枸橼酸钠	药品
枸橼酸钾	药品
枸橼酸铁铵	药品
枸橼酸铋钾	药品
枸橼酸铋雷尼替丁	药品
枸骨叶	药品
柏子仁	药品
柏子养心丸	药品
柏西	药品
柔红霉素	药品
柔软剂	药品
柳氮磺吡啶	药品
柴胡	药品
柴黄颗粒	药品
柿蒂	药品
栀子金花丸	药品
标准桃金娘油	药品
核桃仁	药品
核糖核酸Ⅱ	药品
核苷酸	药品
核酪	药品
根痛平颗粒	药品
格列卫	药品
格列吡嗪	药品
格列喹酮	药品
格列本脲	药品
格列美脲	药品
格列齐特	药品
格利福斯	药品
格华止	药品
格拉司琼	药品
格拉诺赛特	药品
桂利嗪	药品
桂哌齐特	药品
桂林西瓜霜	药品
桂枝	药品
桃仁	药品
桑叶	药品
桑寄生	药品
桑枝	药品
桑椹	药品
桑螵蛸	药品
桔叶	药品
桔梗	药品
梅毒	药品
梅花	药品
棉棍	药品
棕榈炭	药品
棕铵合剂	药品
棘白菌素	药品
森福罗	药品
楮实子	药品
楷莱	药品
榄香烯	药品
槐耳颗粒	药品
槐花炭	药品
橘核	药品
橘络	药品
檀香	药品
次氯酸钠	药品
欣吉尔	药品
欣康	药品
欣普贝生	药品
欣母沛	药品
欣民立	药品
欣然	药品
欣百达	药品
欣维宁	药品
欧乃影	药品
欧乃派克	药品
欧唐宁	药品
欧必停	药品
欧思美	药品
欧意	药品
欧维婷	药品
欧贝	药品
款冬花	药品
止吐药	药品
止咳橘红丸	药品
止汗消炎粉	药品
止泻药	药品
止痒乳膏	药品
正柴胡饮颗粒	药品
正清风痛宁片	药品
正瑞	药品
武都力	药品
母丁香	药品
比亚芬	药品
比伐芦定	药品
比卡鲁胺	药品
比索洛尔	药品
比阿培南	药品
毛冬青	药品
毛刷	药品
毛果芸香碱	药品
气滞胃痛颗粒	药品
氟[18F]氟乙基酪氨酸	药品
氟[18F]脱氧葡萄糖	药品
氟他胺	药品
氟伏沙明	药品
氟伐他汀	药品
氟哌利多	药品
氟哌啶醇	药品
氟哌噻吨美利曲辛	药品
氟尿嘧啶	药品
氟康唑	药品
氟替卡松	药品
氟桂利嗪	药品
氟比洛芬巴布膏	药品
氟比洛芬酯	药品
氟米龙	药品
氟美童	药品
氟胞嘧啶	药品
氟脲苷	药品
氟芬那酸丁酯	药品
氟西汀	药品
氟轻松	药品
氟轻松二甲亚砜擦剂	药品
氟达拉滨	药品
氟马西尼	药品
氢化可的松	药品
氢化可的松二甲亚砜搽剂	药品
氢化可的松琥珀酸钠	药品
氢氯噻嗪	药品
氢醌	药品
氢醌霜	药品
氧化锌	药品
氧氟沙星	药品
氨基喹啉	药品
氨基己酸	药品
氨基苷	药品
氨基葡萄糖	药品
氨基酸	药品
氨曲南	药品
氨氯地平	药品
氨水	药品
氨溴索	药品
氨甲环酸	药品
氨磷汀	药品
氨糖美辛	药品
氨肽素	药品
氨苄西林钠	药品
氨苯喋啶	药品
氨茶碱	药品
氨薄荷醑	药品
氨酚伪麻美芬	药品
氨酚待因(Ⅱ)	药品
氨酚羟考酮	药品
氨酪酸	药品
氨酮戊酸	药品
氨麻美敏Ⅱ	药品
氮[13N]氨水	药品
氮卓斯汀	药品
氮芥	药品
氯丙嗪	药品
氯化亚铊[201Tl]	药品
氯化氨基汞	药品
氯化琥珀胆碱	药品
氯化钙	药品
氯化钠	药品
氯化钾	药品
氯化钾缓释片	药品
氯化铵	药品
氯化锶[89Sr]	药品
氯化镁	药品
氯吡格雷	药品
氯喹那多-普罗雌烯	药品
氯已定	药品
氯替泼诺	药品
氯沙坦钾	药品
氯沙坦钾氢氯噻嗪	药品
氯硝西泮	药品
氯米帕明	药品
氯米芬	药品
氯美扎酮	药品
氯胺酮	药品
氯膦酸二钠	药品
氯苯那敏	药品
氯解磷定	药品
氯诺昔康	药品
氯雷他定	药品
氯霉素	药品
水乐维他	药品
水合氯醛头皮洗剂Ⅰ号	药品
水合氯醛头皮洗剂Ⅱ号	药品
水合氯醛溶液	药品
水杨酸	药品
水杨酸甲酯	药品
水杨酸甲醛擦剂	药品
水溶性维生素	药品
水牛角丝	药品
水牛角面	药品
水痘减毒活疫苗	药品
水红花子	药品
水蛭	药品
汉逊酵母乙肝疫苗	药品
沃丽汀	药品
沃利替尼	药品
沉香块	药品
沉香曲	药品
沉香舒气丸	药品
沐舒坦	药品
沙丁胺醇	药品
沙之	药品
沙利度胺	药品
沙格雷酯	药品
沙美特罗替卡松	药品
沙苑子	药品
沙菲	药品
没药	药品
没药面	药品
没食子	药品
泊沙康唑	药品
泌特	药品
法乐通	药品
法半夏	药品
法地兰	药品
法安明	药品
法斯通	药品
法玛新	药品
法禄达	药品
法米替尼	药品
法舒地尔	药品
法莫替丁	药品
泛捷复	药品
泛福舒	药品
泛酸	药品
波依定	药品
波利特	药品
波生坦	药品
波立维	药品
波贝	药品
泪然	药品
泰为美	药品
泰利必妥	药品
泰加宁	药品
泰勒宁	药品
泰嘉	药品
泰尔丝	药品
泰欣生	药品
泰毕全	药品
泰特	药品
泰瑞沙	药品
泰立沙	药品
泰素	药品
泰索帝	药品
泰胃美	药品
泰能	药品
泰舒达	药品
泰诺	药品
泰诺林	药品
泰阁	药品
泼尼松	药品
泼尼松龙	药品
泽兰	药品
泽它	药品
泽桂癃爽胶囊	药品
泽泻	药品
泽珂	药品
泽马可	药品
洁维乐	药品
洛凯	药品
洛匹那韦	药品
洛哌丁胺	药品
洛斯宝	药品
洛欣	药品
洛汀新	药品
洛沃克	药品
洛索洛芬	药品
洛贝林	药品
洛赛克	药品
洛赛克MUPS	药品
活宁	药品
活血止痛胶囊	药品
活血消炎丸	药品
活血片	药品
活血疏风片	药品
活血通脉片	药品
活血通脉胶囊	药品
派瑞松	药品
派立明	药品
派罗欣	药品
流行性感冒病毒裂解疫苗	药品
流行性腮腺炎	药品
济脉欣	药品
浓复方苯甲酸软膏	药品
浓氨溶液	药品
浙贝母	药品
浮小麦	药品
浮萍	药品
海伦	药品
海捷亚	药品
海桐皮	药品
海正美特	药品
海莫莱士	药品
海藻	药品
海螵蛸	药品
海金沙	药品
海风藤	药品
海马	药品
海龙	药品
涂皮用红墨水	药品
消旋卡多曲	药品
消栓再造丸	药品
消毒花生油	药品
消毒防腐剂	药品
消炎利胆片	药品
消痔灵	药品
消痛贴膏	药品
消银片	药品
液状石蜡	药品
淀粉	药品
淑润	药品
淡竹叶	药品
淡豆豉	药品
淫羊藿	药品
混合氨基酸	药品
清凉油	药品
清半夏	药品
清咽滴丸	药品
清开灵口服液	药品
清热解毒口服液	药品
清音丸	药品
渡洛捷	药品
温胃理气片	药品
湿热痹颗粒	药品
湿疹软膏	药品
溃疡油	药品
溴化钾	药品
溴吡斯的明	药品
溴夫定	药品
溴己新	药品
溴莫尼定	药品
溴隐亭	药品
滑石渣	药品
滑石粉	药品
滴宁	药品
滴管	药品
漏芦	药品
潇莱威	药品
潘南金	药品
澳能	药品
火麻仁	药品
灭菌注射用水	药品
灯心草	药品
灯盏生脉胶囊	药品
灵孢多糖	药品
灵芝	药品
炉甘石	药品
炉甘石薄荷脑洗剂	药品
炒半夏曲	药品
炒山楂	药品
炒山药	药品
炒建曲	药品
炒杜仲	药品
炒枳壳	药品
炒栀子	药品
炒椿根皮	药品
炒槐米	药品
炒槐花	药品
炒槟榔	药品
炒白扁豆	药品
炒白术	药品
炒神曲	药品
炒稻芽	药品
炒芡实	药品
炒苍术	药品
炒蒲黄	药品
炒薏苡仁	药品
炒谷芽	药品
炒酸枣仁	药品
炒鸡内金	药品
炒麦芽	药品
炔诺酮	药品
炔雌醇	药品
炔雌醇环丙孕酮	药品
炙乳香面	药品
炙前胡	药品
炙杷叶	药品
炙桑白皮	药品
炙槐角	药品
炙款冬花	药品
炙甘草	药品
炙白前	药品
炙百合	药品
炙百部	药品
炙紫菀	药品
炙马兜铃	药品
炙鳖甲	药品
炙麻黄	药品
炙黄芪	药品
炙龟甲	药品
炮姜	药品
炮姜炭	药品
烟酰胺	药品
烟酸	药品
烧干蟾	药品
烫骨碎补	药品
热淋清颗粒	药品
热炎宁颗粒	药品
烷基胺	药品
焦山楂	药品
焦枣仁	药品
焦枳壳	药品
焦栀子	药品
焦槟榔	药品
焦白术	药品
焦白芍	药品
焦神曲	药品
焦稻芽	药品
焦苍术	药品
焦薏苡仁	药品
焦谷芽	药品
焦远志	药品
焦麦芽	药品
煅寒水石	药品
煅海浮石	药品
煅牡蛎	药品
煅瓦楞子	药品
煅石决明	药品
煅石膏	药品
煅磁石	药品
煅禹余粮	药品
煅紫石英	药品
煅紫贝齿	药品
煅自然铜	药品
煅花蕊石	药品
煅蛤壳	药品
煅赭石	药品
煅金礞石	药品
煅钟乳石	药品
煅青礞石	药品
煅鹅管石	药品
煅龙骨	药品
煅龙齿	药品
煤焦油	药品
熊去氧胆酸	药品
熟地炭	药品
熟地黄	药品
熟大黄	药品
爱丽	药品
爱乐维	药品
爱倍	药品
爱全乐	药品
爱可松	药品
爱咪特	药品
爱大	药品
爱宁达	药品
爱宝疗	药品
爱必妥	药品
爱斯万	药品
爱欣森	药品
爱络	药品
爱维	药品
爱维治	药品
爱脉朗	药品
爱若华	药品
爱西特	药品
爱谱沙	药品
爱赛平	药品
爱通立	药品
爱阁力保	药品
片姜黄	药品
牛痘疫苗接种家兔炎症皮肤提取物	药品
牛肺表面活性剂	药品
牛膝	药品
牛蒡子	药品
牛黄上清丸	药品
牛黄清火丸	药品
牛黄清胃丸	药品
牛黄解毒丸	药品
牛黄解毒片	药品
牛黄降压丸	药品
牡丹皮	药品
牡丹皮炭	药品
特丽仙	药品
特利加压素	药品
特布他林	药品
特拉唑嗪	药品
特比澳	药品
特比萘芬	药品
特治星	药品
特立帕肽	药品
特素	药品
特罗凯	药品
特美汀	药品
特耐	药品
特苏尼	药品
特茉芬	药品
狗脊	药品
独活	药品
猪牙皂	药品
猪肺磷脂	药品
猪苓	药品
猫爪草	药品
猫眼草	药品
玄参	药品
玄明粉	药品
玉竹	药品
玉米须	药品
王不留行	药品
玫瑰花	药品
环丙沙星氯化钠	药品
环利	药品
环吡咯酮	药品
环吡酮胺	药品
环孢素	药品
环氧化酶抑制剂	药品
环磷酰胺	药品
玳玳花	药品
玳瑁粉	药品
玻璃棒	药品
玻璃酸钠	药品
珂丹	药品
珂立苏	药品
珍怡	药品
珍珠母	药品
珍珠粉	药品
班赛	药品
琥珀粉	药品
琥珀酰亚胺	药品
琥珀酰明胶	药品
琥珀酸亚铁	药品
琥珀酸脱氢酶抑制剂	药品
琪宁	药品
瑞代	药品
瑞倍	药品
瑞力芬	药品
瑞可富	药品
瑞复美	药品
瑞宁得	药品
瑞安吉	药品
瑞彤	药品
瑞得	药品
瑞德明	药品
瑞捷	药品
瑞易宁	药品
瑞格列奈	药品
瑞泰	药品
瑞甘	药品
瑞白	药品
瑞素	药品
瑞美隆	药品
瑞能	药品
瑞舒伐他汀钙	药品
瑞芬太尼	药品
瑞莫杜林	药品
瑞高	药品
瓜蒌	药品
瓜蒌子	药品
瓜蒌皮	药品
瓦松	药品
甘乐能	药品
甘利欣	药品
甘松	药品
甘氨双唑钠	药品
甘油	药品
甘油冻	药品
甘油合剂	药品
甘油果糖	药品
甘油洗剂	药品
甘油磷酸钠	药品
甘精胰岛素	药品
甘草酸二铵	药品
甘露醇	药品
甜瓜子	药品
生何首乌	药品
生侧柏叶	药品
生地榆	药品
生地炭	药品
生地黄	药品
生大黄	药品
生姜	药品
生寒水石	药品
生山楂	药品
生杜仲	药品
生杷叶	药品
生枳壳	药品
生栀子	药品
生桑白皮	药品
生槐米	药品
生槐花	药品
生槟榔	药品
生海浮石	药品
生牡蛎	药品
生物酶	药品
生瓦楞子	药品
生甘草	药品
生白扁豆	药品
生白术	药品
生百部	药品
生石决明	药品
生石膏	药品
生磁石	药品
生稻芽	药品
生紫贝齿	药品
生艾叶	药品
生芡实	药品
生花蕊石	药品
生蒲黄	药品
生蔓荆子	药品
生薏苡仁	药品
生蛤壳	药品
生蛤粉	药品
生血丸	药品
生谷芽	药品
生赭石	药品
生酸枣仁	药品
生钟乳石	药品
生长抑素	药品
生长激素	药品
生骨碎补	药品
生鳖甲	药品
生鸡内金	药品
生麦芽	药品
生麻黄	药品
生黄柏	药品
生黄芪	药品
生龙骨	药品
生龙齿	药品
生龟甲	药品
田可	药品
甲地孕酮	药品
甲基纤维素	药品
甲巯咪唑	药品
甲强龙	药品
甲氧氯普胺	药品
甲氧沙林	药品
甲氨蝶呤	药品
甲泼尼龙	药品
甲硝唑磷酸二钠	药品
甲紫	药品
甲羟孕酮	药品
甲肝疫苗	药品
甲苯咪唑	药品
甲萘氢醌	药品
甲钴胺	药品
畅沛	药品
留可然	药品
番泻叶	药品
痛风定胶囊	药品
痰咳净散	药品
癃闭舒胶囊	药品
白丑	药品
白凡士林	药品
白前	药品
白及	药品
白及面	药品
白喉杆菌	药品
白头翁	药品
白屈菜	药品
白果仁	药品
白消安	药品
白石英	药品
白矾	药品
白砂糖	药品
白芍	药品
白芍总苷	药品
白芥子	药品
白花蛇舌草	药品
白芷	药品
白英	药品
白茅根	药品
白药子	药品
白蒺藜	药品
白蔹	药品
白薇	药品
白豆蔻	药品
白附子	药品
白鲜皮	药品
百令胶囊	药品
百优解	药品
百力特	药品
百合	药品
百士欣	药品
百多邦	药品
百普乐	药品
百普力	药品
百泌达	药品
百赛诺	药品
皂角刺	药品
皮内注射用卡介苗	药品
皮肤康洗液	药品
皿治林	药品
益富清	药品
益智仁	药品
益母草	药品
益比奥	药品
益气生津活血胶囊	药品
益玛欣	药品
益盖宁	药品
益肾蠲痹丸	药品
益谱柠	药品
益赛普	药品
益适纯	药品
盐泽泻	药品
盐知母	药品
盐胡芦巴	药品
盐酸溶液	药品
盐黄柏	药品
盖三淳	药品
盖笛欣	药品
盖胃平	药品
盖诺	药品
眩晕宁片	药品
瞿麦	药品
知柏地黄丸	药品
知母	药品
石斛	药品
石斛夜光丸	药品
石斛明目丸	药品
石杉碱甲	药品
石楠叶	药品
石榴皮	药品
石莲子	药品
石菖蒲	药品
石见穿	药品
石韦	药品
砂仁	药品
研立双	药品
破伤风人免疫球蛋白	药品
破伤风抗毒素	药品
硅霜	药品
硒酵母	药品
硝咪唑	药品
硝普钠	药品
硝苯地平	药品
硝西泮	药品
硝酸异山梨酯	药品
硝酸甘油	药品
硝酸酯	药品
硝酸银	药品
硫代硫酸钠	药品
硫唑嘌呤	药品
硫必利	药品
硫普罗宁	药品
硫杂蒽	药品
硫糖铝	药品
硫软膏	药品
硫酸新霉素-硫乳膏	药品
硫酸新霉素软膏	药品
硫酸钡(Ⅰ型)	药品
硫酸钡(Ⅱ型)	药品
硫酸锌	药品
硫酸镁	药品
硫鸟嘌呤	药品
硬脂酸	药品
硼替佐米	药品
硼砂	药品
硼酸	药品
硼酸滴耳剂	药品
硼锌糊	药品
碘[125I]密封籽源	药品
碘[131I]化钠	药品
碘[131I]苯胍	药品
碘仿纱条	药品
碘仿纱条用软皂液	药品
碘佛醇	药品
碘克沙醇	药品
碘化油	药品
碘化钾溶液	药品
碘帕醇	药品
碘普罗胺	药品
碘海醇	药品
碘甘油	药品
碘解磷定	药品
碘酊	药品
碧宁	药品
碱石灰	药品
碳[11C]-乙酸盐	药品
碳酸氢钠	药品
碳酸钙	药品
碳酸钙D3	药品
碳酸钙D3片	药品
碳酸锂	药品
碳酸镧	药品
碳青霉烯	药品
磷[32P]酸钠	药品
磷[32P]酸铬胶体	药品
磷酸二氢钾	药品
磷酸二酯酶抑制药	药品
磷酸氢二钠	药品
磷酸组胺	药品
磷酸肌酸钠	药品
磷酸铝	药品
磷霉素钠	药品
磺胺嘧啶钠	药品
磺达肝癸	药品
磺酰脲	药品
祛痰药	药品
神经妥乐平	药品
神经系统兴奋剂	药品
神经节阻断剂	药品
福善美	药品
福斯利诺	药品
福松	药品
福禄立适	药品
福至尔	药品
福莫特罗	药品
福辛普利钠	药品
福达华	药品
离子拮抗剂	药品
离子激动剂	药品
秋水仙碱	药品
科素亚	药品
科莫非	药品
科赛斯	药品
秦皮	药品
秦艽	药品
积雪苷	药品
稳可信	药品
空心胶囊	药品
穿山甲	药品
穿山龙	药品
穿心莲	药品
立加利仙	药品
立思丁	药品
立普妥	药品
立灵奇	药品
立芷雪	药品
竹茹	药品
筋脉通胶囊	药品
管通	药品
米力农	药品
米卡芬净	药品
米多君	药品
米开民	药品
米托蒽醌	药品
米曲菌胰酶	药品
米氮平	药品
米索前列醇	药品
米维	药品
米西宁	药品
米诺地尔	药品
米诺环素	药品
米非司酮	药品
类克	药品
粗碘	药品
精制樟脑块	药品
精氨酸	药品
精蛋白锌胰岛素	药品
糖原	药品
糖肽	药品
糖蛋白	药品
糖适平	药品
糜蛋白酶	药品
糠谷老	药品
素比伏	药品
索他洛尔	药品
索凡替尼	药品
索利那新	药品
索坦	药品
索拉非尼	药品
索马杜林	药品
紫杉醇	药品
紫杉醇脂质体	药品
紫河车	药品
紫素	药品
紫色消肿膏	药品
紫花烧伤膏	药品
紫苏叶	药品
紫苏子	药品
紫苏梗	药品
紫荆皮	药品
紫草	药品
紫菀	药品
紫雪	药品
红参片	药品
红景天	药品
红枣	药品
红花	药品
红藤	药品
红豆蔻	药品
红霉素	药品
纤维蛋白溶解药	药品
纳催离	药品
纳洛酮	药品
纷乐	药品
组胺受体拮抗剂	药品
细菌溶解产物	药品
细辛	药品
绒促性素	药品
结合雌激素	药品
结构脂肪乳(C6-24)	药品
结核菌素纯蛋白衍生物	药品
络合碘	药品
络欣平	药品
络活喜	药品
络石藤	药品
绞股蓝	药品
续断	药品
维A酸	药品
维C银翘片	药品
维乐福	药品
维他利匹特	药品
维固力	药品
维宏	药品
维库溴铵	药品
维康特	药品
维康达	药品
维德思	药品
维思通	药品
维拉帕米	药品
维替泊芬	药品
维柳芬	药品
维格列汀片(II)	药品
维沃	药品
维生素A	药品
维生素AD	药品
维生素A棕榈酸酯	药品
维生素B	药品
维生素B1	药品
维生素B12	药品
维生素B2	药品
维生素B4	药品
维生素B5	药品
维生素B6	药品
维生素C	药品
维生素D	药品
维生素D2	药品
维生素E	药品
维生素E烟酸酯	药品
维生素K	药品
维生素K1	药品
维速达尔	药品
维铁	药品
缓释异搏定	药品
缩宫素	药品
缬更昔洛韦	药品
缬沙坦	药品
罂粟碱	药品
罗力得	药品
罗可曼	药品
罗哌卡因	药品
罗布麻叶	药品
罗库溴铵	药品
罗拉	药品
罗格列酮	药品
罗每乐	药品
罗氏芬	药品
罗汉果	药品
罗盖全	药品
罗红霉素	药品
羊乳	药品
羌活	药品
美克	药品
美卓乐	药品
美卡素	药品
美司钠	药品
美吡达	药品
美多丽	药品
美多芭	药品
美安	药品
美常安	药品
美平	药品
美开朗	药品
美托洛尔	药品
美扶	药品
美抒玉	药品
美敏伪麻	药品
美施康定	药品
美时玉	药品
美普清	药品
美林	药品
美沙拉秦	药品
美洛昔康	药品
美爱克	药品
美百乐镇	药品
美红	药品
美罗华	药品
美罗培南	药品
美能	药品
美西律	药品
美辛唑酮红古豆醇酯	药品
美金刚	药品
羚羊清肺丸	药品
羚羊角粉	药品
羚翘解毒丸	药品
羟丁酸钠	药品
羟乙基淀130/0.4氯化钠	药品
羟乙基淀粉130/0.4电解质	药品
羟乙膦酸钠	药品
羟喜树碱	药品
羟嗪	药品
羟基脲	药品
羟氯喹	药品
羟甲唑啉	药品
羟考酮	药品
羟苯乙酯	药品
羟苯磺酸钙	药品
羧甲司坦	药品
羧甲基纤维素钠	药品
老鹳草	药品
耐乐品	药品
耐信	药品
耳环石斛	药品
联苯双酯	药品
联苯苄唑	药品
聚乙二醇	药品
聚乙二醇4000	药品
聚乙二醇化重组人粒细胞刺激因子	药品
聚乙二醇干扰素α-2a	药品
聚克	药品
聚山梨酯-80	药品
聚桂醇	药品
聚甲酚磺醛	药品
聚磺苯乙烯钠	药品
聚维酮碘	药品
肉桂	药品
肉苁蓉	药品
肉蔻四神丸	药品
肉豆蔻	药品
肌肉松弛剂	药品
肝素钠	药品
肠内营养(SP)	药品
肠内营养(TPF)	药品
肠内营养AA	药品
肠内营养乳剂(TP)	药品
肠内营养剂TP	药品
肠内营养混悬液(TP-MCT)	药品
肠内营养混悬液(TPF-DM)	药品
肠球菌二联活菌(重复)	药品
肾上腺皮质激素抑制剂	药品
肾上腺素受体拮抗剂	药品
肾上腺素受体激动剂	药品
肿节风	药品
胃肠黏膜保护药	药品
胃苏颗粒	药品
胆南星	药品
胆石通胶囊	药品
胆碱受体拮抗剂	药品
胆碱受体激动剂	药品
胆碱酯酶复活剂	药品
胆碱酯酶抑制剂	药品
胆红素	药品
胆维丁	药品
胖大海	药品
胞磷胆碱钠	药品
胡椒	药品
胡麻子	药品
胡黄连	药品
胰激肽原酶	药品
胰酶	药品
胸腺五肽	药品
胸腺法新	药品
胺碘酮	药品
能全力1.5kcal	药品
能全力1kcal	药品
能气朗	药品
脂必妥片	药品
脂溶性维生素(II)	药品
脂肪乳(C14-24)	药品
脂肪乳氨基酸(17)葡萄糖(11%)	药品
脂蛋白	药品
脉管复康片	药品
脊髓兴奋剂	药品
脑安胶囊	药品
脑得生片	药品
脱敏胶布(3M)	药品
脱水药	药品
腹膜透析液	药品
腺苷	药品
腺苷蛋氨酸	药品
腺苷钴胺	药品
膦甲酸钠	药品
臣功再欣	药品
自由基清除剂	药品
致康胶囊	药品
舍他康唑	药品
舍尼亭	药品
舍尼通	药品
舍曲林	药品
舒兰新	药品
舒利迭	药品
舒发泰	药品
舒尼替尼	药品
舒巴坦钠	药品
舒心口服液	药品
舒敏	药品
舒普深	药品
舒洛地特	药品
舒肝丸	药品
舒肝止痛丸	药品
舒芬太尼	药品
舒芬尼	药品
舒莱	药品
舒降之	药品
色甘酸钠	药品
艾力	药品
艾力可片	药品
艾力达	药品
艾博定	药品
艾卡特	药品
艾去适	药品
艾可拓	药品
艾叶炭	药品
艾司唑仑	药品
艾司奥美拉唑	药品
艾司洛尔	药品
艾塞那肽	药品
艾得辛	药品
艾思瑞	药品
艾恒	药品
艾拉	药品
艾拉莫德	药品
艾斯能	药品
艾本	药品
艾氟龙	药品
艾泽	药品
艾洛松	药品
艾瑞昔布	药品
艾畅	药品
艾达乐	药品
艾达生	药品
艾迪莎	药品
艾附暖宫丸	药品
芎菊上清丸	药品
芒硝	药品
芙必叮	药品
芙瑞	药品
芦丁	药品
芦根	药品
芦荟	药品
芪苈强心胶囊	药品
芬吗通	药品
芬太尼	药品
芬那酸	药品
花椒	药品
花椒目	药品
花生仁衣	药品
苄星青霉素	药品
苍耳子	药品
苎麻根	药品
苏为坦	药品
苏木	药品
苏灵	药品
苏诺	药品
苏迪	药品
苏顺	药品
苏黄止咳胶囊	药品
苦丁茶	药品
苦参	药品
苦杏仁	药品
苦楝皮	药品
苯丁酸氮芥	药品
苯丙异噁唑	药品
苯二氮卓	药品
苯噻氮卓	药品
苯妥英钠	药品
苯巴比妥	药品
苯巴比妥钠	药品
苯扎氯铵	药品
苯扎溴铵	药品
苯扎贝特	药品
苯海拉明	药品
苯海索	药品
苯溴马隆	药品
苯烷基胺	药品
苯甲酰胺	药品
苯甲酸	药品
苯胺	药品
苯酚	药品
英太青	药品
英夫利西单抗	药品
英康利	药品
英立达	药品
英脱利匹特	药品
茅根炭	药品
茚地那韦	药品
茚达特罗	药品
茜草	药品
茜草炭	药品
茯神	药品
茯苓	药品
茯苓皮	药品
茴三硫	药品
茴拉西坦	药品
茴香桔核丸	药品
茵栀黄	药品
茵栀黄口服液	药品
茵栀黄胶囊	药品
茵陈	药品
茶碱	药品
茶苯海明	药品
茺蔚子	药品
荆芥	药品
荆芥炭	药品
荆芥穗	药品
荆芥穗炭	药品
草果仁	药品
草豆蔻	药品
草酸	药品
草酸艾司西酞普兰	药品
荔枝核	药品
荜澄茄	药品
荜茇	药品
荧光素钠	药品
药用炭片	药品
荷叶	药品
荷叶炭	药品
荷梗	药品
莎尔福	药品
莪术	药品
莫匹罗星	药品
莫比可	药品
莫沙必利	药品
莫米松	药品
莫西沙星	药品
莫迪司	药品
莱菔子	药品
莲子	药品
莲子心	药品
莲须	药品
菊花	药品
菟丝子	药品
萌尔夫	药品
萘丁美酮	药品
萘敏维	药品
萘甲唑啉	药品
萘酰碱酮	药品
萝巴新	药品
萱草根	药品
萹蓄草	药品
葎草	药品
葛根	药品
葛根素葡萄糖	药品
葛花	药品
葡萄糖	药品
葡萄糖氯化钠	药品
葡萄糖酸钙	药品
葡萄糖酸钙锌液	药品
葡萄糖酸锑钠	药品
葡醛内酯	药品
葱子	药品
葶苈子	药品
蒂清	药品
蒙脱石	药品
蒙诺	药品
蒙达清	药品
蒲公英	药品
蒲地蓝消炎口服液	药品
蒲黄炭	药品
蒿甲醚	药品
蓉生逸普	药品
蓉生静丙	药品
蓖麻油	药品
蓼大青叶	药品
蔓荆子炭	药品
蔗糖铁	药品
蕲蛇	药品
薄芝菌	药品
薄荷	药品
薄荷淀粉	药品
薄荷脑	药品
薄酚甘油洗剂	药品
薤白	药品
藁本	药品
藕节	药品
藕节炭	药品
藤梨根	药品
藿香正气软胶囊	药品
虎杖	药品
虻虫	药品
蚕砂	药品
蛇床子	药品
蛇莓	药品
蛇蜕	药品
蛤蚧	药品
蜂房	药品
蜈蚣	药品
蜜炼川贝枇杷膏	药品
蝉蜕	药品
螺内酯	药品
螺旋藻胶囊	药品
血乳酸	药品
血余炭	药品
血凝酶	药品
血容量扩张药	药品
血府逐瘀口服液	药品
血栓通	药品
血液循环毒素	药品
血液滤过置换基础液	药品
血竭	药品
血竭粉	药品
血管扩张药	药品
血管收缩药	药品
血管紧张素Ⅱ受体拮抗剂	药品
血管紧张素抑制剂	药品
血管紧张素转化酶抑制剂	药品
血脂康胶囊	药品
衡力	药品
补中益气丸	药品
补佳乐	药品
补肾益脑丸	药品
补肾益脑片	药品
补达秀	药品
补骨脂	药品
补骨脂(饮片)	药品
补骨脂酊	药品
表柔比星	药品
西乐葆	药品
西力欣	药品
西司他丁钠	药品
西吡氯铵	药品
西咪替丁	药品
西地碘	药品
西地那非	药品
西妥昔单抗	药品
西帕依固龈液	药品
西拉普利	药品
西普乐	药品
西曲瑞克	药品
西替利嗪	药品
西格列汀	药品
西比灵	药品
西洋参片	药品
西洛他唑	药品
西瓜霜润喉片	药品
西甲硅油	药品
西红花	药品
西维尔	药品
西罗莫司	药品
西艾克	药品
西达本胺	药品
西酞普兰	药品
西青果	药品
西黄丸	药品
覆盆子	药品
解痉药	药品
诃子	药品
诺佳	药品
诺保思泰	药品
诺其	药品
诺和力	药品
诺和平	药品
诺和灵30R	药品
诺和灵30R(笔芯)	药品
诺和灵50R(笔芯)	药品
诺和灵N	药品
诺和灵N(笔芯)	药品
诺和灵R	药品
诺和灵R(笔芯)	药品
诺和锐	药品
诺和锐30	药品
诺和锐50	药品
诺和龙	药品
诺扬	药品
诺氟沙星	药品
诺沛	药品
诺科飞	药品
诺维本	药品
诺迪康胶囊	药品
诺适得	药品
诺通	药品
诺阿法新	药品
诺雷得	药品
诺雷德阿法新	药品
谷光甘肽	药品
谷氨酸钠	药品
谷氨酸钾	药品
谷精草	药品
谷维素	药品
豨莶草	药品
贝他根	药品
贝伐单抗	药品
贝伐珠单抗	药品
贝前列素钠	药品
贝复济	药品
贝复舒	药品
贝特舒	药品
贝美前列素	药品
贝莱	药品
贝那普利	药品
贞芪扶正	药品
贞芪扶正胶囊	药品
贡菊	药品
败酱草	药品
贯众	药品
贯众炭	药品
贺新立适	药品
贺普丁	药品
贺维力	药品
贺美奇	药品
赖氨匹林	药品
赖脯胰岛素	药品
赛乐特	药品
赛可平	药品
赛可瑞	药品
赛增	药品
赛尼可	药品
赛庚啶	药品
赛德萨	药品
赛治	药品
赛洛唑啉	药品
赛洛多辛	药品
赛瑞特	药品
赛美维	药品
赛金化毒散	药品
赤小豆	药品
赤石脂	药品
赤芍	药品
赫泰林	药品
赫赛汀	药品
越鞠保和丸	药品
路滴美	药品
路路通	药品
车前子	药品
车前草	药品
软皂	药品
辅舒良	药品
辅舒酮	药品
辅酶A	药品
辅酶Q10	药品
辛伐他汀	药品
辛复宁	药品
辛夷	药品
辣椒碱软膏	药品
达克宁	药品
达克普隆	药品
达利全	药品
达力士	药品
达力新	药品
达卡巴嗪	药品
达吉	药品
达喜	药品
达必佳	药品
达托霉素	药品
达比加群酯	药品
达爽	药品
达珂	药品
达维邦	药品
达美康	药品
达肝素钠	药品
达芙文	药品
达芙通	药品
达芬霖	药品
达英-35	药品
达菲	药品
达菲林	药品
达贝	药品
达那唑	药品
达霏欣	药品
过氧乙酸	药品
过氧化氢	药品
过氧苯甲酰	药品
迈之灵	药品
迈普新	药品
迈格尔　	药品
连翘	药品
连翘败毒丸	药品
迪先	药品
迪可罗	药品
迪善	药品
迪巧	药品
迭力	药品
退乳药	药品
适利达	药品
适迪	药品
逍遥丸	药品
透骨草	药品
递法明	药品
通宣理肺丸	药品
通心络胶囊	药品
速力菲	药品
速效救心丸	药品
速碧林	药品
避孕药	药品
那他霉素	药品
那屈肝素钙	药品
那格列奈	药品
那特真	药品
那素达	药品
邦特林	药品
邦罗力	药品
郁李仁	药品
郁金	药品
郎沐	药品
都可喜	药品
酒大黄	药品
酒当归	药品
酒白芍	药品
酒精	药品
酒黄柏	药品
酒黄芩	药品
酚妥拉明	药品
酚滴耳剂	药品
酚磺乙胺	药品
酚苄明	药品
酚酞	药品
酚麻美敏	药品
酮康唑	药品
酮替芬	药品
酮洛芬	药品
酰胺醇	药品
酶抑制剂	药品
酶激动剂	药品
醋柴胡	药品
醋酸泼尼松龙滴眼液	药品
醋酸溶液	药品
醒脑静	药品
醛固酮	药品
醛固酮受体拮抗药	药品
采乐	药品
里尔统	药品
重楼	药品
重楼解毒酊	药品
重组人II型肿瘤坏死因子	药品
重组人促卵泡激素	药品
重组人促红素(CHO细胞)	药品
重组人凝血因子Ⅶa	药品
重组人干扰素α-2b	药品
重组人干扰素γ	药品
重组人生长激素	药品
重组人白介素-11	药品
重组人白介素-2	药品
重组人粒细胞刺激因子	药品
重组人粒细胞巨噬细胞刺激因子	药品
重组人绒促性素α	药品
重组人血小板生成素	药品
重组人血管内皮抑制素	药品
重组人表皮生长因子衍生物	药品
重组促卵泡素β	药品
重组干扰素α-1b	药品
重组牛碱性成纤维细胞生长因子	药品
重组链激酶	药品
野菊花	药品
金刚烷胺	药品
金匮肾气丸	药品
金喉健喷雾剂	药品
金喜素	药品
金因肽	药品
金振口服液	药品
金施尔康	药品
金果榄	药品
金樱子	药品
金水宝胶囊	药品
金纳多	药品
金络	药品
金荞麦	药品
金莲花片	药品
金菊感冒片	药品
金诺芬	药品
金银花	药品
金雀根	药品
金霉素	药品
金龙胶囊	药品
钆双胺	药品
钆喷酸葡胺	药品
钆贝葡胺	药品
钙拮抗剂	药品
钠拮抗剂	药品
钩藤	药品
钾通道开放剂	药品
铁树叶	药品
铁落花	药品
铁龙	药品
铃兰欣	药品
铝碳酸镁	药品
铝锌糊	药品
银杏叶	药品
银杏叶提取物	药品
银柴胡	药品
银翘解毒颗粒	药品
银花炭	药品
链霉素	药品
锁阳	药品
锋克松	药品
锝[99Tc]亚甲基二膦酸盐	药品
锝[99mTc]-硫化锑	药品
锝[99mTc]二巯丁二酸	药品
锝[99mTc]亚乙基双半胱氨	药品
锝[99mTc]亚甲基二膦酸盐	药品
锝[99mTc]依替菲宁	药品
锝[99mTc]双半胱乙脂	药品
锝[99mTc]喷替酸盐	药品
锝[99mTc]奥曲肽	药品
锝[99mTc]植酸盐	药品
锝[99mTc]甲氧异腈	药品
锝[99mTc]硫胶体	药品
锝[99mTc]聚合白蛋白	药品
锝[Tc99m]红细胞	药品
锦灯笼	药品
锯叶棕果实提取物	药品
镇咳药	药品
镇痛剂	药品
镇痛药	药品
镇脑宁胶囊	药品
长托宁	药品
长春地辛	药品
长春新碱	药品
长春瑞滨	药品
长春花碱	药品
长链脂肪乳	药品
长链脂肪乳(C6-24)	药品
门冬氨酸钾镁	药品
门冬氨酸鸟氨酸	药品
门冬胰岛素	药品
间羟胺	药品
间苯三酚	药品
间苯二酚	药品
防己	药品
防风	药品
防风炭	药品
防风通圣丸	药品
阳起石	药品
阴起石	药品
阿乐	药品
阿仑膦酸钠	药品
阿伐司汀	药品
阿加曲班	药品
阿卡波糖	药品
阿可达	药品
阿司匹林	药品
阿奇霉素	药品
阿尔治	药品
阿尔马尔	药品
阿德福韦酯	药品
阿思欣泰	药品
阿托伐他汀钙	药品
阿托品	药品
阿拓莫兰	药品
阿斯美	药品
阿昔替尼	药品
阿昔洛韦	药品
阿昔莫司	药品
阿普唑仑	药品
阿普林定	药品
阿曲库铵	药品
阿替卡因肾上腺素	药品
阿替普酶	药品
阿替洛尔	药品
阿柔比星	药品
阿比朵尔	药品
阿比特龙	药品
阿法根	药品
阿法迪三	药品
阿法骨化醇	药品
阿片及吗啡	药品
阿片受体拮抗药	药品
阿片受体激动剂	药品
阿特拉	药品
阿瑞匹坦	药品
阿立哌唑	药品
阿端	药品
阿米三嗪	药品
阿米卡星	药品
阿米替林	药品
阿米福汀	药品
阿米迪	药品
阿糖胞苷	药品
阿维A	药品
阿维A酯	药品
阿罗洛尔	药品
阿胶	药品
阿胶珠	药品
阿苯达唑	药品
阿莫罗芬	药品
阿莫西林	药品
阿莫西林克拉维酸钾5:1	药品
阿莫西林胶囊	药品
阿诺新	药品
阿贝他	药品
阿赛松	药品
阿达帕林	药品
阿达木单抗	药品
阿那曲唑	药品
阿魏酸哌嗪	药品
附子理中丸	药品
附桂骨痛胶囊	药品
陈皮	药品
陈皮炭	药品
降压药	药品
降钙素	药品
降香	药品
除痰止嗽丸	药品
雄蚕蛾	药品
雄黑豆	药品
雅博司	药品
雅施达	药品
雅美罗	药品
雌三醇	药品
雌二醇	药品
雌二醇环丙孕	药品
雌莫司汀	药品
雷丸	药品
雷公藤	药品
雷公藤多苷片	药品
雷卡	药品
雷奈酸锶	药品
雷尼替丁	药品
雷替斯	药品
雷洛昔芬	药品
雷珠单抗	药品
雷米普利	药品
雷莫司琼	药品
雷诺考特	药品
雷贝拉唑	药品
露达舒	药品
青果	药品
青皮	药品
青葙子	药品
青蒿	药品
青蒿琥酯	药品
青霉素	药品
青霉素皮试剂	药品
青霉素钠	药品
青霉胺	药品
青风藤	药品
青鹏软膏	药品
青黛	药品
非尼拉敏	药品
非布司他	药品
非洛地平	药品
非甾体类抗炎药	药品
非索非那定	药品
非诺贝特	药品
非那雄胺	药品
鞣酸加压素	药品
韦瑞德	药品
韭菜子	药品
顺尔宁	药品
顺铂	药品
预知子	药品
颇得斯安	药品
颠茄	药品
风油精	药品
风疹疫苗	药品
食母生	药品
食道溃疡合剂	药品
首乌藤	药品
香加皮	药品
香橼	药品
香砂养胃丸	药品
香砂枳术丸	药品
香菇多糖	药品
香薷	药品
香附	药品
马利兰	药品
马勃	药品
马尾莲	药品
马应龙麝香痔疮膏	药品
马斯平	药品
马普替林	药品
马沙尼	药品
马鞭草	药品
马齿苋	药品
骁悉	药品
骨仙片	药品
骨化三醇	药品
高三尖杉酯碱	药品
高特灵	药品
高舒达	药品
高良姜	药品
高锝[99mTc]酸钠	药品
高锰酸钾	药品
鬼箭羽	药品
鬼臼毒素	药品
鱼枕骨	药品
鱼精蛋白	药品
鱼肝油酸钠	药品
鱼腥草	药品
鱼腥草素钠	药品
鲁南力康	药品
鲑鱼降钙素	药品
鲨肝醇	药品
鸡冠花	药品
鸡血藤	药品
鸡骨草	药品
鸭跖草	药品
鹅不食草	药品
鹤虱	药品
鹿茸片	药品
鹿茸粉	药品
鹿衔草	药品
鹿角胶	药品
鹿角镑	药品
鹿角霜	药品
麝珠明目滴眼液	药品
麝香壮骨膏	药品
麦冬	药品
麦安	药品
麦滋林	药品
麦角生物碱	药品
麦角胺咖啡因	药品
麦角隐亭咖啡因	药品
麻仁润肠丸	药品
麻仁软胶囊	药品
麻黄根	药品
麻黄碱	药品
黄体酮	药品
黄凡士林	药品
黄柏炭	药品
黄氏响声丸	药品
黄精	药品
黄芩	药品
黄芩炭	药品
黄药子	药品
黄连	药品
黄连羊肝丸	药品
黄酮哌酯	药品
黑丑	药品
黑升麻	药品
黑芝麻	药品
黑附片	药品
黛力新	药品
黛蛤散	药品
鼠妇虫	药品
鼠李铋镁	药品
鼠神经生长因子	药品
鼻咽清毒颗粒	药品
鼻渊舒口服液	药品
鼻渊通窍颗粒	药品
齐多夫定	药品
齐多拉米双夫定	药品
齐索	药品
龙眼肉	药品
龙胆草	药品
龙胆草炭	药品
龙葵	药品
龟甲胶	药品
类固醇	药品
伴	连接词
伴有	连接词
及	连接词
合并	连接词
和	连接词
或	连接词
累及	连接词
经	连接词
B淋巴细胞	部位
DJ管	部位
T淋巴细胞	部位
下颌角	部位
造血系统	部位
三叉神经	部位
三尖瓣	部位
三角骨	部位
上呼吸道	部位
上气管旁	部位
上消化道	部位
上纵膈	部位
上肢	部位
上腔静脉	部位
上臂	部位
上颌窦	部位
上颌窦后	部位
上颌骨	部位
上颚	部位
下丘脑	部位
下丘脑区	部位
下丘脑激素	部位
下咽	部位
下尿道	部位
下段食管旁	部位
下气管旁	部位
下直肠前	部位
下睑袋	部位
下纵膈	部位
下肢	部位
下肺韧带	部位
下腔静脉	部位
下腔静脉后	部位
下颌窦	部位
下颌骨	部位
下颚	部位
下鼻甲	部位
中切牙	部位
中性粒细胞	部位
中指	部位
中枢神经系统	部位
中耳	部位
中节指骨	部位
中节趾骨	部位
中间楔骨	部位
主动脉	部位
主动脉下	部位
主动脉型	部位
主动脉弓	部位
主动脉旁	部位
主动脉瓣	部位
主支气管	部位
主肺动脉	部位
主肺静脉	部位
乙状结肠	部位
乳中切牙	部位
乳侧切牙	部位
乳房	部位
乳牙	部位
乳牙牙列	部位
乳突小房	部位
乳突窦	部位
乳糜池	部位
乳腺	部位
二尖瓣	部位
交感神经	部位
会厌	部位
会阴	部位
传导束	部位
传导系统	部位
传导通路	部位
侧切牙	部位
侧脑室	部位
免疫系统	部位
内侧楔骨	部位
内分泌系统	部位
内直肌	部位
内耳	部位
内耳道	部位
内脏感觉神经	部位
内脏运动神经	部位
内踝	部位
冠状动脉	部位
冠状静脉	部位
冠脉	部位
凝血系统	部位
前列腺	部位
前动脉	部位
前尖壁	部位
前庭大腺	部位
前庭球	部位
前庭蜗神经	部位
前房角	部位
前纵膈	部位
前肋	部位
前臂	部位
前臂肌	部位
前降支LAD	部位
副乳	部位
副交感神经	部位
副神经	部位
副耳	部位
副脾	部位
副韧带	部位
动眼神经	部位
十二指肠	部位
十二指肠周	部位
升主动脉	部位
升结肠	部位
半月板	部位
半规管	部位
卵子	部位
卵巢	部位
卵管	部位
双乳	部位
双房	部位
双眼	部位
双眼玻璃体腔	部位
双肺	部位
双肺磨玻璃	部位
双肾	部位
双膝	部位
双足	部位
双踝	部位
受精卵	部位
口	部位
口咽	部位
口腔	部位
右上肺	部位
右下肢	部位
右下肺	部位
右乳	部位
右侧胫	部位
右冠脉RCA	部位
右卵巢	部位
右叶	部位
右圆锥支	部位
右室前支	部位
右心	部位
右心室	部位
右心房	部位
右支气管	部位
右旋支	部位
右束支	部位
右眼	部位
右眼玻璃体腔	部位
右肝	部位
右股骨	部位
右肺	部位
右肺上叶	部位
右肺上叶前段	部位
右肺上叶后段	部位
右肺上叶尖段	部位
右肺下叶	部位
右肺下叶内基底段	部位
右肺下叶前基底段	部位
右肺下叶后基底段	部位
右肺下叶外基底段	部位
右肺下叶背段	部位
右肺中叶	部位
右肺中叶内段	部位
右肺中叶外段	部位
右肺动脉	部位
右肺门	部位
右肾	部位
右肾动脉	部位
右腋窝	部位
右腓	部位
右膝	部位
右踝骨	部位
右软腭	部位
右输尿管	部位
右锁骨	部位
右锁骨下动脉	部位
右附件	部位
右髂动脉	部位
后降支PDA	部位
听小骨	部位
听神经	部位
呼吸系统	部位
咀嚼肌	部位
咽	部位
咽内	部位
咽喉	部位
咽肌	部位
咽鼓管	部位
唇	部位
唇部	部位
唾液腺	部位
喉	部位
喉内	部位
喉咽	部位
喉息肉	部位
喉神经	部位
喉肌	部位
喉腔	部位
喉软骨	部位
喉返神经	部位
嗅神经	部位
嗅觉细胞	部位
嗜碱性粒细胞	部位
嗜酸性粒细胞	部位
回盲部	部位
回肠	部位
垂体	部位
垂体区	部位
垂体性	部位
垂体激素	部位
声带	部位
声门	部位
外侧楔骨	部位
外耳	部位
外耳道	部位
外踝	部位
外鼻	部位
多浆膜腔	部位
大多角骨	部位
大肠	部位
大脑	部位
大脑后	部位
大腿	部位
大腿肌	部位
大阴唇	部位
头	部位
头枕部	部位
头状骨	部位
头肌	部位
头部	部位
头面部	部位
女性外阴	部位
女性生殖	部位
子宫	部位
子宫内膜	部位
子宫后	部位
子宫韧带	部位
子宫颈	部位
室间隔前支	部位
宫内	部位
宫腔	部位
宫颈	部位
宫颈管	部位
对角支D	部位
小多角骨	部位
小指	部位
小肠	部位
小脑	部位
小腿	部位
小腿肌	部位
小阴唇	部位
尖牙	部位
尺桡关节	部位
尺骨	部位
尾骨	部位
尿液	部位
尿路	部位
尿道	部位
尿道后	部位
尿道周	部位
尿道旁腺	部位
尿道球腺	部位
展神经	部位
左上肺	部位
左下肺	部位
左主干LM	部位
左乳	部位
左前束支	部位
左叶	部位
左后束支	部位
左室	部位
左室前支	部位
左室后支	部位
左心	部位
左心室	部位
左心房	部位
左房	部位
左房旋支	部位
左旋支LCX	部位
左束支	部位
左眼	部位
左眼玻璃体腔	部位
左肝	部位
左肺	部位
左肺上叶	部位
左肺上叶上舌段	部位
左肺上叶下舌段	部位
左肺上叶前段	部位
左肺上叶尖后段	部位
左肺下叶	部位
左肺下叶前内基底段	部位
左肺下叶后基底段	部位
左肺下叶外基底段	部位
左肺下叶背段	部位
左肺门	部位
左膝	部位
左膝前	部位
巩膜	部位
幽门	部位
幽门上	部位
幽门下	部位
引流液	部位
循环系统	部位
心内膜下	部位
心内附属结构	部位
心包	部位
心包置管	部位
心包腔	部位
心室	部位
心尖部	部位
心房支	部位
心肌	部位
心脏	部位
心腔	部位
心血管	部位
性腺	部位
恒牙列	部位
恒牙牙列	部位
悬雍垂	部位
感觉传导通路	部位
房室结	部位
房室结支	部位
扁桃体	部位
扁桃腺	部位
手	部位
手关节	部位
手指	部位
手掌	部位
手肌	部位
手肌腱	部位
手腱	部位
手舟骨	部位
手部	部位
手骨	部位
拇指	部位
指关节	部位
指骨	部位
掌骨	部位
支架管	部位
支气管	部位
支气管肺段	部位
无名动脉	部位
最上纵隔	部位
月骨	部位
本体感觉传导通路	部位
松果体	部位
枕部	部位
枕骨	部位
桡骨	部位
椎体	部位
椎体前	部位
椎动脉	部位
椎管	部位
椎间盘	部位
横结肠	部位
毛细淋巴管	部位
气管	部位
气管前	部位
气管前后	部位
气管后	部位
气管隆突	部位
泌尿生殖系统	部位
泌尿系统	部位
泌尿道	部位
泪器	部位
泪骨	部位
浅感觉传导通路	部位
浅静脉	部位
浆细胞	部位
海绵体	部位
消化系统	部位
消化道	部位
淋巴	部位
淋巴区	部位
淋巴导管	部位
淋巴干	部位
淋巴管	部位
淋巴管道	部位
淋巴系细胞	部位
淋巴系统	部位
淋巴组织	部位
淋巴细胞	部位
淋巴结	部位
深静脉	部位
滑车神经	部位
激光虹膜周边	部位
牙	部位
牙周	部位
牙髓	部位
犁骨	部位
环状软骨	部位
环状软骨后	部位
玻璃体	部位
生殖器	部位
生殖器官	部位
生殖系统	部位
生殖道	部位
甲状旁腺	部位
甲状旁腺区	部位
甲状腺	部位
甲状腺素	部位
甲状软骨	部位
男性外阴	部位
男性生殖	部位
盆腔	部位
盲肠	部位
直肠	部位
直肠前	部位
直肠区	部位
眉部	部位
眶筋膜	部位
眶脂体	部位
眼	部位
眼内容物	部位
眼底	部位
眼球	部位
眼球壁	部位
眼球壁中层	部位
眼球壁外层	部位
眼球外肌	部位
眼球运功系统	部位
眼睑	部位
眼硅油	部位
眼部	部位
眼附属器官	部位
睾丸	部位
睾丸区	部位
瞳孔	部位
瞳孔膜	部位
砧骨	部位
硬脊膜	部位
硬脑蛛网膜	部位
示指	部位
神经眼	部位
神经细胞	部位
神经耳	部位
空肠	部位
窦房结	部位
窦房结支	部位
端脑	部位
第1乳磨牙	部位
第1前磨牙	部位
第1磨牙	部位
第2乳磨牙	部位
第2前磨牙	部位
第2磨牙	部位
第3磨牙	部位
第三脑室	部位
第四脑室	部位
筛窦	部位
筛骨	部位
粒系细胞	部位
粗隆间	部位
粪便	部位
精囊	部位
精神	部位
精索	部位
红系细胞	部位
纤维组织	部位
纵膈区	部位
纵隔	部位
细胞	部位
细胞器	部位
细胞组织	部位
结缔组织	部位
结肠	部位
结肠中动脉旁	部位
结肠周	部位
结肠型	分型
结肠肝曲	部位
结肠脾曲	部位
羊水	部位
羊膜	部位
羊膜腔	部位
耳	部位
耳廓	部位
耳蜗	部位
耳道	部位
肋间	部位
肋骨	部位
肛管	部位
肛门	部位
肝	部位
肝内	部位
肝总动脉	部位
肝总动脉旁	部位
肝管	部位
肝脏	部位
肝静脉	部位
肠	部位
肠系膜	部位
肠系膜上动脉	部位
肠系膜上静脉	部位
肠系膜下动脉	部位
肠系膜下静脉	部位
肠系膜根部	部位
肠道	部位
股动脉	部位
股静脉	部位
股骨	部位
股骨后	部位
股骨头	部位
股骨颈	部位
肩	部位
肩关节	部位
肩带肌	部位
肩胛	部位
肩胛骨	部位
肩部	部位
肱三头肌	部位
肱二头肌	部位
肱骨	部位
肱骨后	部位
肺	部位
肺内支气管	部位
肺动脉	部位
肺动脉瓣	部位
肺外气管	部位
肺部	部位
肺门	部位
肺门及支气管	部位
肺间质	部位
肾	部位
肾上腺	部位
肾上腺区	部位
肾动脉	部位
肾周组织	部位
肾小球	部位
肾盂	部位
肾盏	部位
肾盏区	部位
肾素	部位
胃	部位
胃体	部位
胃大弯	部位
胃小弯	部位
胃左动脉	部位
胃左动脉旁	部位
胃底	部位
胃淋巴分组	部位
胃窦	部位
胃管	部位
胆囊	部位
胆总管	部位
胆汁	部位
胆管	部位
胆管系统	部位
胎盘	部位
胚胎	部位
胫前	部位
胫骨	部位
胰	部位
胰下	部位
胰体	部位
胰前	部位
胰头	部位
胰头后	部位
胰岛素	部位
胰管	部位
胰管置管	部位
胰胆管	部位
胰腺	部位
胸	部位
胸上段	部位
胸下段	部位
胸中段	部位
胸壁	部位
胸导管	部位
胸椎	部位
胸椎后	部位
胸椎管	部位
胸水	部位
胸肌	部位
胸背神经	部位
胸背部肌肉	部位
胸胸膜	部位
胸腔	部位
胸腺	部位
胸腺区	部位
胸膜	部位
胸膜腔	部位
胸部	部位
胸部淋巴分组	部位
胸长神经	部位
胸骨	部位
胸骨后	部位
胼胝	部位
脊柱	部位
脊柱后	部位
脊椎	部位
脊神经	部位
脊膜	部位
脊髓	部位
脊髓中央管	部位
脊髓血管	部位
脊髓被膜	部位
脐带	部位
脑	部位
脑室	部位
脑干	部位
脑神经	部位
脑脊液	部位
脑膜	部位
脑膜后	部位
脑血管	部位
脑被膜	部位
脑部	部位
脾	部位
脾动脉	部位
脾动脉旁	部位
脾脏	部位
脾门	部位
脾静脉	部位
腋神经	部位
腋窝淋巴结	部位
腓骨	部位
腔静脉	部位
腕	部位
腕关节	部位
腕管	部位
腕部	部位
腕骨	部位
腭	部位
腭骨	部位
腮腺	部位
腮腺区	部位
腰	部位
腰椎	部位
腰椎后	部位
腰椎管	部位
腰椎间盘	部位
腰间盘	部位
腰部	部位
腱	部位
腱鞘	部位
腹	部位
腹主动脉	部位
腹主动脉旁	部位
腹壁	部位
腹水	部位
腹肌	部位
腹股沟	部位
腹股沟淋巴结	部位
腹腔	部位
腹腔动脉旁	部位
腹腔干	部位
腹膜	部位
腹膜后	部位
腹膜型	分型
腹膜癌	部位
腹膜腔	部位
腹膜陷凹	部位
腹部	部位
膀胱	部位
膀胱后	部位
膈	部位
膈神经	部位
膈肌	部位
膈肌下	部位
膝	部位
膝关节	部位
膝部	部位
臀部	部位
臂丛	部位
臂肌	部位
自主神经	部位
自主神经系统	部位
舌	部位
舌下神经	部位
舌下腺	部位
舌咽神经	部位
舌骨	部位
虹膜	部位
虹膜后	部位
蝶窦	部位
蝶骨	部位
血小板系细胞	部位
视神经	部位
视网膜	部位
视觉传导通路	部位
视路	部位
角膜	部位
豆骨	部位
豌豆骨	部位
贲门	部位
贲门右	部位
贲门左	部位
足	部位
足关节	部位
足底	部位
足肌	部位
足肌腱	部位
足腱	部位
足舟骨	部位
足部	部位
足骨	部位
趾部	部位
趾骨	部位
跖趾关节	部位
跖骨	部位
跗骨	部位
距骨	部位
跟骨	部位
踝	部位
踝关节	部位
踝部	部位
踝骨	部位
躯干	部位
躯干肌	部位
躯干骨	部位
输卵管	部位
输尿管	部位
输精管	部位
运动传导通路	部位
运动系统	部位
近节指骨	部位
近节趾骨	部位
远节指骨	部位
远节趾骨	部位
迷走神经	部位
造血干细胞	部位
造血系统	部位
钝缘支OM	部位
钩骨	部位
锁骨	部位
锁骨上窝淋巴结	部位
锁骨下动脉	部位
锁骨区	部位
锁骨后	部位
锐缘支AM	部位
锤骨	部位
锥体外系	部位
锥体系	部位
镫骨	部位
间脑	部位
阑尾	部位
阴囊	部位
阴睾	部位
阴茎	部位
阴蒂	部位
阴道	部位
阴道后	部位
阴阜	部位
附睾	部位
降主动脉	部位
降结肠	部位
隆突下	部位
隐睾	部位
雄激素	部位
雌激素	部位
面肌	部位
面部	部位
鞍区	部位
鞘膜	部位
顶骨	部位
颅内	部位
颅咽管	部位
颅神经	部位
颅腔	部位
颅骨	部位
颈前肌	部位
颈动脉	部位
颈外侧肌	部位
颈椎	部位
颈椎后	部位
颈浅肌	部位
颈深肌	部位
颈肌	部位
颈部	部位
颈部淋巴结	部位
颌下淋巴结	部位
颌下腺	部位
颌部	部位
颌骨	部位
颌骨角	部位
额叶	部位
额窦	部位
额骨	部位
颞下颌关节	部位
颞叶	部位
颞颌关节	部位
颞骨	部位
颧骨	部位
食管	部位
食管壁	部位
食管旁	部位
食管的狭窄部位	部位
食道裂孔部	部位
马尾	部位
马尾神经	部位
骨盆	部位
骨筋膜室	部位
骨迷路	部位
骰骨	部位
骶	部位
骶前	部位
骶管	部位
骶骨	部位
骶骨区	部位
髁	部位
髂	部位
髂动脉	部位
髂部	部位
髂静脉	部位
髂骨	部位
髋	部位
髋关节	部位
髋肌	部位
髋部	部位
髋骨	部位
髌骨	部位
髌骨后	部位
髓腔	部位
黄韧带	部位
鼓室	部位
鼓膜	部位
鼻	部位
鼻中隔	部位
鼻咽	部位
鼻咽后	部位
鼻旁窦	部位
鼻窦	部位
鼻腔	部位
鼻蝶	部位
鼻部	部位
鼻部骨骼	部位
鼻骨	部位
上肢相关关节	部位_非特指
上肢相关神经	部位_非特指
上肢相关肌	部位_非特指
上肢相关肌腱	部位_非特指
上肢相关腱	部位_非特指
上肢相关骨	部位_非特指
上肢肌	部位_非特指
下壁	部位_非特指
下肢相关关节	部位_非特指
下肢相关神经	部位_非特指
下肢相关肌	部位_非特指
下肢相关肌腱	部位_非特指
下肢相关腱	部位_非特指
下肢相关骨	部位_非特指
下肢肌	部位_非特指
亚段	部位_非特指
交界	部位_非特指
交界区	部位_非特指
交界处	部位_非特指
伤口	部位_非特指
体液	部位_非特指
侧凸	部位_非特指
侧壁	部位_非特指
侧突	部位_非特指
全身	部位_非特指
关节	部位_非特指
其他粒细胞	部位_非特指
内分泌	部位_非特指
内痔	部位_非特指
内瘤	部位_非特指
凝血因子	部位_非特指
分支	部位_非特指
切口	部位_非特指
前侧壁	部位_非特指
前壁	部位_非特指
前间壁	部位_非特指
动脉	部位_非特指
包块	部位_非特指
区域淋巴	部位_非特指
双下肢	部位_非特指
双侧管	部位_非特指
右位心	部位_非特指
叶	部位_非特指
叶间	部位_非特指
后壁	部位_非特指
后突	部位_非特指
周围神经	部位_非特指
喙突	部位_非特指
器官	部位_非特指
囊	部位_非特指
四肢	部位_非特指
壁	部位_非特指
外分泌	部位_非特指
外周主要动脉	部位_非特指
外周主要静脉	部位_非特指
外痔	部位_非特指
多器官组织	部位_非特指
大隐静脉	部位_非特指
导管	部位_非特指
小细胞	部位_非特指
小结节	部位_非特指
小隐静脉	部位_非特指
异物	部位_非特指
总动脉	部位_非特指
总静脉	部位_非特指
息肉	部位_非特指
房室	部位_非特指
手术切口	部位_非特指
排泄物	部位_非特指
斜疝	部位_非特指
有机大分子	部位_非特指
根部	部位_非特指
梨状窝	部位_非特指
毛发	部位_非特指
水泡	部位_非特指
水痘	部位_非特指
汗液	部位_非特指
汗腺	部位_非特指
浅表	部位_非特指
湿疹	部位_非特指
激素	部位_非特指
球囊	部位_非特指
球形角膜	部位_非特指
甲	部位_非特指
疙瘩	部位_非特指
瘘	部位_非特指
瘘道	部位_非特指
瘢痕	部位_非特指
皮下	部位_非特指
皮下组织	部位_非特指
皮肤	部位_非特指
皮肤窦道	部位_非特指
皮肤粘膜	部位_非特指
皮肤附属器	部位_非特指
皮脂腺	部位_非特指
皮质	部位_非特指
皮质醇	部位_非特指
硬膜	部位_非特指
神经	部位_非特指
积液	部位_非特指
窦道	部位_非特指
筋膜	部位_非特指
粘膜	部位_非特指
系膜	部位_非特指
纤维	部位_非特指
纵膈	部位_非特指
组织	部位_非特指
结核球	部位_非特指
结石	部位_非特指
结膜	部位_非特指
网膜	部位_非特指
肌	部位_非特指
肌肉	部位_非特指
肌腱	部位_非特指
肌间	部位_非特指
股疝	部位_非特指
肿物	部位_非特指
肿瘤	中心词
胆碱	部位_非特指
背肌	部位_非特指
脂肪	部位_非特指
脉搏	部位_非特指
腔	部位_非特指
腺	部位_非特指
膜迷路	部位_非特指
蛛网膜	部位_非特指
血压	部位_非特指
血栓	部位_非特指
血液	部位_非特指
血管	部位_非特指
血管周	部位_非特指
血管紧张素	部位_非特指
血糖	部位_非特指
血红蛋白	部位_非特指
血脂	部位_非特指
趾	部位_非特指
软组织	部位_非特指
软膜	部位_非特指
软骨	部位_非特指
附件	部位_非特指
静脉	部位_非特指
静脉窦	部位_非特指
面动脉	部位_非特指
面神经	部位_非特指
韧带	部位_非特指
颈	部位_非特指
颈内	部位_非特指
颈前	部位_非特指
颈后	部位_非特指
颊	部位_非特指
颏后	部位_非特指
颏旁	部位_非特指
骨	部位_非特指
骨膜	部位_非特指
骨连接	部位_非特指
骨髓	部位_非特指
髁突	部位_非特指
黏膜	部位_非特指
晶状体	部位
并	连接词
齿状突	部位
左手	部位
右手	部位
三踝	部位
指间	部位_非特指
指腹	部位_非特指
后踝	部位
指间神经	部位
伸腕肌	部位
内踝	部位
腘静脉	部位
股骨髁	部位
股骨干	部位
肩锁关节	部位
锁关节	部位
肱二头长头腱	部位
臂丛神经	部位
枢椎	部位
寰椎	部位
双下肺	部位
双下肢	部位
上棘	部位
趾	部位_非特指
中节	部位_非特指
