21三体	中心词
5氨基水杨酸	中心词
AIDS	中心词
Addison病	中心词
Alzheimer病	中心词
A族溶血性链球菌感染	中心词
Bernhardt病	中心词
Charcot关节病	中心词
Cushing综合征	中心词
DIC	中心词
EB病毒感染性传染性单核细胞增多症	中心词
Fallot心脏畸形	中心词
Graves病	中心词
Horner综合征	中心词
Huntinton舞蹈病	中心词
Isaacs综合征	中心词
Meniere病	中心词
Menkes病	中心词
Parkinson病	中心词
Roth病	中心词
Sudeckrsquo萎缩	中心词
X综合征	中心词
pellagra病	中心词
β内酰胺	中心词
牛肉绦虫病	中心词
猪肉绦虫病	中心词
纵隔癌	中心词
角膜基质炎	中心词
造血调节因子水平异常	中心词
黑点癣	中心词
三叉神经疾病	中心词
三叉神经痛	中心词
三叉神经痛待查	中心词
三尖瓣关闭不全	中心词
三尖瓣狭窄	中心词
三尖瓣疾病	中心词
上呼吸道急性病毒性感染	中心词
上呼吸道感染	中心词
上感	中心词
上消化道出血	中心词
上消化道溃疡	中心词
上消化道粘膜撕裂	中心词
上消化道静脉曲张	中心词
上皮癌	中心词
上睑下垂	中心词
上肢恶性肿瘤	中心词
上肢疾病	中心词
上肢相关神经疾病	中心词
上肢神经损伤	中心词
上肢肌肉损伤	中心词
上肢肌肉肌腱腱鞘疾病	中心词
上肢肿物	中心词
上肢血管疾病	中心词
上肢骨恶性肿瘤	中心词
上肢骨折	中心词
上肢骨疾病	中心词
上肢骨肿物	中心词
上肢骨脱位	中心词
上颌窦癌	中心词
下丘脑垂体性综合征	中心词
下丘脑垂体感染性疾病	中心词
下丘脑垂体激素分泌过多性疾病	中心词
下丘脑垂体激素分泌过少性疾病	中心词
下咽癌	中心词
下尿道感染性疾病	中心词
下睑赘皮	中心词
下肢恶性肿瘤	中心词
下肢感染性疾病	中心词
下肢畸形	中心词
下肢疾病	中心词
下肢相关神经疾病	中心词
下肢肌肉损伤	中心词
下肢肌肉肌腱腱鞘疾病	中心词
下肢肿物	中心词
下肢血管疾病	中心词
下肢静脉曲张	中心词
下肢骨恶性肿瘤	中心词
下肢骨折	中心词
下肢骨疾病	中心词
下肢骨肿物	中心词
下肢骨软骨病	中心词
下腔静脉瘤	中心词
下颌体	中心词
下颌关节脱位	中心词
下颌第3磨牙冠周炎	中心词
不孕	中心词
不稳定血红蛋白溶血病	中心词
丙球蛋白减少性疾病	中心词
丙球蛋白血症	中心词
丝虫感染	中心词
丝虫病	中心词
两性畸形	中心词
中医儿科疾病	中心词
中医内科疾病	中心词
中医内科病	中心词
中医妇科疾病	中心词
中医妇科病	中心词
中度热	中心词
中度非典型增生	中心词
中暑	中心词
中枢性尿崩症	中心词
中枢神经系统出血	中心词
中枢神经系统感染	中心词
中枢神经系统朊蛋白感染	中心词
中枢神经系统疾病	中心词
中枢神经系统真菌感染	中心词
中枢神经系统粘连	中心词
中枢神经系统结核	中心词
中枢神经系统肿物	中心词
中枢神经系统脑膜炎球菌感染	中心词
中枢神经系统脱髓鞘性疾病	中心词
中毒	中心词
中毒性神经肌肉病	中心词
中毒性肝损害疾病	中心词
中毒性肝炎	中心词
中毒性肾疾病	中心词
中耳炎	中心词
中耳疾病	中心词
中耳肿物	中心词
中耳胆脂瘤	中心词
中脑多巴胺性震颤麻痹	中心词
主动脉体疾病	中心词
主动脉夹层	中心词
主动脉瓣关闭不全	中心词
主动脉瓣狭窄	中心词
主动脉瓣狭窄梗阻	中心词
主动脉瓣疾病	中心词
主动脉瓣病	中心词
主动脉疾病	中心词
主动脉瘤	中心词
乙型肝炎	中心词
乙状结肠癌	中心词
乙肝	中心词
乙肝病毒	中心词
乙脑	中心词
乙脑病毒脑炎	中心词
乙醇滥用及成瘾	中心词
习惯和冲动障碍	中心词
乳头回缩	中心词
乳头溢液	中心词
乳头状瘤	中心词
乳头状癌	中心词
乳头疾病	中心词
乳头裂	中心词
乳房外伤	中心词
乳房畸形	中心词
乳房疾病	中心词
乳房痛	中心词
乳汁分泌异常性疾病	中心词
乳痛	中心词
乳癌	中心词
乳突炎	中心词
乳突炎症	中心词
乳突瘘	中心词
乳突脓肿	中心词
乳糖代谢障碍性疾病	中心词
乳糜	中心词
乳糜性胸腹水	中心词
乳糜胸	中心词
乳糜腹	中心词
乳腺发育异常	中心词
乳腺增生	中心词
乳腺增生病	中心词
乳腺增生症	中心词
乳腺导管扩张症	中心词
乳腺恶性肿瘤	中心词
乳腺感染性疾病	中心词
乳腺炎	中心词
乳腺疾病	中心词
乳腺瘘	中心词
乳腺癌	中心词
乳腺纤维瘤	中心词
乳腺肿物	中心词
乳腺脓肿	中心词
乳酸酸中毒	中心词
二尖瓣关闭不全	中心词
二尖瓣狭窄	中心词
二尖瓣狭窄梗阻	中心词
二尖瓣疾病	中心词
二尖瓣病	中心词
二尖瓣脱垂	中心词
亚临床甲减	中心词
亚甲减	中心词
亢进症	中心词
交界性病变	中心词
产前出血	中心词
产力异常	中心词
产后出血	中心词
产后抑郁	中心词
产后血管性疾病	中心词
产科创伤	中心词
产科栓塞性疾病	中心词
产程延长	中心词
产褥期精神障碍	中心词
亨廷顿氏舞蹈症	中心词
人乳头瘤病毒感染	中心词
人乳头瘤病毒生殖系统感染	中心词
人工植入物故障损坏性疾病	中心词
人工流产	中心词
人格障碍	中心词
人疱疹病毒感染性幼儿急疹	中心词
人细小病毒感染性传染性红斑	中心词
代谢异常性溶血性贫血	中心词
代谢障碍性疾病	中心词
休克	中心词
会厌炎	中心词
会阴盆底裂伤	中心词
传导阻滞	中心词
传导障碍性心律失常	中心词
传染性单核细胞增多症	中心词
传染性红斑	中心词
传染性软疣	中心词
传染性软疣病毒感染	中心词
传染病	中心词
伤	中心词
伤口疾病	中心词
伤寒	中心词
伤寒再燃	中心词
位置异常	中心词
低丙球蛋白血症	中心词
低体重儿	中心词
低分化腺癌	中心词
低增生性白血病	中心词
低渗性脱水	中心词
低热	中心词
低眼压症	中心词
低血压	中心词
低血容量性疾病	中心词
低血氧症	中心词
低血糖	中心词
低通气综合征	中心词
低钙血症	中心词
低钠	中心词
低钠血症	中心词
低钾	中心词
低钾血症	中心词
体内异物存留	中心词
体液排泄物异常	中心词
体液碱中毒	中心词
体液酸中毒	中心词
体癣	中心词
体重异常	中心词
佝偻病	中心词
侏儒症	中心词
供血不全	中心词
便秘	中心词
便秘待查	中心词
促进尿酸排泄	中心词
保守治疗	中心词
倒睫	中心词
倾倒综合征	中心词
假性球麻痹	中心词
偏执妄想	中心词
偏执妄想症	中心词
偏瘫	中心词
停经	中心词
停育	中心词
催眠药滥用	中心词
儿童中心词异常	中心词
儿童反应性依恋障碍	中心词
儿童孤独症	中心词
先兆临产	中心词
先兆流产	中心词
先天性疾病	中心词
先天性风疹综合征	中心词
先天畸形	中心词
先天缺损	中心词
光过敏	中心词
克山病	中心词
克汀病	中心词
克罗恩病	中心词
克雅氏病	中心词
免疫学异常	中心词
免疫异常性结节病	中心词
免疫性干燥综合征	中心词
免疫性肾疾病	中心词
免疫排斥	中心词
免疫接种	中心词
免疫系统恶性肿瘤	中心词
免疫系统疾病	中心词
免疫系统肿物	中心词
全心衰竭	中心词
全色盲	中心词
全身性抗真菌性抗生素中毒	中心词
共同动脉干	中心词
关节滑膜韧带疾病	中心词
关节炎	中心词
关节畸形	中心词
关节疾病	中心词
关节病	中心词
关节结核	中心词
关节肿物	中心词
关节脱位	中心词
兴奋药滥用	中心词
其他上肢血管疾病	中心词
其他上肢骨折	中心词
其他上肢骨脱位	中心词
其他下尿道感染性疾病	中心词
其他下肢血管疾病	中心词
其他下肢骨折	中心词
其他下肢骨疾病	中心词
其他中枢神经系统疾病	中心词
其他中耳炎	中心词
其他乳头疾病	中心词
其他乳房疾病	中心词
其他乳腺疾病	中心词
其他乳腺肿物	中心词
其他人乳头瘤病毒感染	中心词
其他伤口疾病	中心词
其他体内异物存留	中心词
其他儿童行为异常	中心词
其他关节滑膜韧带疾病	中心词
其他内耳迷路疾病	中心词
其他切口疾病	中心词
其他创伤	中心词
其他听觉异常	中心词
其他吸虫感染	中心词
其他吸虫病	中心词
其他呼吸系统出血	中心词
其他呼吸系统术后并发症	中心词
其他呼吸节律异常	中心词
其他咽喉感染性疾病	中心词
其他咽喉狭窄梗阻性疾病	中心词
其他唇畸形	中心词
其他唾液腺疾病	中心词
其他唾液腺肿物	中心词
其他坏疽	中心词
其他坐骨神经疾病	中心词
其他外耳炎	中心词
其他头面部损伤	中心词
其他女性外阴感染性疾病	中心词
其他女性生殖系统出血	中心词
其他妊娠分娩并发症	中心词
其他子宫位置异常	中心词
其他尿道畸形	中心词
其他常染色体缺陷性遗传病	中心词
其他异物	中心词
其他循环系统不适	中心词
其他循环系统术后并发症	中心词
其他心内膜炎	中心词
其他心前区不适	中心词
其他心肌疾病	中心词
其他心脏节律异常性疾病	中心词
其他性功能障碍	中心词
其他性行为障碍	中心词
其他手及腕关节畸形	中心词
其他手及腕部肿物	中心词
其他操作手术及术后并发症	中心词
其他支气管肺炎	中心词
其他月经异常	中心词
其他术后并发症	中心词
其他检查检验及结果异常	中心词
其他检查检验异常	中心词
其他椎管脊膜肿物	中心词
其他椎间盘疾病	中心词
其他气管手术并发症	中心词
其他气管疾病	中心词
其他水痘病毒感染	中心词
其他汗液分泌异常性疾病	中心词
其他泌尿系统出血	中心词
其他泌尿系统异物	中心词
其他泌尿系统感染性疾病	中心词
其他泌尿系统梗阻性疾病	中心词
其他泌尿系统返流性疾病	中心词
其他消化系统不适待查	中心词
其他消化系统出血	中心词
其他消化系统异物	中心词
其他消化系统溃疡	中心词
其他涎腺疾病	中心词
其他涎腺肿物	中心词
其他烧伤	中心词
其他男性外阴感染性疾病	中心词
其他痴呆	中心词
其他皮肤感染性疾病	中心词
其他皮肤疹	中心词
其他皮肤细菌感染性疾病	中心词
其他眼屈光不正	中心词
其他眼部感染性疾病	中心词
其他眼部细菌感染性疾病	中心词
其他眼部肿物	中心词
其他睑畸形	中心词
其他睡眠障碍	中心词
其他睾丸畸形	中心词
其他神经系统畸形	中心词
其他神经系统疾病	中心词
其他糖代谢异常性糖尿病	中心词
其他继发性精神异常	中心词
其他继发性精神障碍	中心词
其他缺血性心脏病	中心词
其他羊水疾病	中心词
其他肌病	中心词
其他肌肉疾病	中心词
其他肌肉麻痹	中心词
其他肌腱疾病	中心词
其他肠缺血性疾病	中心词
其他肠道感染性疾病	中心词
其他股骨疾病	中心词
其他肺外气管疾病	中心词
其他肺炎	中心词
其他肾上腺内分泌异常性疾病	中心词
其他肾上腺疾病	中心词
其他肾上腺肿物	中心词
其他胃肠炎	中心词
其他胆囊肿物	中心词
其他胆道疾病	中心词
其他胸廓及胸部损伤	中心词
其他胸腔感染性疾病	中心词
其他胸部主动脉疾病	中心词
其他脊髓损伤	中心词
其他脑感染性疾病	中心词
其他脑神经疾病	中心词
其他脑膜感染性疾病	中心词
其他脑膜炎	中心词
其他腔静脉疾病	中心词
其他腱鞘疾病	中心词
其他腹腔疾病	中心词
其他腹部出血损伤	中心词
其他腹部疾病	中心词
其他膀胱肿物	中心词
其他膝关节滑膜疾病	中心词
其他膝关节畸形	中心词
其他色素膜疾病	中心词
其他色素膜肿物	中心词
其他药物滥用	中心词
其他营养素缺乏性疾病	中心词
其他营养过度性疾病	中心词
其他葡萄膜疾病	中心词
其他葡萄膜肿物	中心词
其他蛋白代谢异常性疾病	中心词
其他蛋白病	中心词
其他蠕虫感染	中心词
其他蠕虫病	中心词
其他行为异常	中心词
其他视觉异常	中心词
其他身材矮小症	中心词
其他躯体疾病	中心词
其他输精管精索肿物	中心词
其他运动系统术后并发症	中心词
其他非感染性肠炎	中心词
其他颅神经疾病	中心词
其他饮食行为异常	中心词
其他骨盆损伤	中心词
其他骨盆疾病	中心词
其他骨髓抑制性造血功能异常	中心词
其他骶尾部疾病	中心词
其他髋关节畸形	中心词
其他麻醉并发症	中心词
其他麻醉术后并发症	中心词
其他鼻疾病	中心词
其他鼻部疾病	中心词
其它睾丸附睾肿物	中心词
其它胸壁及胸部疾病	中心词
其它胸部疾病	中心词
内出血	中心词
内分泌异常	中心词
内分泌病	中心词
内分泌瘤	中心词
内分泌癌	中心词
内分泌系统疾病	中心词
内分泌系统类癌综合征	中心词
内外眦疾病	中心词
内外眦赘皮	中心词
内眦赘皮	中心词
内耳前庭疾病	中心词
内耳半规管疾病	中心词
内耳性眩晕	中心词
内耳炎	中心词
内耳肿物	中心词
内耳迷路疾病	中心词
内麦粒肿	中心词
再生障碍性贫血	中心词
再障	中心词
农药中毒	中心词
冠心病	中心词
冠状动脉性心脏病	中心词
冠状动脉疾病	中心词
冠状动脉粥样硬化性心脏病	中心词
冠状血管疾病	中心词
冻伤	中心词
凝血	中心词
凝血因子缺乏性出血性疾病	中心词
凝血异常疾病	中心词
凝血病	中心词
出血	中心词
分化腺癌	中心词
分娩	中心词
分娩异常	中心词
分泌型癌	中心词
分离转换障碍	中心词
分级依据	中心词
分裂情感障碍	中心词
利什曼原虫病	中心词
前列腺囊肿	中心词
前列腺增生	中心词
前列腺增生症	中心词
前列腺恶性肿瘤	中心词
前列腺感染性疾病	中心词
前列腺炎	中心词
前列腺疾病	中心词
前列腺癌	中心词
前列腺结石	中心词
前列腺肥大	中心词
前列腺肿物	中心词
前庭疾病	中心词
前庭神经炎	中心词
前庭麻痹症	中心词
前房疾病	中心词
前斜角肌综合征	中心词
前纵隔肿物	中心词
剖宫产	中心词
剥脱性皮炎	中心词
副伤寒	中心词
副神经疾病	中心词
副神经节瘤	中心词
副节瘤	中心词
副银屑病	中心词
副鼻窦恶性肿瘤	中心词
功能异常	中心词
功能紊乱	中心词
功能障碍	中心词
动眼神经疾病	中心词
动脉导管未闭	中心词
动脉损伤	中心词
动脉瘤	中心词
动脉盗血综合征	中心词
动脉硬化	中心词
动静脉瘘	中心词
包皮嵌顿	中心词
包皮炎	中心词
包皮疾病	中心词
包皮血肿	中心词
包皮过长	中心词
包茎	中心词
包虫病	中心词
化疗	中心词
化脓性甲状腺炎	中心词
区域淋巴性疾病	中心词
医学影像异常	中心词
十二指肠溃疡	中心词
十二指肠疾病	中心词
十二指肠癌	中心词
十二指肠穿孔	中心词
半乳糖代谢症	中心词
半合成青霉素	中心词
半规管疾病	中心词
卒中	中心词
单核细胞增多症	中心词
单核细胞性白血病	中心词
单纯疱疹病毒感染	中心词
卟啉代谢障碍性疾病	中心词
卟啉病	中心词
卵巢内分泌功能亢进	中心词
卵巢内分泌功能减退	中心词
卵巢功能亢进	中心词
卵巢囊肿	中心词
卵巢恶性肿瘤	中心词
卵巢感染性疾病	中心词
卵巢扭转	中心词
卵巢炎	中心词
卵巢疾病	中心词
卵巢癌	中心词
卵巢破裂	中心词
卵巢积水	中心词
卵巢积液	中心词
卵巢肿物	中心词
卵巢衰竭	中心词
卵巢过度刺激	中心词
压力性溃疡	中心词
压疮	中心词
厌食	中心词
原位癌	中心词
原虫感染性疾病	中心词
原醛	中心词
去极化	中心词
双侧完全性腭裂	中心词
双胎反向动脉灌注综合征	中心词
反射性交感神经营养不良综合征	中心词
反拗危象	中心词
发烧	中心词
发热	中心词
发热待查	中心词
发病	中心词
发育不全	中心词
发育不良	中心词
发育迟滞	中心词
发育障碍	中心词
发音障碍	中心词
变态反应	中心词
口吃	中心词
口咽念珠菌感染	中心词
口咽癌	中心词
口干症	中心词
口炎	中心词
口腔咬合异常	中心词
口腔外伤	中心词
口腔异物	中心词
口腔感染性疾病	中心词
口腔溃疡	中心词
口腔畸形	中心词
口腔疾病	中心词
口腔癌	中心词
口腔粘膜疾病	中心词
口腔颌面恶性肿瘤	中心词
口腔颌面肿物	中心词
口臭	中心词
口臭待查	中心词
可卡因类药物滥用	中心词
右室流出道狭窄	中心词
右心室双出口	中心词
右心房瘤	中心词
右心衰竭	中心词
右束支传导阻滞	中心词
右肺上叶癌	中心词
右肺下叶癌	中心词
右肺中叶癌	中心词
叶酸维生素B12缺乏性贫血	中心词
叶酸缺乏	中心词
叶酸缺乏性疾病	中心词
同性恋	中心词
后壁骨折	中心词
后天性溶血性贫血	中心词
后天性缺失	中心词
后天性鱼鳞癣	中心词
后天畸形	中心词
后遗症	中心词
吡哆素缺乏	中心词
听力障碍	中心词
听幻觉	中心词
听神经疾病	中心词
听神经病	中心词
听神经瘤	中心词
听神经肿物	中心词
听觉异常	中心词
听骨疾病	中心词
吸入性肺炎	中心词
吸入有害气体	中心词
吸虫感染	中心词
吸虫病	中心词
呃逆	中心词
呆小症	中心词
呕吐	中心词
呕吐待查	中心词
呕血	中心词
周围淋巴结结核	中心词
周围神经损伤	中心词
周围神经炎	中心词
周围神经疾病	中心词
周围神经痛	中心词
周围神经肿物	中心词
周围神经脱髓鞘性疾病	中心词
呼吸困难待查	中心词
呼吸循环衰竭	中心词
呼吸暂停	中心词
呼吸窘迫	中心词
呼吸系统不适	中心词
呼吸系统出血	中心词
呼吸系统感染性疾病	中心词
呼吸系统术后并发症	中心词
呼吸系统烧伤	中心词
呼吸系统疾病	中心词
呼吸系统瘘	中心词
呼吸系统瘘及窦道	中心词
呼吸系统真菌感染	中心词
呼吸系统肿物	中心词
呼吸系统过敏性疾病	中心词
呼吸肌麻痹	中心词
呼吸节律异常	中心词
呼吸衰竭	中心词
呼衰	中心词
咖啡因滥用及成瘾	中心词
咬肌疾病	中心词
咬颊	中心词
咯血	中心词
咳嗽	中心词
咳嗽待查	中心词
咳血	中心词
咽喉异物	中心词
咽喉感染性疾病	中心词
咽喉溃疡	中心词
咽喉狭窄梗阻性疾病	中心词
咽喉疾病	中心词
咽喉痛	中心词
咽喉癌	中心词
咽喉肿物	中心词
咽喉脓肿	中心词
咽喉部外伤	中心词
咽喉部恶性肿瘤	中心词
咽炎	中心词
咽狭窄	中心词
咽部不适待查	中心词
咽鼓管疾病	中心词
哮喘	中心词
哺乳后乳房复旧不全	中心词
哺乳异常	中心词
唇恶性肿瘤	中心词
唇畸形	中心词
唇癌	中心词
唇裂	中心词
唾液腺囊肿	中心词
唾液腺恶性肿瘤	中心词
唾液腺疾病	中心词
唾液腺病	中心词
唾液腺瘘	中心词
唾液腺结石	中心词
唾液腺肿物	中心词
喉上神经麻痹	中心词
喉梗阻	中心词
喉水肿	中心词
喉炎	中心词
喉畸形	中心词
喉痉挛	中心词
喉返神经疾病	中心词
喉返神经麻痹	中心词
喉部神经肌肉疾病	中心词
喉麻痹	中心词
喘憋	中心词
嗅神经疾病	中心词
嗅觉味觉障碍	中心词
嗜睡	中心词
嗜酸性粒细胞增多症	中心词
嗜酸性粒细胞白血病	中心词
嗜酸粒细胞增多症	中心词
嗜铬细胞瘤	中心词
嘌呤嘧啶代谢障碍性疾病	中心词
器官异位	中心词
器官转移瘤	中心词
器质变化	中心词
器质性精神障碍	中心词
囊型包虫病	中心词
囊性纤维化	中心词
囊性纤维化性疾病	中心词
囊性纤维性变	中心词
囊性纤维病	中心词
囊性肿物	中心词
囊肿	中心词
囊虫病	中心词
四肢瘫	中心词
四肢血管疾病	中心词
回归热	中心词
回盲部癌	中心词
回纳疝块后压住内环	中心词
围产期出血	中心词
围产期异常	中心词
围产期血管栓塞性疾病	中心词
土拉菌病	中心词
地中海贫血	中心词
坏死	中心词
坏死症	中心词
坏疽	中心词
坏血病	中心词
坐骨神经卡压	中心词
坐骨神经疾病	中心词
坐骨神经痛	中心词
坐骨神经痛待查	中心词
垂体TSH瘤	中心词
垂体功能减退	中心词
垂体功能减退症	中心词
垂体性侏儒症	中心词
垂体机能亢进	中心词
垂体生长激素分泌过多	中心词
垂体疾病	中心词
垂体瘤	中心词
垂体鞍区恶性肿瘤	中心词
垂体鞍区疾病	中心词
垂体鞍区肿物	中心词
埃博拉出血热	中心词
埃博拉病毒感染	中心词
埋伏牙	中心词
基底节变性疾病	中心词
声带小结	中心词
声带疾病	中心词
声带麻痹	中心词
声门狭窄	中心词
声门癌	中心词
处女膜疾病	中心词
处女膜破裂	中心词
复发癌	中心词
夏科氏关节病	中心词
外伤	中心词
外伤伤口	中心词
外周主要动脉动脉瘤	中心词
外周主要动脉损伤	中心词
外周主要动脉疾病	中心词
外周主要静脉疾病	中心词
外来伤害	中心词
外眦赘皮	中心词
外耳感染性疾病	中心词
外耳湿疹	中心词
外耳炎	中心词
外耳畸形	中心词
外耳疾病	中心词
外耳皮肤疾病	中心词
外耳肿物	中心词
外耳道狭窄闭锁	中心词
外阴发育不良	中心词
外阴损伤	中心词
外阴损伤性疾病	中心词
外阴生殖器异物	中心词
外阴疾病	中心词
外阴癌	中心词
外阴白斑	中心词
外阴肿物	中心词
外麦粒肿	中心词
多动症	中心词
多发性硬化	中心词
多发骨髓瘤	中心词
多器官功能衰竭	中心词
多囊卵巢	中心词
多囊卵巢综合征	中心词
多囊肾	中心词
多囊肾病	中心词
多毛症	中心词
多毛细胞白血病	中心词
多汗症	中心词
多胎妊娠	中心词
多脏器功能衰竭	中心词
多脏器功能障碍症	中心词
夜游症	中心词
大便失禁	中心词
大动脉转位	中心词
大细胞性贫血	中心词
大脑动脉狭窄栓塞	中心词
大脑变性	中心词
大脑感染性疾病	中心词
大脑肿物	中心词
大麻类药物滥用	中心词
天疱疮	中心词
天花	中心词
天花病毒感染	中心词
失明	中心词
失眠	中心词
失聪	中心词
失能	中心词
失语	中心词
头痛	中心词
头痛待查	中心词
头癣	中心词
头皮出血	中心词
头皮糠疹	中心词
头皮裂伤	中心词
头部不适	中心词
头面部恶性肿瘤	中心词
头面部损伤	中心词
头面部疾病	中心词
头面部肿物	中心词
头面部血管疾病	中心词
头面部骨疾病	中心词
女性不孕	中心词
女性外阴上皮疾病	中心词
女性外阴恶性肿瘤	中心词
女性外阴感染性疾病	中心词
女性外阴损伤	中心词
女性外阴溃疡	中心词
女性外阴畸形	中心词
女性外阴疾病	中心词
女性外阴肿物	中心词
女性性交异常	中心词
女性生殖系统出血	中心词
女性生殖系统感染性疾病	中心词
女性生殖系统术后并发症	中心词
女性生殖系统畸形	中心词
女性生殖系统疾病	中心词
女性生殖系统肿物	中心词
妊娠	中心词
妊娠分娩并发症	中心词
妊娠剧吐	中心词
妊娠合并慢性高血压病	中心词
妊娠呕吐	中心词
妊娠滋养细胞疾病	中心词
妊高症	中心词
婴儿玫瑰疹	中心词
婴幼儿异常	中心词
子宫位置异常	中心词
子宫内妊娠	中心词
子宫内膜增生	中心词
子宫内膜异位症	中心词
子宫内膜炎	中心词
子宫内膜疾病	中心词
子宫内膜癌	中心词
子宫出血	中心词
子宫前倾	中心词
子宫后勤	中心词
子宫后屈	中心词
子宫复旧不全	中心词
子宫复旧不良	中心词
子宫平滑肌瘤	中心词
子宫平滑肌瘤病	中心词
子宫异物	中心词
子宫息肉	中心词
子宫恶性肿物	中心词
子宫感染性疾病	中心词
子宫损伤	中心词
子宫炎	中心词
子宫畸形	中心词
子宫疾病	中心词
子宫瘘	中心词
子宫癌	中心词
子宫破裂	中心词
子宫粘连	中心词
子宫肿物	中心词
子宫脱垂	中心词
子宫腔狭窄性疾病	中心词
子宫血管疾病	中心词
子宫附件恶性肿瘤	中心词
子宫附件疾病	中心词
子宫附件肿物	中心词
子宫颈恶性肿瘤	中心词
子宫颈溃疡	中心词
子宫颈疾病	中心词
子痫	中心词
孤独症	中心词
完全性右束支传导阻滞	中心词
实性肿物	中心词
室壁瘤	中心词
室性心律失常	中心词
室性早搏	中心词
室性期前收缩	中心词
室扑	中心词
室早	中心词
室缺	中心词
室间隔缺损	中心词
室颤	中心词
宫内孕	中心词
宫外孕	中心词
宫颈发育不良	中心词
宫颈息肉	中心词
宫颈恶性肿瘤	中心词
宫颈溃疡	中心词
宫颈狭窄	中心词
宫颈疾病	中心词
宫颈瘘	中心词
宫颈癌	中心词
宫颈粘膜疾病	中心词
宫颈裂伤	中心词
家族性结肠息肉病	中心词
寄生虫感染	中心词
导管癌	中心词
射精障碍	中心词
小三阳	中心词
小便失禁	中心词
小儿遗尿	中心词
小儿遗尿遗便	中心词
小细胞性性贫血	中心词
小细胞癌	中心词
小肠伤寒	中心词
小肠副伤寒	中心词
小肠憩室	中心词
小肠损伤	中心词
小肠疾病	中心词
小肠病	中心词
小肠贾第虫病	中心词
小肠霍乱	中心词
小脑变性	中心词
小脑性共济失调	中心词
小脑感染性疾病	中心词
小脑肿物	中心词
少精无精症	中心词
尖锐湿疣	中心词
尘肺	中心词
尺神经卡压	中心词
尺神经疾病	中心词
尺骨疾病	中心词
尺骨骨折	中心词
尼克酸缺乏	中心词
尼古丁类滥用及成瘾	中心词
尾椎疾病	中心词
尿失禁	中心词
尿布性皮炎	中心词
尿布疹	中心词
尿布疹红斑	中心词
尿检验异常	中心词
尿毒症	中心词
尿液反流	中心词
尿液排泄	中心词
尿潴留	中心词
尿糖	中心词
尿素循环相关氨基酸代谢障碍性疾病	中心词
尿道出血	中心词
尿道恶性肿瘤	中心词
尿道损伤	中心词
尿道炎	中心词
尿道狭窄	中心词
尿道狭窄性疾病	中心词
尿道瓣膜	中心词
尿道畸形	中心词
尿道疾病	中心词
尿道瘘	中心词
尿道癌	中心词
尿道结石	中心词
尿道肿物	中心词
尿酮	中心词
尿酸代谢	中心词
局限性硬皮病	中心词
局限性肠炎	中心词
屈光不正	中心词
嵌顿痔	中心词
左后束支传导阻滞阻滞	中心词
左室流出道狭窄	中心词
左心室双出口	中心词
左心衰竭	中心词
左肺上叶癌	中心词
左肺下叶癌	中心词
巧克力囊肿	中心词
巨人症	中心词
巨大儿	中心词
巨大胎儿	中心词
巨核细胞白血病	中心词
巨细胞病毒感染	中心词
巩膜变性疾病	中心词
巩膜感染性疾病	中心词
巩膜溃疡	中心词
巩膜疾病	中心词
巩膜缺损	中心词
巩膜肿物	中心词
巩膜膨出	中心词
巩膜葡萄肿	中心词
巴氏腺炎	中心词
布氏杆菌病	中心词
布鲁氏菌病	中心词
帕金森病	中心词
带状疱疹	中心词
常染色体缺陷性遗传病	中心词
干燥综合征	中心词
干眼症	中心词
平底足	中心词
平滑肌瘤	中心词
平滑肌蠕动	中心词
平足	中心词
并发症	中心词
幻肢痛	中心词
幼儿急疹	中心词
幼年型进行性球麻痹	中心词
幽门梗阻	中心词
幽门狭窄	中心词
广泛性发育障碍	中心词
库欣综合征	中心词
应激	中心词
应激反应	中心词
应激综合征	中心词
延髓疾病	中心词
延髓空洞症	中心词
异位妊娠	中心词
异物存留	中心词
异食癖	中心词
弓形虫感染	中心词
弓形虫病	中心词
弥漫性血管内凝血	中心词
弱视	中心词
强迫症	中心词
循环系统不适	中心词
循环系统术后并发症	中心词
循环系统疾病	中心词
循环衰竭	中心词
微量元素代谢	中心词
微量元素代谢障碍性疾病	中心词
心内膜垫缺损	中心词
心内膜炎	中心词
心内附属结构疾病	中心词
心前区不适	中心词
心力衰竭	中心词
心功能不全	中心词
心功能衰竭	中心词
心动过缓	中心词
心动过速	中心词
心包囊肿	中心词
心包填塞	中心词
心包炎	中心词
心包疾病	中心词
心包积液	中心词
心包积血	中心词
心包缺损	中心词
心包肿物	中心词
心境情感障碍	中心词
心室扑动	中心词
心室畸形	中心词
心室颤动	中心词
心律不齐	中心词
心律失常	中心词
心房室壁瘤	中心词
心房扑动	中心词
心房畸形	中心词
心房纤颤	中心词
心房颤动	中心词
心梗	中心词
心源性哮喘	中心词
心绞痛	中心词
心绞痛待查	中心词
心肌梗塞	中心词
心肌梗死	中心词
心肌炎	中心词
心肌疾病	中心词
心肌病	中心词
心脏Eisenmenger综合征	中心词
心脏传导阻滞	中心词
心脏增生性疾病	中心词
心脏异物	中心词
心脏房室传导阻滞	中心词
心脏损伤	中心词
心脏术后并发症	中心词
心脏杂音待查	中心词
心脏束支传导阻滞	中心词
心脏畸形	中心词
心脏疾病	中心词
心脏病	中心词
心脏肥大	中心词
心脏肿物	中心词
心脏节律异常性疾病	中心词
心脏血栓	中心词
心脏衰竭	中心词
心脏预激综合征	中心词
心腔扩大	中心词
心腔血栓	中心词
心血管疾病	中心词
心衰	中心词
心跳骤停	中心词
急性精神性疾病	中心词
急性迷路炎	中心词
性中心词障碍	中心词
性偏好障碍	中心词
性别认同障碍	中心词
性别障碍	中心词
性功能障碍	中心词
性发育迟缓	中心词
性变态	中心词
性早熟	中心词
性染色体缺陷性遗传病	中心词
性激素性疾病	中心词
性腺肿物	中心词
性身份障碍	中心词
恐怖症	中心词
恶习成瘾	中心词
恶性肿瘤	中心词
悬雍垂疾病	中心词
情绪异常	中心词
意外事故性损伤	中心词
意识障碍	中心词
感冒	中心词
感染后免疫	中心词
感染性中耳炎	中心词
感染性发热	中心词
感染性心内膜炎	中心词
感染性疾病	中心词
感染性舌炎	中心词
感觉不适	中心词
感觉异常性股痛	中心词
慢性阻塞性肺病	中心词
慢阻肺	中心词
成人呼吸窘迫综合征	中心词
截肢	中心词
房壁瘤	中心词
房室阻滞	中心词
房性心律失常	中心词
房性早搏	中心词
房性期前收缩	中心词
房扑	中心词
房早	中心词
房缺	中心词
房间隔缺损	中心词
房颤	中心词
扁平足	中心词
扁桃体炎	中心词
扁桃体疾病	中心词
扁桃体肥大	中心词
扁桃体肿物	中心词
扁桃体腺样体肥大	中心词
手关节脱位	中心词
手及腕关节畸形	中心词
手及腕部肿物	中心词
手恶性肿瘤	中心词
手指畸形	中心词
手畸形	中心词
手癣	中心词
手肿物	中心词
手足口病	中心词
手部神经损伤	中心词
手部肌肉损伤	中心词
手部腱鞘炎	中心词
手部血管损伤	中心词
手部骨折	中心词
手部骨疾病	中心词
扩张症癌	中心词
抑制尿酸生成	中心词
抑制粒细胞浸润	中心词
抑郁	中心词
抑郁症	中心词
抗体缺陷性疾病	中心词
抗其它病原	中心词
抗利尿激素缺乏性尿崩症	中心词
抗心律失常	中心词
抗快速性心律失常	中心词
抗慢速性心律失常	中心词
抗病毒药中毒	中心词
抗过敏药中毒	中心词
抽动障碍	中心词
抽筋	中心词
拉肚子	中心词
按发生中心词	中心词
按疝出中心词	中心词
按躯体中心词	中心词
挤压综合症	中心词
挫伤	中心词
排便异常	中心词
排尿异常	中心词
排尿性晕厥	中心词
接触性皮炎	中心词
操作手术及术后并发症	中心词
支气管哮喘	中心词
支气管恶性肿瘤	中心词
支气管扩张	中心词
支气管扩张病	中心词
支气管扩张症	中心词
支气管炎	中心词
支气管疾病	中心词
支气管结核	中心词
支气管肺炎	中心词
放射性损伤	中心词
放射性皮炎	中心词
放疗	中心词
放线菌感染	中心词
斑块	中心词
斑疹伤寒	中心词
斑秃	中心词
斜视	中心词
斜颈	中心词
新生儿ABO血型不合溶血病	中心词
新生儿RH血型不合溶血病	中心词
新生儿产伤	中心词
新生儿异常	中心词
旋前圆肌综合征	中心词
无乳	中心词
无力症	中心词
无名动脉瘤	中心词
无机物中毒	中心词
无汗症	中心词
无痛性关节病	中心词
无菌性炎症	中心词
日光性皮炎	中心词
早产	中心词
早孕	中心词
早泄	中心词
早老性痴呆	中心词
昏迷	中心词
昏迷待查	中心词
易性癖	中心词
晒伤	中心词
晕动病	中心词
晕厥待查	中心词
普通感冒	中心词
晶体疾病	中心词
晶体白内障	中心词
晶状体移位	中心词
晶状体脱位	中心词
智齿冠周炎	中心词
暴食	中心词
更年期综合征	中心词
月经异常	中心词
月经稀少	中心词
月经紊乱	中心词
月经过多	中心词
月骨无菌性坏死	中心词
有机物中毒	中心词
术后并发症	中心词
李斯特菌感染	中心词
杜克雷嗜血杆菌感染	中心词
束支阻滞	中心词
松果体功能障碍	中心词
松果体肿物	中心词
果糖代谢障碍性疾病	中心词
柯兴综合征	中心词
栓塞	中心词
核细胞增多症	中心词
核黄素缺乏	中心词
根尖周炎	中心词
根尖炎	中心词
根尖脓肿	中心词
桡神经疾病	中心词
桡管综合征	中心词
桡骨小头半脱位	中心词
桡骨疾病	中心词
桡骨脱位	中心词
桡骨骨折	中心词
桥本脑病	中心词
梅尼埃病	中心词
梅毒	中心词
梅毒螺旋体感染	中心词
梗阻	中心词
梨状窝癌	中心词
梨状肌综合征	中心词
梭状芽胞杆菌气性坏疽	中心词
检查检验异常	中心词
棘球蚴感染	中心词
植物提取物	中心词
植物神经疾病	中心词
植物神经肿物	中心词
椎动脉瘤	中心词
椎基底动脉供血不全	中心词
椎基底动脉狭窄栓塞	中心词
椎基底动脉疾病	中心词
椎管内感染性疾病	中心词
椎管狭窄	中心词
椎管狭窄性疾病	中心词
椎管狭窄症	中心词
椎管肿物	中心词
椎管脊膜肿物	中心词
椎间盘损伤	中心词
椎间盘疾病	中心词
椎间盘突出	中心词
椎间盘突出症	中心词
椎间盘脱出	中心词
椎间盘膨出	中心词
椎静脉疾病	中心词
椎骨脱位	中心词
正中神经卡压	中心词
正中神经疾病	中心词
正常分娩	中心词
正常颅内压	中心词
死亡	中心词
母细胞瘤	中心词
毒品成瘾	中心词
毛发减少性疾病	中心词
毛发增多	中心词
毛囊炎	中心词
毛滴虫感染	中心词
毛细血管扩张症	中心词
气体中毒	中心词
气性坏疽	中心词
气管异物	中心词
气管手术并发症	中心词
气管损伤	中心词
气管炎	中心词
气管狭窄梗阻	中心词
气管疾病	中心词
气管肿物	中心词
气胸	中心词
气道梗阻	中心词
氨基酸代谢病	中心词
氨基酸代谢障碍性疾病	中心词
水中毒	中心词
水杨酸盐类中毒	中心词
水泡	中心词
水猴子	中心词
水电酸碱平衡紊乱	中心词
水痘	中心词
水痘病毒感染	中心词
水痘病毒感染带状疱疹	中心词
水肿	中心词
汉坦病毒感染	中心词
汗液分泌异常性疾病	中心词
沙眼	中心词
泌尿系统出血	中心词
泌尿系统异物	中心词
泌尿系统恶性肿瘤	中心词
泌尿系统感染	中心词
泌尿系统感染性疾病	中心词
泌尿系统憩室	中心词
泌尿系统术后并发症	中心词
泌尿系统梗阻性疾病	中心词
泌尿系统畸形	中心词
泌尿系统真菌感染	中心词
泌尿系统结核	中心词
泌尿系统结石	中心词
泌尿系统肿物	中心词
泌尿系统返流性疾病	中心词
泌尿道梗阻	中心词
法洛三联症	中心词
法洛四联症	中心词
法鲁氏联症	中心词
泛酸缺乏	中心词
波状热	中心词
泪器畸形	中心词
泪器疾病	中心词
泪器肿物	中心词
泪囊炎	中心词
泪液过多	中心词
泪管狭窄	中心词
泪腺炎	中心词
泪道梗阻	中心词
泪道狭窄性疾病	中心词
泪道闭锁	中心词
流产	中心词
流感	中心词
流涎症	中心词
流脑	中心词
流行性出血热	中心词
流行性感冒	中心词
流行性眩晕	中心词
流行性神经迷路炎	中心词
流行性脑脊髓膜炎	中心词
浅前房	中心词
浆液性癌	中心词
浆细胞性多发骨髓瘤	中心词
浆细胞性恶性肿瘤	中心词
浆细胞恶性重链病	中心词
浆细胞疾病	中心词
浆细胞瘤	中心词
海洋性贫血	中心词
浸润性癌	中心词
消化不良	中心词
消化系统不适待查	中心词
消化系统出血	中心词
消化系统异物	中心词
消化系统恶性肿瘤	中心词
消化系统术后并发症	中心词
消化系统溃疡	中心词
消化系统烧伤	中心词
消化系统疝	中心词
消化系统疾病	中心词
消化系统瘘	中心词
消化系统真菌感染	中心词
消化系统结核	中心词
消化系统肿物	中心词
消化道出血	中心词
消化道穿孔	中心词
消渴病	中心词
涎腺唾液分泌异常	中心词
涎腺囊肿	中心词
涎腺恶性肿瘤	中心词
涎腺感染性疾病	中心词
涎腺疾病	中心词
涎腺瘘	中心词
涎腺结石	中心词
涎腺肿物	中心词
淀粉样变性	中心词
淀粉样物质沉着症	中心词
淋巴水肿	中心词
淋巴瘤	中心词
淋巴管损伤	中心词
淋巴管疾病	中心词
淋巴管肿物	中心词
淋巴系统恶性肿瘤	中心词
淋巴系统疾病	中心词
淋巴细胞增多症	中心词
淋巴细胞性巨球蛋白血症	中心词
淋巴细胞性疾病	中心词
淋巴细胞性白血病	中心词
淋巴细胞性肿瘤	中心词
淋巴结核	中心词
淋巴结炎	中心词
淋巴结疾病	中心词
淋巴结肿大	中心词
淋巴结肿物	中心词
淋巴结转移瘤	中心词
淋巴肉瘤	中心词
淋球菌感染	中心词
淋病	中心词
混合痔	中心词
清宫	中心词
清理呼吸道无效	中心词
游走肾	中心词
游走脾	中心词
溃疡	中心词
溃疡性结肠炎	中心词
溶血性坏疽	中心词
溶血性贫血	中心词
溶血性黄疸	中心词
溶血病	中心词
滋养细胞恶性肿瘤	中心词
滋养细胞肿物	中心词
滑膜炎	中心词
滑车神经疾病	中心词
滴虫病	中心词
灼性神经痛	中心词
炎性多神经疾病	中心词
炭疽杆菌感染	中心词
烟瘾	中心词
烟草成瘾	中心词
烟酸缺乏	中心词
烧伤	中心词
热射病	中心词
焦虑	中心词
焦虑症	中心词
牙出血	中心词
牙列异常	中心词
牙列牙弓异常	中心词
牙发育异常	中心词
牙吸收	中心词
牙周感染性疾病	中心词
牙周炎	中心词
牙周疾病	中心词
牙周脓肿	中心词
牙恶性肿瘤	中心词
牙折断	中心词
牙损伤	中心词
牙本质疾病	中心词
牙术后并发症	中心词
牙根尖感染性疾病	中心词
牙根疾病	中心词
牙槽突	中心词
牙畸形	中心词
牙疾病	中心词
牙痛	中心词
牙痛待查	中心词
牙石症	中心词
牙磨损	中心词
牙缺失	中心词
牙肿物	中心词
牙萌出异常	中心词
牙裂	中心词
牙釉质疾病	中心词
牙颜色异常	中心词
牙骨质疾病	中心词
牙髓炎	中心词
牙髓疾病	中心词
牙龈出血	中心词
牙龈恶性肿瘤	中心词
牙龈感染性疾病	中心词
牙龈溃疡	中心词
牙龈炎	中心词
牙龈牙槽疾病	中心词
牙龈肿物	中心词
牙龋病	中心词
牛海绵状脑病	中心词
牛皮癣	中心词
物质中毒	中心词
牵拉伤	中心词
特应性皮炎	中心词
狂犬病	中心词
狂犬病毒感染	中心词
狭窄性疾病	中心词
狼疮	中心词
猝死	中心词
猩红热	中心词
玉蜀黍疹	中心词
环境因素疾病	中心词
环形痔	中心词
玻璃体变性疾病	中心词
玻璃体浑浊	中心词
玻璃体混浊	中心词
玻璃体疝	中心词
玻璃体疾病	中心词
玻璃体脱出	中心词
珠蛋白生成障碍性贫血	中心词
球麻痹	中心词
瓣膜疾病	中心词
生殖器疱疹	中心词
生殖器疱疹病毒感染	中心词
生殖系统损伤	中心词
生殖系统畸形	中心词
生殖系统疾病	中心词
生殖系统真菌感染	中心词
生殖系统结核	中心词
生殖系统肿物	中心词
生殖细胞瘤	中心词
生物电节律	中心词
生物类中毒	中心词
生物素缺乏性疾病	中心词
生理心理病理状态	中心词
生长激素缺乏性侏儒症	中心词
甲下出血	中心词
甲下淤血	中心词
甲亢	中心词
甲低	中心词
甲减	中心词
甲床炎	中心词
甲旁亢	中心词
甲沟炎	中心词
甲状旁腺功能减退	中心词
甲状旁腺功能减退症	中心词
甲状旁腺恶性肿瘤	中心词
甲状旁腺机能亢进	中心词
甲状旁腺机能亢进症	中心词
甲状旁腺疾病	中心词
甲状旁腺癌	中心词
甲状旁腺肿物	中心词
甲状腺功能减退	中心词
甲状腺功能减退性疾病	中心词
甲状腺功能减退症	中心词
甲状腺增生肿大	中心词
甲状腺恶性肿瘤	中心词
甲状腺感染性疾病	中心词
甲状腺机能亢进	中心词
甲状腺激素	中心词
甲状腺炎	中心词
甲状腺疾病	中心词
甲状腺病	中心词
甲状腺瘤	中心词
甲状腺癌	中心词
甲状腺肿	中心词
甲状腺肿物	中心词
甲状舌管囊肿	中心词
甲癣	中心词
电光性眼炎	中心词
男性不孕	中心词
男性外阴恶性肿瘤	中心词
男性外阴感染性疾病	中心词
男性外阴疾病	中心词
男性外阴肿物	中心词
男性尿道裂	中心词
男性生殖系统恶性肿瘤	中心词
男性生殖系统疾病	中心词
男性生殖系统肿物	中心词
畸胎瘤	中心词
疖	中心词
疝	中心词
疝囊颈与腹壁下动脉的关系	中心词
疟原虫感染性疟疾	中心词
疟疾	中心词
疣	中心词
疥疮	中心词
疫苗接种反应	中心词
疯牛病	中心词
疱疹病毒感染	中心词
疼痛待查	中心词
疾患	中心词
病态窦房结综合征	中心词
病毒	中心词
病毒性咽炎	中心词
病毒性感染	中心词
病毒性手足口病	中心词
病毒性支气管肺炎	中心词
病毒性肝炎	中心词
病毒性肺炎	中心词
病毒性脊髓灰质炎	中心词
病毒性脑炎	中心词
病毒感染	中心词
病窦	中心词
痈	中心词
痉挛	中心词
痉挛症	中心词
痔	中心词
痔疮	中心词
痛经	中心词
痛风	中心词
痛风症	中心词
痢疾	中心词
痣	中心词
痤疮	中心词
痱子	中心词
痴呆	中心词
瘤	中心词
瘫痪	中心词
癌	中心词
癔症	中心词
癞皮病	中心词
癣菌疹	中心词
癫痫	中心词
登革热	中心词
登革病毒感染	中心词
白内障	中心词
白化病	中心词
白喉	中心词
白喉杆菌感染	中心词
白斑	中心词
白癜风	中心词
白癣	中心词
白细胞减少性疾病	中心词
白细胞增多性疾病	中心词
白血病	中心词
百日咳	中心词
皮下气肿	中心词
皮下积液	中心词
皮炎	中心词
皮肌炎	中心词
皮肤丹毒	中心词
皮肤出血瘀斑	中心词
皮肤增生硬化性疾病	中心词
皮肤大疱病	中心词
皮肤天疱疮	中心词
皮肤干燥性疾病	中心词
皮肤恶性肿瘤	中心词
皮肤感染性疾病	中心词
皮肤感觉异常	中心词
皮肤扁平苔藓	中心词
皮肤松弛	中心词
皮肤松弛症	中心词
皮肤松解性疾病	中心词
皮肤水泡	中心词
皮肤湿疹	中心词
皮肤溃疡	中心词
皮肤特异性异常	中心词
皮肤疣病毒感染	中心词
皮肤疹	中心词
皮肤疾病	中心词
皮肤症状	中心词
皮肤痣	中心词
皮肤瘙痒性疾病	中心词
皮肤瘙痒症	中心词
皮肤瘢痕	中心词
皮肤皲裂	中心词
皮肤真菌感染	中心词
皮肤类天疱疮	中心词
皮肤类银屑病	中心词
皮肤粟粒疹	中心词
皮肤糠疹	中心词
皮肤紫癜性疾病	中心词
皮肤红斑	中心词
皮肤细菌感染性疾病	中心词
皮肤结核	中心词
皮肤肿物	中心词
皮肤脓疱病	中心词
皮肤脓肿	中心词
皮肤色素减少性疾病	中心词
皮肤色素沉着性疾病	中心词
皮肤荨麻疹	中心词
皮肤药疹	中心词
皮肤萎缩性疾病	中心词
皮肤螨虫感染	中心词
皮肤血管炎	中心词
皮肤褥疮	中心词
皮肤角化	中心词
皮肤角化病	中心词
皮肤辐射损伤性疾病	中心词
皮肤银屑病	中心词
皮肤附属器疾病	中心词
皮肤鱼鳞癣	中心词
皮肤黑变	中心词
皮肤黑变病	中心词
皮脂腺痤疮	中心词
皮脂腺瘤	中心词
盆腔囊肿	中心词
盆腔感染性疾病	中心词
盆腔炎	中心词
盆腔积液	中心词
盆腔肿物	中心词
盐皮质激素	中心词
盘状红斑	中心词
盲肠炎	中心词
盲肠阑尾疾病	中心词
盲肠阑尾肿物	中心词
直疝	中心词
直肠损伤	中心词
直肠癌	中心词
眉缺损	中心词
眉脱落	中心词
真性球麻痹	中心词
真菌性肺炎	中心词
真菌感染	中心词
真菌感染性疾病	中心词
眩晕	中心词
眩晕待查	中心词
眼内肌调节异常	中心词
眼内部出血	中心词
眼出血	中心词
眼压升高性青光眼	中心词
眼外伤	中心词
眼外展	中心词
眼外展/滑车/动眼神经疾病	中心词
眼外展神经疾病	中心词
眼外肌肿物	中心词
眼外肌麻痹	中心词
眼外部出血	中心词
眼屈光不正	中心词
眼干燥性疾病	中心词
眼底出血	中心词
眼术后并发症	中心词
眼球壁外层疾病	中心词
眼球壁外层粘连	中心词
眼球缺失	中心词
眼球运动异常性疾病	中心词
眼球震颤	中心词
眼畸形	中心词
眼痛	中心词
眼痛待查	中心词
眼盲	中心词
眼眶畸形	中心词
眼眶疾病	中心词
眼眶痛	中心词
眼睑出血	中心词
眼睑囊肿	中心词
眼睑异物	中心词
眼睑感染性疾病	中心词
眼睑水肿	中心词
眼睑疖肿	中心词
眼睑疾病	中心词
眼睑皮肤松垂	中心词
眼睑皮肤病	中心词
眼睑肿物	中心词
眼睑蜂窝织炎	中心词
眼睑黑变病	中心词
眼神经疾病	中心词
眼结核	中心词
眼肌麻痹	中心词
眼肿物	中心词
眼血管栓塞	中心词
眼部外伤	中心词
眼部异物	中心词
眼部恶性肿瘤	中心词
眼部感染性疾病	中心词
眼部烧伤	中心词
眼部疾病	中心词
眼部真菌感染	中心词
眼部细菌感染性疾病	中心词
眼部肿物	中心词
眼部血管疾病	中心词
眼金属沉着	中心词
眼金属沉着病	中心词
睑内翻	中心词
睑外翻	中心词
睑球粘连	中心词
睑畸形	中心词
睑皮炎	中心词
睑闭合不全	中心词
睡眠呼吸暂停综合征	中心词
睡眠障碍	中心词
睫毛疾病	中心词
睫状体炎	中心词
睫状体疾病	中心词
睾丸功能亢进	中心词
睾丸功能减退	中心词
睾丸功能减退症	中心词
睾丸发育不良	中心词
睾丸发育不良或萎缩	中心词
睾丸坏死	中心词
睾丸扭转	中心词
睾丸炎	中心词
睾丸畸形	中心词
睾丸肿物	中心词
睾丸萎缩	中心词
睾丸附睾恶性肿瘤	中心词
睾丸附睾感染性疾病	中心词
睾丸附睾扭转	中心词
睾丸附睾疾病	中心词
睾丸雄激素性疾病	中心词
瞳孔异位	中心词
瞳孔疾病	中心词
瞳孔闭锁	中心词
矽肺	中心词
破伤风	中心词
破伤风杆菌感染	中心词
硒缺乏	中心词
硒缺乏性疾病	中心词
硬皮病	中心词
碘缺乏性呆小症	中心词
碘缺乏相关性结节性甲状腺肿	中心词
碱中毒	中心词
磷代谢障碍性疾病	中心词
祖德克氏萎缩	中心词
神经传导	中心词
神经内分泌肿瘤	中心词
神经官能症	中心词
神经性皮炎	中心词
神经性肌强直	中心词
神经感觉	中心词
神经炎	中心词
神经病	中心词
神经症	中心词
神经痛	中心词
神经瘤	中心词
神经瘤病	中心词
神经系统变性疾病	中心词
神经系统特殊结构疾病	中心词
神经系统畸形	中心词
神经系统疾病	中心词
神经系统脂代谢障碍性疾病	中心词
神经细胞瘤	中心词
神经节瘤	中心词
神经衰弱	中心词
神经调节	中心词
神经运动	中心词
神经麻痹	中心词
秃发	中心词
积脂血症	中心词
移植排斥反应	中心词
空洞症	中心词
突变	中心词
窒息	中心词
窦性心律失常	中心词
窦房结性心律失常	中心词
立克次体感染	中心词
立克次体感染斑疹伤寒	中心词
童年情绪障碍	中心词
童年社会功能障碍	中心词
第五病	中心词
筋膜炎	中心词
管内癌	中心词
管状腺瘤	中心词
类天疱疮	中心词
类白血病反应	中心词
类风湿关节炎	中心词
类风湿性关节炎	中心词
类风湿性疾病	中心词
粉尘沉积性肺疾病	中心词
粒细胞性疾病	中心词
粒细胞性白血病	中心词
粒细胞缺乏	中心词
粒细胞缺乏症	中心词
粘多糖代谢障碍性疾病	中心词
粘连	中心词
精囊炎	中心词
精子淤积症	中心词
精神分裂症	中心词
精神和中心词	中心词
精神官能症	中心词
精神性疾病	中心词
精神智力发育迟滞	中心词
精神病	中心词
精神神经症	中心词
精神类药物滥用及成瘾	中心词
精索与疝囊的关系	中心词
精索狭窄	中心词
精索血肿	中心词
精索静脉曲张	中心词
糖代谢	中心词
糖代谢异常性糖尿病	中心词
糖代谢障碍性疾病	中心词
糖原代谢障碍性疾病	中心词
糖尿病	中心词
糖尿病足	中心词
糖皮质激素	中心词
糖耐量受损	中心词
糖耐量异常	中心词
糖蛋白代谢障碍性疾病	中心词
糙皮病	中心词
糜烂	中心词
系统受累	中心词
系统性硬化	中心词
系统性硬化症	中心词
紊乱	中心词
紫癜	中心词
紫癜性疾病	中心词
红斑狼疮	中心词
红斑狼疮性疾病	中心词
红白血病	中心词
红皮病	中心词
红细胞增多症	中心词
红细胞异常性疾病	中心词
红细胞性白血病	中心词
红色盲	中心词
纤维化	中心词
纤维性骨炎	中心词
纤维瘤	中心词
纤维瘤病	中心词
纤维织炎	中心词
纤维腺瘤	中心词
纯红再障	中心词
纯红细胞性再生障碍性贫血	中心词
纵隔出血	中心词
纵隔囊肿	中心词
纵隔感染性疾病	中心词
纵隔气肿	中心词
纵隔疾病	中心词
纵隔肿物	中心词
组织严重破坏	中心词
组织异位	中心词
组织片性破坏	中心词
组织线性破坏	中心词
组织细胞性疾病	中心词
组织细胞肉瘤	中心词
细粒棘球蚴感染	中心词
细胞增殖	中心词
细胞性疾病	中心词
细胞癌	中心词
细胞结构	中心词
细菌性关节炎	中心词
细菌性支气管肺炎	中心词
细菌性泪器感染	中心词
细菌性肺炎	中心词
细菌性脑膜炎	中心词
细菌感染	中心词
细菌感染性疾病	中心词
经前期紧张	中心词
绒毛膜上皮癌	中心词
绒癌	中心词
结核性脓胸	中心词
结核杆菌感染	中心词
结核病	中心词
结甲	中心词
结缔组织病	中心词
结肠恶性肿瘤	中心词
结肠扩张	中心词
结肠损伤	中心词
结肠炎	中心词
结肠疾病	中心词
结肠癌	中心词
结肠肝曲癌	中心词
结肠肿物	中心词
结肠阿米巴病	中心词
结膜充血	中心词
结膜变性疾病	中心词
结膜感染性疾病	中心词
结膜松驰	中心词
结膜水肿	中心词
结膜溃疡	中心词
结膜炎	中心词
结膜畸形	中心词
结膜疾病	中心词
结膜翼状胬肉	中心词
结膜肿物	中心词
结膜血管疾病	中心词
结膜角膜沙眼衣原体感染	中心词
结节病	中心词
绝经	中心词
绝育	中心词
绦虫感染	中心词
绦虫病	中心词
继发性精神异常	中心词
继发性精神障碍	中心词
继发性糖尿病	中心词
维生素A缺乏性疾病	中心词
维生素A过多性疾病	中心词
维生素B12缺乏	中心词
维生素B12缺乏性疾病	中心词
维生素B1缺乏性疾病	中心词
维生素B2缺乏性疾病	中心词
维生素B5缺乏性疾病	中心词
维生素B6缺乏	中心词
维生素B6缺乏性疾病	中心词
维生素C缺乏性疾病	中心词
维生素D缺乏性骨疾病	中心词
维生素D过多性疾病	中心词
维生素D过多性骨疾病	中心词
维生素E缺乏性疾病	中心词
维生素K缺乏性凝血异常疾病	中心词
维生素K缺乏性疾病	中心词
维生素PP缺乏性疾病	中心词
维生素代谢	中心词
维生素代谢异常性疾病	中心词
绿色盲	中心词
缺乏性贫血	中心词
缺氧性脑病	中心词
缺血	中心词
缺血性心脏病	中心词
缺血性疾病	中心词
缺铁性贫血	中心词
网球肘	中心词
羊水栓塞	中心词
羊水疾病	中心词
羊水过多	中心词
羊水过少	中心词
羊癫风	中心词
羊膜腔感染性疾病	中心词
羊膜腔疾病	中心词
羊角风	中心词
美尼尔病	中心词
羟化酶缺陷	中心词
羟化酶缺陷性肾上腺功能异常	中心词
羟化酶缺陷症	中心词
翼状胬肉	中心词
老年性痴呆	中心词
老年性痴呆症	中心词
耳后乳突感染性疾病	中心词
耳外伤	中心词
耳异物	中心词
耳恶性肿瘤	中心词
耳畸形	中心词
耳痛	中心词
耳痛待查	中心词
耳聋	中心词
耳肿物	中心词
耳部外伤	中心词
耳部异物	中心词
耳部疾病	中心词
耳部真菌感染	中心词
耳鸣	中心词
耳鸣待查	中心词
聋	中心词
肉瘤	中心词
肉芽肿	中心词
肋软骨炎	中心词
肋间神经炎	中心词
肋间神经疾病	中心词
肋间神经痛	中心词
肋骨畸形	中心词
肋骨肿物	中心词
肋骨骨折	中心词
肌张力障碍性疾病	中心词
肌强直症	中心词
肌挛缩	中心词
肌无力危象	中心词
肌无力性疾病	中心词
肌炎症	中心词
肌痛	中心词
肌瘤	中心词
肌肉劳损	中心词
肌肉坏死性疾病	中心词
肌肉疼痛	中心词
肌肉疾病	中心词
肌肉痉挛	中心词
肌肉肌腱肿物	中心词
肌肉麻痹	中心词
肌腱疾病	中心词
肌萎缩	中心词
肌萎缩侧索硬化	中心词
肌萎缩侧索硬化症	中心词
肌萎缩症	中心词
肌营养不良	中心词
肌营养不良症	中心词
肌间隙综合征	中心词
肌震颤性疾病	中心词
肌麻痹	中心词
肘关节囊肿	中心词
肘关节畸形	中心词
肘关节疾病	中心词
肘关节脱位	中心词
肘内翻	中心词
肘外翻	中心词
肘管综合征	中心词
肘肌腱端病	中心词
肛周感染	中心词
肛周感染性疾病	中心词
肛瘘	中心词
肛裂	中心词
肛门损伤	中心词
肛门痉挛	中心词
肛门直肠出血	中心词
肛门直肠异物	中心词
肛门直肠恶性肿瘤	中心词
肛门直肠溃疡	中心词
肛门直肠狭窄闭锁	中心词
肛门直肠疾病	中心词
肛门直肠痔	中心词
肛门直肠瘘	中心词
肛门直肠癌	中心词
肛门直肠肿物	中心词
肛门直肠脱垂	中心词
肝内外胆官扩张性疾病	中心词
肝内外胆管狭窄性疾病	中心词
肝内外胆管结石	中心词
肝出血	中心词
肝功能	中心词
肝功能不全	中心词
肝功能损伤	中心词
肝吸虫感染	中心词
肝吸虫病	中心词
肝囊肿	中心词
肝坏死	中心词
肝外胆管恶性肿瘤	中心词
肝外胆管癌	中心词
肝外胆管肿物	中心词
肝恶性肿瘤	中心词
肝感染性病变	中心词
肝损伤	中心词
肝炎	中心词
肝炎病毒性肝炎	中心词
肝疾病	中心词
肝癌	中心词
肝破裂	中心词
肝硬化	中心词
肝细胞癌	中心词
肝肿物	中心词
肝脏功能衰竭	中心词
肝血管疾病	中心词
肝血管瘤	中心词
肝血管瘤病	中心词
肝血肿	中心词
肝衰	中心词
肝衰竭	中心词
肝阿米巴病	中心词
肝阿米巴脓肿	中心词
肝静脉瘤	中心词
肠Crohn病	中心词
肠克罗恩病	中心词
肠克隆氏病	中心词
肠出血	中心词
肠吸收障碍性疾病	中心词
肠坏死	中心词
肠扩张	中心词
肠梗阻	中心词
肠炎	中心词
肠瘘	中心词
肠破裂	中心词
肠破裂穿孔	中心词
肠穿孔	中心词
肠粘连	中心词
肠系膜上动脉瘤	中心词
肠系膜上静脉瘤	中心词
肠系膜疾病	中心词
肠系膜肿物	中心词
肠绞窄	中心词
肠缺血	中心词
肠缺血性疾病	中心词
肠胃炎	中心词
肠运动异常	中心词
肠道原虫病	中心词
肠道感染性疾病	中心词
肠道憩室	中心词
肠道狭窄性疾病	中心词
肠道畸形	中心词
肠道疾病	中心词
肠道痢疾	中心词
肠道糖吸收不良性疾病	中心词
肠道肿物	中心词
肠道菌群失调	中心词
肠道蛲虫感染	中心词
肠闭锁	中心词
股外侧皮神经炎	中心词
股神经疾病	中心词
股藓	中心词
股骨坏死	中心词
股骨头坏死	中心词
股骨疾病	中心词
股骨骨折	中心词
肢体畸形	中心词
肢体疾病	中心词
肢体缺失	中心词
肢体躯干动静脉瘘	中心词
肢端肥大症	中心词
肥胖症	中心词
肩关节疾病	中心词
肩关节脱位	中心词
肩周炎	中心词
肩手综合征	中心词
肩胛骨骨折	中心词
肩部畸形	中心词
肩部肿物	中心词
肱骨内上髁炎	中心词
肱骨外上髁炎	中心词
肱骨疾病	中心词
肱骨骨折	中心词
肺不张	中心词
肺出血	中心词
肺功能不全	中心词
肺动脉栓塞	中心词
肺动脉瓣关闭不全	中心词
肺动脉瓣狭窄	中心词
肺动脉瓣狭窄梗阻	中心词
肺动脉瓣疾病	中心词
肺动脉病变	中心词
肺动脉血栓形成	中心词
肺动脉高压	中心词
肺及支气管恶性肿瘤	中心词
肺及支气管结核	中心词
肺吸虫感染	中心词
肺吸虫病	中心词
肺坏疽	中心词
肺外气管异物	中心词
肺外气管感染性疾病	中心词
肺外气管损伤	中心词
肺外气管狭窄梗阻	中心词
肺外气管疾病	中心词
肺外气管肿物	中心词
肺大泡	中心词
肺大疱	中心词
肺心病	中心词
肺性脑病	中心词
肺恶性肿瘤	中心词
肺损伤	中心词
肺栓塞	中心词
肺梗塞	中心词
肺气肿	中心词
肺水肿	中心词
肺泡性疾病	中心词
肺源性心脏病	中心词
肺炎	中心词
肺畸形	中心词
肺疾病	中心词
肺癌	中心词
肺百日咳杆菌感染	中心词
肺真菌感染	中心词
肺纤维化	中心词
肺结核	中心词
肺脓肿	中心词
肺脓肿坏死	中心词
肺血栓栓塞	中心词
肺血栓栓塞症	中心词
肺血管疾病	中心词
肺血肿	中心词
肺间质性疾病	中心词
肺阿米巴病	中心词
肺阿米巴脓肿	中心词
肺静脉疾病	中心词
肾上腺内分泌异常性疾病	中心词
肾上腺出血	中心词
肾上腺功能异常	中心词
肾上腺增生	中心词
肾上腺恶性肿瘤	中心词
肾上腺感染性疾病	中心词
肾上腺疾病	中心词
肾上腺瘤	中心词
肾上腺皮质功能减退症	中心词
肾上腺皮质性疾病	中心词
肾上腺皮质醇增多症	中心词
肾上腺素	中心词
肾上腺肿物	中心词
肾上腺醛固酮增多症	中心词
肾下垂	中心词
肾出血	中心词
肾功能不全	中心词
肾功能损伤	中心词
肾功能衰竭	中心词
肾动脉疾病	中心词
肾周积液	中心词
肾囊肿	中心词
肾坏死	中心词
肾小球硬化	中心词
肾小球硬化症	中心词
肾小球肾炎	中心词
肾小管性疾病	中心词
肾小管酸中毒	中心词
肾小管间质肾炎	中心词
肾异位	中心词
肾性尿崩症	中心词
肾性贫血	中心词
肾性骨病	中心词
肾恶性肿瘤	中心词
肾感染性疾病	中心词
肾损伤	中心词
肾梗塞	中心词
肾泌尿功能衰竭	中心词
肾炎	中心词
肾畸形	中心词
肾疾病	中心词
肾病	中心词
肾病综合征	中心词
肾癌	中心词
肾盂扩张	中心词
肾盂癌	中心词
肾盂积水	中心词
肾盂肾炎	中心词
肾盏症	中心词
肾破裂	中心词
肾积水	中心词
肾结石	中心词
肾绞痛	中心词
肾绞痛待查	中心词
肾综合征出血热	中心词
肾肿物	中心词
肾脏病	中心词
肾脓肿	中心词
肾血管疾病	中心词
肾衰	中心词
胃下垂	中心词
胃出血	中心词
胃动力异常	中心词
胃恶性肿瘤	中心词
胃憩室	中心词
胃扩张	中心词
胃扭转	中心词
胃损伤	中心词
胃排空障碍	中心词
胃泌素分泌过多	中心词
胃溃疡	中心词
胃潴留	中心词
胃炎	中心词
胃狭窄性疾病	中心词
胃痛	中心词
胃痛待查	中心词
胃瘘	中心词
胃癌	中心词
胃破裂	中心词
胃穿孔	中心词
胃结石	中心词
胃肠炎	中心词
胃肠道倾倒综合征	中心词
胃肿物	中心词
胃运动异常	中心词
胃酸分泌异常	中心词
胆囊周围脓肿	中心词
胆囊息肉	中心词
胆囊恶性肿瘤	中心词
胆囊感染性疾病	中心词
胆囊炎	中心词
胆囊疾病	中心词
胆囊癌	中心词
胆囊结石	中心词
胆囊肿物	中心词
胆囊胆管瘘	中心词
胆囊脓肿	中心词
胆固醇代谢	中心词
胆石症	中心词
胆碱能危象	中心词
胆管感染性疾病	中心词
胆管扩张	中心词
胆管炎	中心词
胆管狭窄	中心词
胆管结石	中心词
胆红素代谢障碍性疾病	中心词
胆绞痛	中心词
胆绞痛待查	中心词
胆道疾病	中心词
胎位异常	中心词
胎儿产伤	中心词
胎儿先兆流产	中心词
胎儿发育不良	中心词
胎儿宫内窘迫	中心词
胎儿异常	中心词
胎儿早产	中心词
胎儿正常分娩	中心词
胎儿死亡	中心词
胎儿流产	中心词
胎儿畸形	中心词
胎儿相关	中心词
胎儿过期妊娠	中心词
胎儿难产	中心词
胎盆不称	中心词
胎盘前置	中心词
胎盘早剥	中心词
胎盘畸形	中心词
胎盘疾病	中心词
胎盘脐带血流异常	中心词
胎膜早破	中心词
胚胎癌	中心词
胫神经疾病	中心词
胫骨疾病	中心词
胫骨脱位	中心词
胫骨骨折	中心词
胰岛内分泌异常性糖尿病	中心词
胰岛素分泌过多	中心词
胰岛素抵抗	中心词
胰岛细胞增生	中心词
胰岛细胞增生症	中心词
胰岛细胞恶性肿瘤	中心词
胰岛细胞癌	中心词
胰岛细胞肿物	中心词
胰管疾病	中心词
胰腺内分泌异常性疾病	中心词
胰腺囊肿	中心词
胰腺恶性肿瘤	中心词
胰腺损伤	中心词
胰腺炎	中心词
胰腺疾病	中心词
胰腺癌	中心词
胰腺肿物	中心词
胰高血糖素	中心词
胰高血糖素分泌过多	中心词
胰高血糖素瘤	中心词
胸壁及胸部肿物	中心词
胸壁畸形	中心词
胸壁肿物	中心词
胸导管疾病	中心词
胸廓出口综合征	中心词
胸廓及肋骨畸形	中心词
胸廓及胸部损伤	中心词
胸廓畸形	中心词
胸椎疾病	中心词
胸椎脱位	中心词
胸椎骨折	中心词
胸痛	中心词
胸痛待查	中心词
胸腔出血	中心词
胸腔感染性疾病	中心词
胸腔积液	中心词
胸腺增生	中心词
胸腺恶性肿瘤	中心词
胸腺疾病	中心词
胸腺癌	中心词
胸腺肿物	中心词
胸膜炎	中心词
胸膜疾病	中心词
胸膜结核	中心词
胸膜结核瘤	中心词
胸膜肿物	中心词
胸部主动脉疾病	中心词
胸部听诊异常	中心词
胸部损伤	中心词
胸部疾病	中心词
胸部肿物	中心词
胼胝	中心词
脂代谢障碍性疾病	中心词
脂溢性皮炎	中心词
脂类相关疾病	中心词
脂类营养缺乏性疾病	中心词
脂肪变性	中心词
脂肪增多症	中心词
脂肪疾病	中心词
脂肪瘤	中心词
脂肪缺乏性疾病	中心词
脂肪肝	中心词
脂肪过多性疾病	中心词
脂肪酸	中心词
脂肪酸代谢障碍性疾病	中心词
脂膜炎	中心词
脂蛋白代谢障碍性疾病	中心词
脉络膜变性疾病	中心词
脉络膜炎	中心词
脉络膜疾病	中心词
脉络膜脱离	中心词
脉络膜营养不良	中心词
脉络膜视网膜炎	中心词
脉络膜视网膜疾病	中心词
脊柱侧突	中心词
脊柱前突	中心词
脊柱后突	中心词
脊柱损伤	中心词
脊柱曲度异常	中心词
脊柱炎	中心词
脊柱畸形	中心词
脊柱疾病	中心词
脊柱肿物	中心词
脊柱裂	中心词
脊椎滑脱	中心词
脊神经根损伤	中心词
脊神肿物	中心词
脊膜疾病	中心词
脊膜瘤	中心词
脊膜膨出	中心词
脊髓半切综合征	中心词
脊髓压迫症	中心词
脊髓受压	中心词
脊髓性截瘫	中心词
脊髓感染性疾病	中心词
脊髓损伤	中心词
脊髓灰质炎	中心词
脊髓炎	中心词
脊髓疾病	中心词
脊髓病	中心词
脊髓空洞症	中心词
脊髓缺血性疾病	中心词
脊髓肿物	中心词
脊髓血管疾病	中心词
脏器扭转	中心词
脏器游走	中心词
脐带异常	中心词
脐带绕颈	中心词
脐带过长	中心词
脐疝	中心词
脐部疾病	中心词
脑供血不足	中心词
脑内出血	中心词
脑出血	中心词
脑动脉夹层	中心词
脑动脉瘤	中心词
脑动静脉瘘	中心词
脑卒中	中心词
脑变性	中心词
脑囊肿	中心词
脑外伤	中心词
脑室感染性疾病	中心词
脑室梗阻性疾病	中心词
脑室积水	中心词
脑室粘连	中心词
脑室肿物	中心词
脑干疾病	中心词
脑性瘫痪	中心词
脑感染性疾病	中心词
脑梗	中心词
脑梗塞	中心词
脑梗死	中心词
脑死亡	中心词
脑水肿	中心词
脑炎	中心词
脑畸形	中心词
脑疝	中心词
脑病	中心词
脑瘫	中心词
脑白质疾病	中心词
脑神经疾病	中心词
脑积水	中心词
脑缺血	中心词
脑肿物	中心词
脑肿瘤	中心词
脑脊液漏	中心词
脑脓肿	中心词
脑腔扩张性疾病	中心词
脑膜恶性肿瘤	中心词
脑膜感染性疾病	中心词
脑膜炎	中心词
脑膜瘤	中心词
脑膜癌	中心词
脑膜粘连	中心词
脑膜肿物	中心词
脑膜腔积水	中心词
脑膜膨出	中心词
脑萎缩	中心词
脑萎缩变性	中心词
脑血栓	中心词
脑血管栓塞	中心词
脑血管疾病	中心词
脑血管瘤	中心词
脑部囊肿	中心词
脑部恶性肿瘤	中心词
脑部疾病	中心词
脑阿米巴病	中心词
脑阿米巴脓肿	中心词
脑震荡	中心词
脓毒症	中心词
脓疱疮	中心词
脓癣	中心词
脓皮病	中心词
脓胸	中心词
脚气病	中心词
脱发	中心词
脱水	中心词
脱水黄癣	中心词
脾亢	中心词
脾功能亢进	中心词
脾功能亢进症	中心词
脾动脉瘤	中心词
脾囊肿	中心词
脾大	中心词
脾感染性疾病	中心词
脾扭转	中心词
脾损伤	中心词
脾疾病	中心词
脾破裂	中心词
脾缺失	中心词
脾肿大	中心词
脾肿物	中心词
脾血管疾病	中心词
脾血管病变	中心词
腋臭	中心词
腋臭症	中心词
腓神经疾病	中心词
腓骨疾病	中心词
腓骨骨折	中心词
腔静脉狭窄梗阻栓塞	中心词
腔静脉畸形	中心词
腔静脉疾病	中心词
腔静脉瘤	中心词
腔静脉肿物	中心词
腕关节畸形	中心词
腕关节脱位	中心词
腕管综合征	中心词
腕背隆突综合征	中心词
腕部卡压性疾病	中心词
腕部神经损伤	中心词
腕部肌肉损伤	中心词
腕部肿物	中心词
腕部腱鞘炎	中心词
腕部血管损伤	中心词
腕部骨折	中心词
腕部骨疾病	中心词
腭垂疾病	中心词
腭裂	中心词
腭部疾病	中心词
腮腺炎	中心词
腰大肌脓肿	中心词
腰椎疾病	中心词
腰椎脱位	中心词
腰椎间盘突出	中心词
腰椎间盘突出症	中心词
腰椎骨折	中心词
腰部损伤	中心词
腰骶丛神经疾病	中心词
腰骶神经损伤	中心词
腱鞘炎	中心词
腱鞘疾病	中心词
腱鞘病	中心词
腱鞘瘤	中心词
腹主动脉疾病	中心词
腹壁疝	中心词
腹壁疾病	中心词
腹壁肿物	中心词
腹水	中心词
腹泻	中心词
腹泻待查	中心词
腹泻病	中心词
腹痛	中心词
腹痛待查	中心词
腹股沟疝	中心词
腹腔出血	中心词
腹腔动脉病变	中心词
腹腔感染性疾病	中心词
腹腔疾病	中心词
腹腔盆腔积液	中心词
腹腔积液	中心词
腹腔粘连	中心词
腹腔血肿	中心词
腹膜后纤维化	中心词
腹膜炎	中心词
腹膜肿物	中心词
腹部出血损伤	中心词
腹部动脉疾病	中心词
腹部听诊异常	中心词
腹部损伤	中心词
腹部疾病	中心词
腹部肿物	中心词
腹部血管疾病	中心词
腺样体肥大	中心词
腺瘤	中心词
腺癌	中心词
腺肌症	中心词
膀胱乳头状瘤	中心词
膀胱出血	中心词
膀胱功能障碍	中心词
膀胱息肉	中心词
膀胱恶性肿瘤	中心词
膀胱感染性疾病	中心词
膀胱扩张	中心词
膀胱损伤	中心词
膀胱梗阻	中心词
膀胱梗阻性疾病	中心词
膀胱炎	中心词
膀胱炎症	中心词
膀胱狭窄	中心词
膀胱畸形	中心词
膀胱疾病	中心词
膀胱瘘	中心词
膀胱癌	中心词
膀胱破裂	中心词
膀胱结石	中心词
膀胱肿物	中心词
膀胱膨出	中心词
膈损伤	中心词
膈畸形	中心词
膈疝	中心词
膈疾病	中心词
膈破裂	中心词
膈神经疾病	中心词
膈粘连	中心词
膈肌麻痹	中心词
膈肿物	中心词
膈膨升	中心词
膝关节滑膜疾病	中心词
膝关节畸形	中心词
膝关节疾病	中心词
膝关节肿物	中心词
膝关节脱位	中心词
膝内翻	中心词
膝十字韧带损伤	中心词
膝半月板疾病	中心词
膝外翻	中心词
膝滑囊炎	中心词
膝滑膜炎	中心词
膝韧带疾病	中心词
膝骨关节病	中心词
膨出	中心词
臀上皮神经卡压	中心词
臀上皮神经炎	中心词
臀部损伤	中心词
臂丛神经卡压	中心词
臂丛神经疾病	中心词
自杀	中心词
自杀及自杀倾向	中心词
自身免疫	中心词
自身免疫病	中心词
自闭症	中心词
致幻剂类药物滥用	中心词
舌下神经疾病	中心词
舌咽神经疾病	中心词
舌外伤	中心词
舌恶性肿瘤	中心词
舌溃疡	中心词
舌畸形	中心词
舌疾病	中心词
舌痛	中心词
舌痛待查	中心词
舌痛症	中心词
舌癌	中心词
舌粘膜疾病	中心词
舌肿物	中心词
舌苔异常	中心词
舌运动异常	中心词
舌骨相关疾病	中心词
良性肿瘤	中心词
色盲	中心词
色素膜炎	中心词
色素膜疾病	中心词
色素膜肿物	中心词
艾森曼格综合征	中心词
艾滋病	中心词
花斑癣	中心词
苔藓样皮炎	中心词
苯丙氨酸代谢障碍性疾病	中心词
苯丙酮尿症	中心词
荨麻疹	中心词
药物不良反应	中心词
药物中毒	中心词
药物性肝炎	中心词
药物性肾炎	中心词
药疹	中心词
获得性免疫缺陷综合征	中心词
获得性风疹	中心词
菌痢	中心词
菌血症	中心词
萎缩症	中心词
营养不良	中心词
营养不良病	中心词
营养不良症	中心词
营养分解	中心词
营养吸收	中心词
营养素缺乏性疾病	中心词
营养过剩	中心词
营养过度性疾病	中心词
葡萄胎	中心词
葡萄膜炎	中心词
葡萄膜疾病	中心词
葡萄膜肿物	中心词
虐待	中心词
虫牙	中心词
虱病	中心词
虹膜炎	中心词
虹膜疾病	中心词
虹膜睫状体变性疾病	中心词
虹膜睫状体囊肿	中心词
虹膜睫状体血管生成	中心词
虹膜粘连	中心词
虹膜红变	中心词
虹膜红变症	中心词
虹膜缺损	中心词
虹膜萎缩	中心词
蛀牙	中心词
蛋白代谢异常性疾病	中心词
蛋白尿	中心词
蛋白尿期	中心词
蛋白样淀粉样变性	中心词
蛋白病	中心词
蛋白缺乏性疾病	中心词
蛋白质	中心词
蛋白质代谢	中心词
蛔虫感染	中心词
蛔虫病	中心词
蛛网膜粘连	中心词
蛲虫病	中心词
蜂窝织炎	中心词
蝇蛆感染	中心词
蝇蛆病	中心词
螺旋体感染	中心词
蠕虫感染	中心词
蠕虫病	中心词
血压异常待查	中心词
血友病	中心词
血吸虫感染	中心词
血吸虫病	中心词
血型不合	中心词
血容量不足	中心词
血小板	中心词
血小板减少性疾病	中心词
血小板增多性疾病	中心词
血小板增多症	中心词
血小板性疾病	中心词
血小板性白血病	中心词
血尿	中心词
血栓栓塞	中心词
血栓栓塞症	中心词
血浆渗透压	中心词
血液学疾病	中心词
血液检验异常	中心词
血清病	中心词
血管恶性肿瘤	中心词
血管术后并发症	中心词
血管栓塞	中心词
血管栓塞性疾病	中心词
血管活性物质	中心词
血管炎	中心词
血管特异性异常	中心词
血管疾病	中心词
血管瘤	中心词
血管肉瘤	中心词
血管肿物	中心词
血精	中心词
血精待查	中心词
血红蛋白性疾病	中心词
血红蛋白病	中心词
血红蛋白血症	中心词
血细胞异常	中心词
血肿	中心词
血胸	中心词
行为障碍	中心词
行走困难	中心词
衣原体感染	中心词
补体缺陷性疾病	中心词
被他人不当对待	中心词
裂头绦虫病	中心词
褥疮	中心词
视乳头水肿	中心词
视力障碍	中心词
视神经炎	中心词
视神经疾病	中心词
视神经肿物	中心词
视网膜变性	中心词
视网膜囊肿	中心词
视网膜撕裂	中心词
视网膜病	中心词
视网膜病变	中心词
视网膜肿物	中心词
视网膜脱离	中心词
视网膜营养障碍	中心词
视网膜血管疾病	中心词
视网膜裂孔	中心词
视网膜黄斑出血	中心词
视觉异常	中心词
角膜变性疾病	中心词
角膜感染性疾病	中心词
角膜感觉缺失	中心词
角膜水肿	中心词
角膜混浊	中心词
角膜溃疡	中心词
角膜炎	中心词
角膜畸形	中心词
角膜疾病	中心词
角膜穿孔	中心词
角膜结膜外伤	中心词
角膜结膜疾病	中心词
角膜肿物	中心词
角膜脓肿	中心词
角膜营养不良	中心词
角膜血管翳	中心词
角膜软化症	中心词
认知障碍	中心词
语言及学习障碍	中心词
谵妄	中心词
象皮肿	中心词
败血症	中心词
贫血	中心词
贫血待查	中心词
贲门失弛缓	中心词
贲门失弛缓症	中心词
贲门恶性肿瘤	中心词
贲门梗阻	中心词
贲门狭窄性疾病	中心词
贲门疾病	中心词
贲门痉挛	中心词
贲门癌	中心词
贲门肿物	中心词
贲门胃底静脉曲张	中心词
足关节畸形	中心词
足关节脱位	中心词
足内翻	中心词
足及踝关节损伤	中心词
足及踝关节脱位	中心词
足外翻	中心词
足恶性肿瘤	中心词
足损伤	中心词
足癣	中心词
足趾畸形	中心词
足部肌肉损伤	中心词
足部骨折	中心词
趾离断	中心词
跗管综合征	中心词
跗骨管综合征	中心词
跟腱疾病	中心词
踇内翻	中心词
踇外翻	中心词
踝关节损伤	中心词
踝关节畸形	中心词
踝关节脱位	中心词
踝滑囊炎	中心词
踝部肌肉损伤	中心词
踝部骨折	中心词
躁狂抑郁	中心词
身材矮小症	中心词
躯体感觉异常	中心词
躯体损伤	中心词
躯体疼痛	中心词
躯体疼痛待查	中心词
躯体疾病	中心词
躯体症状障碍	中心词
躯体痉挛	中心词
躯体肿物	中心词
躯体肿胀	中心词
躯体肿胀待查	中心词
躯体运动异常	中心词
转移性癌	中心词
转移性肿瘤	中心词
转移瘤	中心词
软下疳	中心词
软化症	中心词
软组织挫伤	中心词
软组织疾病	中心词
软腭裂	中心词
轻度非典型增生	中心词
载硫氨基酸代谢障碍性疾病	中心词
辐射性结膜角膜炎	中心词
输卵管出血	中心词
输卵管囊肿	中心词
输卵管增生	中心词
输卵管息肉	中心词
输卵管感染性疾病	中心词
输卵管憩室	中心词
输卵管扭转	中心词
输卵管损伤	中心词
输卵管梗阻	中心词
输卵管炎	中心词
输卵管狭窄性疾病	中心词
输卵管畸形	中心词
输卵管疾病	中心词
输卵管癌	中心词
输卵管积水	中心词
输卵管积液	中心词
输卵管粘连	中心词
输卵管肿物	中心词
输卵管脱垂	中心词
输尿管恶性肿瘤	中心词
输尿管感染性疾病	中心词
输尿管憩室	中心词
输尿管扩张	中心词
输尿管损伤	中心词
输尿管梗阻	中心词
输尿管梗阻性疾病	中心词
输尿管炎	中心词
输尿管狭窄	中心词
输尿管畸形	中心词
输尿管疝	中心词
输尿管疾病	中心词
输尿管瘘	中心词
输尿管癌	中心词
输尿管积水	中心词
输尿管结石	中心词
输尿管肿物	中心词
输尿管闭锁	中心词
输液过量	中心词
输精管炎	中心词
输精管狭窄	中心词
输精管精索	中心词
输精管精索恶性肿瘤	中心词
输精管精索感染性疾病	中心词
输精管精索狭窄性疾病	中心词
输精管精索疾病	中心词
输精管精索肿物	中心词
过度外展综合征	中心词
过敏	中心词
过敏性疾病	中心词
过敏病	中心词
过期妊娠	中心词
运动神经元病	中心词
运动系统术后并发症	中心词
运动系统疾病	中心词
运动系统结核	中心词
运动系统肿物	中心词
近视	中心词
进食障碍	中心词
远视	中心词
连续性肌纤维活动	中心词
迷走神经疾病	中心词
迷路炎	中心词
迷路疾病	中心词
退行性变	中心词
适应障碍	中心词
适应障碍性精神疾病	中心词
选择性缄默症	中心词
造血原料不足	中心词
造血原料利用障碍	中心词
造血微环境异常	中心词
造血系统恶性肿瘤	中心词
造血系统疾病	中心词
道尔顿症	中心词
遗传代谢病	中心词
遗传性周围神经病	中心词
遗传性大脑性舞蹈病	中心词
遗传性对称性色素异常症	中心词
遗传性溶血性贫血	中心词
遗传性疾病	中心词
遗传性肌肉疾病	中心词
酒渣鼻	中心词
酒瘾	中心词
酒精中毒	中心词
酒精肝	中心词
酪氨酸代谢障碍性疾病	中心词
酪氨酸代谢障碍性白化病	中心词
酮症	中心词
酮症酸中毒	中心词
酶代谢障碍性疾病	中心词
酸中毒	中心词
酸碱代谢	中心词
酸碱平衡失调	中心词
酸碱平衡紊乱	中心词
醛固酮增多症	中心词
醛固酮瘤	中心词
重度非典型增生	中心词
重症肌无力	中心词
重链病	中心词
金属中毒	中心词
钙代谢障碍	中心词
钙代谢障碍性疾病	中心词
钙化症	中心词
钝击伤	中心词
钩端螺旋体感染	中心词
钩端螺旋体病	中心词
钩虫感染	中心词
钩虫病	中心词
钴胺素缺乏	中心词
铁代谢障碍	中心词
铁代谢障碍性疾病	中心词
铜代谢障碍	中心词
铜代谢障碍性疾病	中心词
铜过量	中心词
银屑病	中心词
锁骨下动脉疾病	中心词
锁骨下动脉瘤	中心词
锁骨下静脉疾病	中心词
锁骨骨折	中心词
锌代谢障碍	中心词
锌代谢障碍性疾病	中心词
锐器伤	中心词
错合畸形	中心词
错构瘤	中心词
锥体外系疾病	中心词
锥虫病	中心词
镁代谢障碍	中心词
镁代谢障碍性疾病	中心词
镇静催眠	中心词
镇静药物滥用	中心词
镰状细胞性贫血	中心词
镰状血红蛋白性溶血性贫血	中心词
门脉高压	中心词
门脉高压症	中心词
门静脉疾病	中心词
门静脉高压	中心词
门静脉高压症	中心词
闭合伤	中心词
闭经	中心词
间歇热	中心词
间脑疾病	中心词
间质性肺炎	中心词
间质瘤	中心词
阑尾套叠	中心词
阑尾感染性疾病	中心词
阑尾损伤	中心词
阑尾炎	中心词
阑尾破裂	中心词
阑尾穿孔	中心词
阑尾脓肿	中心词
阳痿	中心词
阴囊炎	中心词
阴囊疾病	中心词
阴离子交换树脂	中心词
阴茎勃起障碍	中心词
阴茎包皮血肿	中心词
阴茎异常勃起	中心词
阴茎恶性肿瘤	中心词
阴茎水肿	中心词
阴茎溃疡	中心词
阴茎炎	中心词
阴茎畸形	中心词
阴茎疾病	中心词
阴茎瘘	中心词
阴茎癌	中心词
阴茎白斑	中心词
阴茎肿物	中心词
阴道出血	中心词
阴道囊肿	中心词
阴道感染性疾病	中心词
阴道损伤	中心词
阴道松弛	中心词
阴道松弛性疾病	中心词
阴道溃疡	中心词
阴道炎	中心词
阴道狭窄	中心词
阴道狭窄性疾病	中心词
阴道畸形	中心词
阴道疝	中心词
阴道疾病	中心词
阴道病	中心词
阴道瘘	中心词
阴道癌	中心词
阴道肿物	中心词
阴道脱垂	中心词
阴道膨出	中心词
阴道闭锁	中心词
阻生埋伏牙	中心词
阻生牙	中心词
阿尔茨海默病	中心词
阿片类药物滥用	中心词
阿狄森病	中心词
阿米巴病	中心词
阿米巴痢疾	中心词
附睾炎	中心词
附睾肿物	中心词
隐匿性癌	中心词
隐孢子虫病	中心词
隐睾	中心词
难产	中心词
雀斑	中心词
雌激素过多	中心词
雌激素过少	中心词
雪口病	中心词
雪盲	中心词
震颤病	中心词
震颤麻痹	中心词
霍乱	中心词
霍奇金淋巴瘤	中心词
霍纳综合征	中心词
霰粒肿	中心词
青光眼	中心词
青光眼期	中心词
静脉曲张	中心词
非去极化	中心词
非感染性发热	中心词
非感染性肠炎	中心词
非蠕虫类感染	中心词
面神经功能障碍	中心词
面神经炎	中心词
面神经疾病	中心词
面神经麻痹	中心词
面部肌肉抽搐痉挛	中心词
鞘膜疾病	中心词
鞘膜瘤	中心词
鞘膜积液	中心词
预激综合征	中心词
颅内压增高待查	中心词
颅内感染性疾病	中心词
颅内疾病	中心词
颅内肿物	中心词
颅内静脉窦感染性疾病	中心词
颅内静脉窦血栓形成	中心词
颅压高	中心词
颅咽管瘤	中心词
颅底畸形	中心词
颅神经疾病	中心词
颅脑损伤	中心词
颅骨恶性肿瘤	中心词
颅骨畸形	中心词
颅骨疾病	中心词
颅骨肿物	中心词
颅骨骨折	中心词
颅骨骨肉瘤	中心词
颈交感神经麻痹	中心词
颈动脉体疾病	中心词
颈动脉供血不全	中心词
颈动脉狭窄栓塞	中心词
颈动脉疾病	中心词
颈动脉瘤	中心词
颈椎疾病	中心词
颈椎病	中心词
颈椎脱位	中心词
颈椎骨折	中心词
颈肋综合征	中心词
颈部动脉损伤	中心词
颈部外伤	中心词
颈部感染性疾病	中心词
颈部畸形	中心词
颈部神经损伤	中心词
颈部肿物	中心词
颈部静脉损伤	中心词
颈静脉疾病	中心词
颊部红斑	中心词
颌面感染性疾病	中心词
颌面畸形	中心词
颌骨囊肿	中心词
颌骨坏死	中心词
颌骨感染性疾病	中心词
颌骨炎	中心词
颌骨疾病	中心词
颌骨骨折	中心词
颌骨骨髓炎	中心词
颜面畸形	中心词
颞下颌关节疾病	中心词
风心病	中心词
风湿性关节炎	中心词
风湿性心脏病	中心词
风湿性疾病	中心词
风湿热	中心词
风疹	中心词
风疹病毒感染	中心词
食欲不振	中心词
食物中毒	中心词
食管出血	中心词
食管反流	中心词
食管反流病	中心词
食管反流症	中心词
食管囊肿	中心词
食管异物	中心词
食管恶性肿瘤	中心词
食管憩室	中心词
食管扩张性疾病	中心词
食管损伤性疾病	中心词
食管梗阻	中心词
食管溃疡	中心词
食管炎	中心词
食管狭窄	中心词
食管狭窄性疾病	中心词
食管疾病	中心词
食管病	中心词
食管瘘	中心词
食管癌	中心词
食管破裂	中心词
食管粘膜疾病	中心词
食管肿物	中心词
食管裂孔疝	中心词
食管贲门粘膜撕裂	中心词
食管运动障碍	中心词
食管返流性疾病	中心词
食管闭锁	中心词
食管静脉曲张	中心词
饮食中心词异常	中心词
马尾损伤	中心词
马尾粘连	中心词
马尾综合征	中心词
马尾肿物	中心词
马氏囊肿	中心词
骨关节炎	中心词
骨关节病	中心词
骨及关节结核	中心词
骨感染性疾病	中心词
骨折	中心词
骨疾病	中心词
骨盆损伤	中心词
骨盆畸形	中心词
骨盆疾病	中心词
骨盆肿物	中心词
骨盆骨折	中心词
骨科并发症	中心词
骨筋膜室综合征	中心词
骨结核	中心词
骨肿物	中心词
骨质增生	中心词
骨质疏松	中心词
骨转移	中心词
骨转移癌	中心词
骨软化	中心词
骨软化病	中心词
骨软化症	中心词
骨间背侧肌神经卡压	中心词
骨骼肌周期性瘫痪	中心词
骨骼肌运动	中心词
骨髓增生异常综合征	中心词
骨髓抑制	中心词
骨髓抑制性造血功能异常	中心词
骨髓炎	中心词
骨髓瘤	中心词
骨髓纤维化	中心词
骶尾部疾病	中心词
骶椎疾病	中心词
骶骨瘤	中心词
髂动脉疾病	中心词
髂动脉瘤	中心词
髂静脉疾病	中心词
髋关节畸形	中心词
髋关节疾病	中心词
髋关节脱位	中心词
髋内翻	中心词
髋外翻	中心词
髌骨疾病	中心词
髌骨脱位	中心词
髌骨骨折	中心词
高位截瘫	中心词
高压佝偻病	中心词
高尔夫肘	中心词
高尿酸血症	中心词
高度近视	中心词
高热	中心词
高眼压症	中心词
高粘血症	中心词
高胃泌素血症	中心词
高胰岛素血症	中心词
高胰高血糖素血症	中心词
高脂血症	中心词
高血压	中心词
高血压性心脏病	中心词
高血压病	中心词
高血糖	中心词
高血糖症	中心词
高钙血症	中心词
高钠	中心词
高钠血症	中心词
高钾	中心词
高钾血症	中心词
高降钙素血症	中心词
高龄经产	中心词
鱼鳞癣	中心词
鳃裂畸形	中心词
鳞癌	中心词
鸡眼	中心词
鹅口疮	中心词
麦粒肿	中心词
麻疹	中心词
麻疹病毒感染	中心词
麻醉剂中毒	中心词
麻醉并发症	中心词
麻醉术后并发症	中心词
麻醉致幻类药物滥用及成瘾	中心词
麻风	中心词
麻风杆菌感染	中心词
黄斑	中心词
黄斑变性	中心词
黄斑水肿	中心词
黄斑病变	中心词
黄斑瘢痕	中心词
黄斑视网膜疾病	中心词
黄疸	中心词
黄疸待查	中心词
黄褐斑	中心词
黑变病	中心词
黑死病	中心词
黑热病	中心词
黑色素瘤	中心词
鼓膜穿孔	中心词
鼓膜鼓室炎	中心词
鼓膜鼓室疾病	中心词
鼠乳	中心词
鼠疫	中心词
鼠疫杆菌感染	中心词
鼻中隔偏曲	中心词
鼻中隔疾病	中心词
鼻出血	中心词
鼻咽恶性肿瘤	中心词
鼻咽癌	中心词
鼻外伤	中心词
鼻异物	中心词
鼻息肉	中心词
鼻恶性肿瘤	中心词
鼻炎	中心词
鼻甲疾病	中心词
鼻畸形	中心词
鼻疾病	中心词
鼻癌	中心词
鼻窦息肉	中心词
鼻窦感染性疾病	中心词
鼻窦炎	中心词
鼻窦肿物	中心词
鼻肿物	中心词
鼻腔狭窄	中心词
鼻腔癌	中心词
鼻部外伤	中心词
鼻部异物	中心词
鼻部感染性疾病	中心词
鼻部疾病	中心词
鼻部皮肤病变	中心词
鼻骨瘤	中心词
鼻骨骨折	中心词
鼾症	中心词
龋齿	中心词
龟头炎	中心词
内分泌瘤病	中心词
甲状旁腺瘤	中心词
肺间质病	中心词
造血干细胞异常	中心词
上下颌前突	中心词
上颌前突	中心词
下颌前突	中心词
前极白内障	中心词
动脉闭塞	中心词
双侧唇裂	中心词
嗜碱性粒细胞白血病	中心词
妊娠期高血压	中心词
妊娠期高血压病	中心词
左前束支传导阻滞阻滞	中心词
根尖囊肿	中心词
根尖肉芽肿	中心词
硬化性症	中心词
组织嗜碱细胞白血病	中心词
细胞病	中心词
细胞瘤	中心词
肠套叠	中心词
肠扭转	中心词
选择性缄默	中心词
铜缺乏	中心词
静脉闭塞	中心词
须癣	中心词
γ刀	其他
Ⅰ	其他
Ⅱ	其他
Ⅲ	其他
不全	其他
严重	其他
个人	其他
中年	其他
临床	其他
丹毒	其他
事件	其他
亢进	其他
介入	其他
介入性操作	其他
代谢	其他
体	其他
体征	其他
修复	其他
假	其他
免疫	其他
入院	其他
关闭不全	其他
减低	其他
减压	其他
分泌	其他
分类	其他
分解	其他
切开	其他
切除	其他
切除术	其他
创伤	其他
初产	其他
剔除	其他
功能	其他
包括	其他
升高	其他
单支	其他
占位	其他
原因	其他
反复	其他
反应	其他
发作	其他
取出	其他
受累	其他
变	其他
变性	其他
口腔咬合	其他
可能	其他
合成	其他
同步	其他
听力	其他
吻合	其他
周围	其他
周疗	其他
呼吸	其他
器官功能	其他
器官结构	其他
型	其他
增厚	其他
增敏	其他
增生	其他
增粗	其他
处	其他
复发	其他
多	其他
多次	其他
大隐	其他
失败	其他
套叠	其他
婴儿	其他
完全	其他
宫腔镜	其他
家族	其他
对症类手术	其他
射频	其他
小儿	其他
少年	其他
少量	其他
局部	其他
局麻	其他
巨大	其他
并发	其他
幻觉	其他
幼儿	其他
开腹	其他
异常	其他
形成	其他
待查	其他
循环	其他
心功能	其他
心电图	其他
性	其他
性质	其他
感染	其他
憩室	其他
成人	其他
所致	其他
手术	其他
扩张	其他
扭伤	其他
抗	其他
抗原虫	其他
损伤	其他
损害	其他
损毁	其他
换气	其他
排便	其他
排尿	其他
探查	其他
接触	其他
携带	其他
携带者	其他
支架	其他
收缩	其他
改变	其他
改善	其他
改良	其他
放射治疗	其他
效应	其他
断裂	其他
新	其他
新生儿	其他
方案	其他
无力	其他
早产儿	其他
明	其他
有害	其他
期	其他
期前收缩	其他
术史	其他
来源	其他
极	其他
样	其他
样癌	其他
根治术	其他
桥本	其他
检查	其他
植入物	其他
正常	其他
残留	其他
段	其他
母体	其他
水平	其他
治疗	其他
泌尿系	其他
涉及	其他
液化	其他
淹溺	其他
清扫	其他
渗出	其他
渗透压	其他
滑脱	其他
滑膜	其他
潜在	其他
特殊结构	其他
状态	其他
狭窄	其他
畸形	其他
疼痛	其他
疾病	其他
病变	其他
病史	其他
病毒	其他
病灶	其他
的	其他
相关	其他
睡眠	其他
破裂	其他
硅油	其他
硬化	其他
磷脂	其他
离断	其他
积气	其他
积血	其他
移植	其他
移除类手术	其他
穿刺	其他
穿孔	其他
筛查	其他
类	其他
系统功能	其他
系统结构	其他
级	其他
组织发育	其他
细胞功能	其他
经皮	其他
结核	其他
给予	其他
继发	其他
维持	其他
综合征	其他
缓解	其他
缺乏	其他
缺失	其他
缺如	其他
缺损	其他
缺陷	其他
置入	其他
置入物	其他
老年	其他
联合	其他
肥大	其他
肥胖	其他
肺吸虫	其他
肿大	其他
胎儿	其他
胎盘相关	其他
胎龄儿	其他
能力	其他
能力障碍	其他
脂质代谢	其他
脓肿	其他
脱位	其他
腐蚀	其他
腹腔镜	其他
节育器	其他
药	其他
药物	其他
药物滥用	其他
萎缩	其他
营养	其他
营养转运	其他
蛋白	其他
血CO2结合力	其他
血尿待查	其他
血栓形成	其他
血浆代用品	其他
血症	其他
行为	其他
装置	其他
视网膜变性区	其他
解救	其他
认知	其他
记忆	其他
语言	其他
质地变化	其他
转移	其他
辅助	其他
过度	其他
运动	其他
远端	其他
连接	其他
遗忘	其他
部分	其他
重建类手术	其他
锥切	其他
闭塞	其他
闭锁	其他
间	其他
降血脂	其他
除外	其他
隐裂	其他
障碍	其他
震颤	其他
青年	其他
频发	其他
高级别	其他
高龄	其他
麻醉诱导	其他
0级	特征词
1型	特征词
2型	特征词
3型	特征词
4型	特征词
A1.1	特征词
A1.2	特征词
A1.3	特征词
A1型	特征词
A1级	特征词
A2.1	特征词
A2.2	特征词
A2.3	特征词
A2型	特征词
A2级	特征词
A3.1	特征词
A3.2	特征词
A3.3	特征词
A3型	特征词
A3级	特征词
AO特征词	特征词
A型	特征词
A族	特征词
A级	特征词
A群	特征词
B1型	特征词
B1程	特征词
B2型	特征词
B2程	特征词
B2程后	特征词
B3型	特征词
B3程	特征词
B型	特征词
B级	特征词
C1-1	特征词
C1-2	特征词
C1-3	特征词
C2-1	特征词
C2-2	特征词
C2-3	特征词
C3-1	特征词
C3-2	特征词
C3-3	特征词
CINⅠ	特征词
CINⅡ	特征词
CINⅢ	特征词
CIN分级	特征词
C型	特征词
C症	特征词
C级	特征词
Debakey特征词	特征词
D型	特征词
D性	特征词
H型	特征词
IIA型	特征词
IIB型	特征词
III型	特征词
III程	特征词
II型	特征词
II程	特征词
II程后	特征词
IVF	特征词
IV型	特征词
IV程度	特征词
I后	特征词
I型	特征词
I度	特征词
I程	特征词
I程后	特征词
Jensen-Evans特征词	特征词
Killip分级	特征词
LeFort分类	特征词
M1a	特征词
M1b	特征词
M1c	特征词
M2型	特征词
M3型	特征词
M4型	特征词
M5型	特征词
M6型	特征词
M7型	特征词
MX	特征词
N1a	特征词
N1b	特征词
N2a1	特征词
N2a2	特征词
N2b	特征词
NX	特征词
NYHA分级	特征词
OTA特征词	特征词
Osseman特征词	特征词
S1级	特征词
S2级	特征词
ST段抬高型	特征词
ST段抬高性	特征词
Stanford特征词	特征词
T1a	特征词
T1b	特征词
T1c	特征词
T2a	特征词
T2b	特征词
TX	特征词
VINⅠ	特征词
VINⅡ	特征词
VINⅢ	特征词
VIN分级	特征词
V型	特征词
hCG相关性	特征词
β型	特征词
κ型	特征词
λ型	特征词
胚胎性	特征词
Ⅰa	特征词
Ⅰb	特征词
Ⅰ型	特征词
Ⅰ度	特征词
Ⅰ级	特征词
ⅡA	特征词
ⅡB	特征词
ⅡC	特征词
Ⅱa	特征词
Ⅱb	特征词
Ⅱ型	特征词
Ⅱ度	特征词
Ⅱ级	特征词
ⅢA	特征词
ⅢB	特征词
Ⅲa	特征词
Ⅲb	特征词
Ⅲ型	特征词
Ⅲ度	特征词
Ⅲ级	特征词
Ⅳ型	特征词
Ⅳ度	特征词
Ⅳ级	特征词
Ⅴ型	特征词
Ⅵ型	特征词
Ⅶ型	特征词
Ⅷ型	特征词
一度	特征词
一部分	特征词
丁	特征词
丁型	特征词
三度	特征词
三部分	特征词
上	特征词
上皮性	特征词
上腔型	特征词
上部	特征词
下	特征词
下丘脑性	特征词
下壁后	特征词
下腔型	特征词
下部	特征词
不完全性	特征词
不稳定	特征词
不稳定型	特征词
不稳定性	特征词
丙	特征词
丙型	特征词
丛集性	特征词
丝状	特征词
两侧	特征词
中低分化	特征词
中分化	特征词
中型	特征词
中央型	特征词
中度	特征词
中心型	特征词
中心性	特征词
中枢性	特征词
中毒型	特征词
中毒性	特征词
中间型	特征词
中间界线类	特征词
乙	特征词
乙型	特征词
乳头型	特征词
乳头状	特征词
乳糜性	特征词
乳酸性	特征词
二度	特征词
二部分	特征词
亚急性	特征词
产伤性	特征词
产科型	特征词
人为性	特征词
代偿性	特征词
代谢性	特征词
休克型	特征词
传导性	特征词
传染性	特征词
伤寒型	特征词
伸直型	特征词
低	特征词
低位	特征词
低分化	特征词
低增生性	特征词
低渗性	特征词
低钾型	特征词
低钾性	特征词
体位性	特征词
侧方压缩型	特征词
侵蚀性	特征词
侵袭性	特征词
假性	特征词
假膜性	特征词
偏	特征词
偏执型	特征词
偏瘤型	特征词
偏瘫型	特征词
偏结核样型	特征词
充溢性	特征词
先天性	特征词
免疫性	特征词
全	特征词
全身型	特征词
全身病性	特征词
全面性	特征词
共济失调性	特征词
关节型	特征词
关节性	特征词
关节病型	特征词
典型	特征词
内	特征词
内分泌性	特征词
内收型	特征词
内脏型	特征词
再生障碍性	特征词
冠状动脉粥样硬化性	特征词
减少性	特征词
出血坏死性	特征词
出血性	特征词
分化	特征词
分泌型	特征词
分泌性	特征词
分离型	特征词
创伤性	特征词
前后压缩型	特征词
动力性	特征词
包裹性	特征词
化脓性	特征词
单侧	特征词
单侧唇裂	特征词
单核细胞型	特征词
单核细胞性	特征词
单纯型	特征词
单纯性	特征词
占位性	特征词
危象特征词	特征词
卵巢型	特征词
压力性	特征词
压疮炎性	特征词
压缩型	特征词
压缩性	特征词
原发	特征词
原发型	特征词
原发性	特征词
双	特征词
双侧	特征词
反应性	特征词
反流性	特征词
发热性	特征词
发疹性	特征词
变态反应性	特征词
古典型	特征词
可复性	特征词
可能性	特征词
可逆性	特征词
右	特征词
右上	特征词
右下	特征词
右侧	特征词
右侧后	特征词
右半	特征词
同侧	特征词
后天性	特征词
后极	特征词
后纵韧带下型	特征词
后纵韧带后型	特征词
吸入性	特征词
呕吐型	特征词
周围型	特征词
周围神经性	特征词
呼吸性	特征词
咽喉型	特征词
嗜酸性粒细胞性	特征词
噪声性	特征词
囊型	特征词
四部分	特征词
四部分类	特征词
地方性	特征词
坏死性	特征词
坏疽性	特征词
坠积性	特征词
埃尔托生物型	特征词
基底型	特征词
增殖性	特征词
增生低下性	特征词
增生型	特征词
增生性	特征词
声门型	特征词
复杂性	特征词
外	特征词
外伤性	特征词
外因性	特征词
外展型	特征词
外科型	特征词
多中心型	特征词
多发	特征词
多发性	特征词
多发性硬化性	特征词
多处	特征词
多灶型	特征词
多灶性	特征词
多病灶性	特征词
大	特征词
大叶性	特征词
大疱性	特征词
大细胞性	特征词
大脑性	特征词
失血性	特征词
头下型	特征词
头颈型	特征词
女性	特征词
子宫粘连性	特征词
完全性	特征词
实性	特征词
室上性	特征词
室性	特征词
室间隔缺损型	特征词
对侧	特征词
寻常型	特征词
小	特征词
小叶性	特征词
小细胞低色素性	特征词
小脑性	特征词
尺侧	特征词
尿道空洞性	特征词
局灶性	特征词
局灶节段性	特征词
局限型	特征词
局限性	特征词
屈光不正性	特征词
屈光参差性	特征词
屈曲型	特征词
嵌插性	特征词
嵌顿性	特征词
左	特征词
左上	特征词
左下	特征词
左侧	特征词
左侧区	特征词
左侧后	特征词
巨核细胞型	特征词
巨细胞型	特征词
带状疱疹性	特征词
干性	特征词
干酪性	特征词
年龄性	特征词
并发性	特征词
幼年型	特征词
广泛型	特征词
应激性	特征词
废用性	特征词
度	特征词
开放	特征词
开放性	特征词
开角型	特征词
异位	特征词
异型	特征词
异常性	特征词
异物性	特征词
张力性	特征词
弥漫	特征词
弥漫性	特征词
强直性	特征词
微	特征词
微分化型	特征词
心律失常型	特征词
心律失常性	特征词
心源性	特征词
急性	特征词
急进型	特征词
急进性	特征词
急迫性	特征词
恶性	特征词
意向性	特征词
感染中毒型	特征词
感染性	特征词
感音神经性	特征词
慢加急性	特征词
慢性	特征词
慢性型	特征词
慢性病性	特征词
慢淋	特征词
慢粒	特征词
慢粒急变	特征词
戊	特征词
戊型	特征词
成人迟发自身免疫性	特征词
房内折返性	特征词
房室折返性	特征词
房室旁道	特征词
房室结折返性	特征词
房希旁道	特征词
房性	特征词
房结旁道	特征词
扩张性	特征词
抑制型	特征词
抗真菌性	特征词
持续性	特征词
掌跖性	特征词
接触性	特征词
播散性	特征词
放射性	特征词
散发性	特征词
斑块型	特征词
斑痣性	特征词
斜视性	特征词
旁间隔性	特征词
旋前-外展型	特征词
旋前-外旋型	特征词
旋后-内收型	特征词
旋后-外旋型	特征词
无疹型	特征词
无黄疸型	特征词
早幼粒细胞型	特征词
星状	特征词
显性	特征词
晕状	特征词
晚发型	特征词
普通型	特征词
晶状体脱位性	特征词
暴发型	特征词
暴发性	特征词
暴露性	特征词
未分化型	特征词
未破裂型	特征词
机械性	特征词
条纹状	特征词
极重度	特征词
栓塞性	特征词
核性	特征词
根治性	特征词
梗阻型	特征词
梗阻性	特征词
椎动脉型	特征词
横形	特征词
横行	特征词
正常细胞性	特征词
残留型	特征词
毒性	特征词
水肿型	特征词
水肿性	特征词
沙眼性	特征词
泛发性	特征词
泡性	特征词
流产型	特征词
流行性	特征词
浅	特征词
浅Ⅱ度	特征词
浅表性	特征词
浆液性	特征词
浆细胞型	特征词
浆细胞性	特征词
浸润型	特征词
浸润性	特征词
淋巴结型	特征词
淤积性	特征词
淤胆型	特征词
深	特征词
深Ⅱ度	特征词
深部	特征词
混合	特征词
混合型	特征词
混合性	特征词
渗出性	特征词
渗透性	特征词
游离型	特征词
溃疡型	特征词
溃疡性	特征词
溶血性	特征词
滑动性	特征词
滤泡性	特征词
激素型	特征词
激素性	特征词
灶性	特征词
炎性	特征词
点状	特征词
爆发性	特征词
爆震性	特征词
特发性	特征词
特异性	特征词
特殊型	特征词
狭窄性	特征词
狼疮性	特征词
环形	特征词
甲亢性	特征词
甲型	特征词
甲状旁腺性	特征词
甲状腺功能减退型	特征词
甲状腺功能减退性	特征词
男性	特征词
界线类	特征词
疱疹性	特征词
病毒性	特征词
病理性	特征词
症状性	特征词
痉挛型	特征词
痉挛性	特征词
痢疾性	特征词
痤疮性	特征词
瘢痕性	特征词
瘤型	特征词
瘫痪型	特征词
癫痫性	特征词
皮肤型	特征词
皮肤性	特征词
皮质性	特征词
盘状	特征词
直立性	特征词
直肠型	特征词
相关性	特征词
真性	特征词
真菌性	特征词
眦角性	特征词
眼型	特征词
眼肌型	特征词
矢状	特征词
矽肺性	特征词
破裂型	特征词
硬化性	特征词
神经传导性	特征词
神经性	特征词
神经源性	特征词
神经病性	特征词
神经痛性	特征词
神经麻痹性	特征词
稳定	特征词
稳定型	特征词
稳定性	特征词
空洞型	特征词
空洞性	特征词
穿孔性	特征词
突出型	特征词
突发性	特征词
窦性	特征词
窦房折返性	特征词
等渗性	特征词
管腔扩张性	特征词
管腔狭窄性	特征词
类风湿性	特征词
粉碎	特征词
粉碎性	特征词
粒-单核细胞型	特征词
粒细胞性	特征词
粘液性	特征词
粘液水肿性	特征词
粘连性	特征词
粟粒型	特征词
粥样	特征词
精神性	特征词
糖尿病性	特征词
糜烂型	特征词
糜烂性	特征词
系统性	特征词
紧张型	特征词
紧张性	特征词
紫癜性	特征词
红皮病型	特征词
红细胞生成异常性	特征词
纤维化型	特征词
纤维瘤病型	特征词
纤维瘤病性	特征词
纵隔型	特征词
组	特征词
细胞型	特征词
细胞性	特征词
细菌性	特征词
经颈型	特征词
结性	特征词
结核性	特征词
结核样型	特征词
结缔组织性	特征词
结节性	特征词
绕核性	特征词
绞窄性	特征词
继发型	特征词
继发孔型	特征词
继发性	特征词
缺乏性	特征词
缺失性	特征词
缺血性	特征词
羊水型	特征词
老年性	特征词
耳源性	特征词
肉芽肿型	特征词
肉芽肿性	特征词
肌张力性	特征词
肌无力性	特征词
肌炎性	特征词
肌肉型	特征词
肌肉性	特征词
肌萎缩型	特征词
肝性	特征词
肝细胞性	特征词
肝静脉型	特征词
肠粘连性	特征词
肢端肥大症性	特征词
肥厚性	特征词
肥胖型	特征词
肺出血型	特征词
肺型	特征词
肺间质性	特征词
肾上腺增生性	特征词
肾性	特征词
肾素性	特征词
肾衰竭型	特征词
肿瘤性	特征词
胃溃疡型	特征词
胆汁性	特征词
胆源性	特征词
胚胎型	特征词
胰岛素性	特征词
胰性	特征词
脂蛋白型	特征词
脊髓性	特征词
脑型	特征词
脑积水性	特征词
脑膜炎型	特征词
脑膜脑炎型	特征词
脓毒型	特征词
脓疱型	特征词
脱垂	特征词
脱抑制型	特征词
腔内型	特征词
腺型	特征词
膜性	特征词
膨出型	特征词
自发性	特征词
自身免疫性	特征词
舒张性	特征词
良性	特征词
荨麻疹型	特征词
荨麻疹性	特征词
药物中毒性	特征词
药物性	特征词
获得性	特征词
萎缩性	特征词
营养不良型	特征词
营养不良性	特征词
蚕蚀性	特征词
蛋白丢失性	特征词
蛋白性	特征词
螺旋形	特征词
血吸虫性	特征词
血栓性	特征词
血栓栓塞性	特征词
血管型	特征词
血管性	特征词
血管源性	特征词
血行播散型	特征词
血运性	特征词
衣原体性	特征词
调节性	特征词
败血症型	特征词
贫血性	特征词
转移性	特征词
轻型	特征词
轻度	特征词
轻度全身型	特征词
轻症	特征词
边缘性	特征词
迁延型	特征词
过多性	特征词
过度性	特征词
过敏性	特征词
运动障碍性	特征词
近侧	特征词
远侧	特征词
迟发重症型	特征词
退变型	特征词
逍遥型	特征词
遗传性	特征词
部分分化型	特征词
部分性	特征词
酒精中毒性	特征词
酒精性	特征词
重型	特征词
重度	特征词
重度激进型	特征词
重症	特征词
重症型	特征词
重直压缩型	特征词
钙化性	特征词
钱币状	特征词
链球菌性	特征词
门脉性	特征词
闪光性	特征词
闭合性	特征词
闭袢性	特征词
闭角型	特征词
闭锁性	特征词
间脑性	特征词
间质性	特征词
阳性	特征词
阴	特征词
阴囊型	特征词
阴性	特征词
阴茎型	特征词
阵发性	特征词
阻塞性	特征词
阿米巴性	特征词
陈旧	特征词
陈旧性	特征词
隆起型	特征词
隐匿型	特征词
隐匿性	特征词
隐性	特征词
雄激素性	特征词
青少年型	特征词
青春型	特征词
静止性	特征词
静止淋巴细胞性	特征词
静脉曲张性	特征词
静脉窦型	特征词
非Q波	特征词
非Q波型	特征词
非ST段抬高	特征词
非ST段抬高型	特征词
非ST段抬高性	特征词
风湿性	特征词
风疹性	特征词
食管型	特征词
饥饿性	特征词
骨软化性	特征词
髓性	特征词
高	特征词
高位	特征词
高侧	特征词
高分化	特征词
高原性	特征词
高渗性	特征词
高钾型	特征词
高频	特征词
鳞屑性	特征词
鳞状	特征词
麻痹性	特征词
黄疸出血型	特征词
黄疸型	特征词
0型	特征词
0期	特征词
10周	特征词
1区	特征词
1周	特征词
1周期	特征词
1天	特征词
1期	特征词
2区	特征词
2周期	特征词
2天	特征词
2性	特征词
2期	特征词
3后	特征词
3周	特征词
3周期	特征词
3天	特征词
3期	特征词
4周	特征词
4周期	特征词
4天	特征词
4期	特征词
5周	特征词
5周期	特征词
6周	特征词
6周期	特征词
7周	特征词
7周期	特征词
9周	特征词
A1期	特征词
A2期	特征词
A3期	特征词
A期	特征词
B1期	特征词
B2期	特征词
B期	特征词
CKD2期	特征词
CKD3期	特征词
CKD4期	特征词
CKD5期	特征词
C期	特征词
D期	特征词
E期	特征词
H2期	特征词
IIB期	特征词
IIIB期	特征词
IIIC期	特征词
IIIa期	特征词
IIIb期	特征词
IIIc期	特征词
III期	特征词
IIa期	特征词
IIb期	特征词
II期	特征词
ISSIII期	特征词
IVB期	特征词
IVa期	特征词
IVb期	特征词
IV期	特征词
Ia期	特征词
Ib期	特征词
Ic期	特征词
MIA期	特征词
MIIA期	特征词
MIIB期	特征词
MIIIA期	特征词
MIIIB期	特征词
MIIIc期	特征词
MIII期	特征词
MI期	特征词
S1期	特征词
Ⅰ期	特征词
Ⅱ期	特征词
Ⅲ期	特征词
Ⅳ期	特征词
Ⅴ期	特征词
Ⅵ期	特征词
一周	特征词
一期	特征词
三周	特征词
三期	特征词
中危	特征词
中危组	特征词
中晚期	特征词
中期	特征词
中毒后	特征词
二期	特征词
二次	特征词
亚急性期	特征词
产前	特征词
产后	特征词
产褥期	特征词
代偿期	特征词
低危	特征词
低危组	特征词
修补术后	特征词
先期	特征词
光凝术后	特征词
免疫后	特征词
全切术后	特征词
出血后	特征词
特征词	特征词
切开术后	特征词
切除术后	特征词
前半程后	特征词
前期	特征词
前病变	特征词
化脓期	特征词
后期	特征词
吻合术后	特征词
围产期	特征词
固定术后	特征词
复位内固定术后	特征词
复位固定术后	特征词
复位术后	特征词
复发前	特征词
复发后	特征词
复张后	特征词
外伤后	特征词
多尿期	特征词
大部切除术后	特征词
好转期	特征词
妊娠期	特征词
孕期	特征词
室上性期前	特征词
少尿期	特征词
尿毒症期	特征词
尿酸性尿路结石	特征词
局限期	特征词
广泛期	特征词
开颅术后	特征词
引流术后	特征词
形成后	特征词
急性后	特征词
急性尿酸性肾病	特征词
急性痛风性关节炎	特征词
恢复期	特征词
愈合期	特征词
感染后	特征词
慢性痛风石病变期	特征词
慢性肾小管-间质性肾炎	特征词
成型术后	特征词
成形术后	特征词
手术后	特征词
手术期	特征词
搭桥术后	特征词
摘除术后	特征词
收缩期	特征词
放化疗后	特征词
新化疗中	特征词
新化疗后	特征词
新辅助化疗中	特征词
新辅助放化疗后	特征词
早期	特征词
晚期	特征词
术前	特征词
术后	特征词
极高危	特征词
栓塞后	特征词
根治术后	特征词
植入术后	特征词
活动期	特征词
流产后	特征词
浆液期	特征词
浸润期	特征词
消融术后	特征词
清扫术后	特征词
溃疡期	特征词
潜伏期	特征词
激光光凝术后	特征词
激光切除术后	特征词
激光晶体后囊膜切开术后	特征词
激光术后	特征词
激光虹膜周切术后	特征词
瘢痕期	特征词
眼外伤后	特征词
移植术后	特征词
稳定期	特征词
第一期	特征词
第三期	特征词
第二期	特征词
第四期	特征词
红润期	特征词
绝经后	特征词
置入术后	特征词
置换术后	特征词
置管术后	特征词
肾功能不全代偿期	特征词
肾功能完全失代偿	特征词
肾功能衰竭期	特征词
肾脏病变	特征词
胎儿期	特征词
进展期	特征词
造口术后	特征词
间歇发作期	特征词
隐匿期	特征词
高危	特征词
高危组	特征词
非	判断词
伴	连接词
伴有	连接词
及	连接词
合并	连接词
和	连接词
或	连接词
累及	连接词
经	连接词
B淋巴细胞	部位
DJ管	部位
T淋巴细胞	部位
下颌角	部位
造血系统	部位
三叉神经	部位
三尖瓣	部位
三角骨	部位
上呼吸道	部位
上气管旁	部位
上消化道	部位
上纵膈	部位
上肢	部位
上腔静脉	部位
上臂	部位
上颌窦	部位
上颌窦后	部位
上颌骨	部位
上颚	部位
下丘脑	部位
下丘脑区	部位
下丘脑激素	部位
下咽	部位
下尿道	部位
下段食管旁	部位
下气管旁	部位
下直肠前	部位
下睑袋	部位
下纵膈	部位
下肢	部位
下肺韧带	部位
下腔静脉	部位
下腔静脉后	部位
下颌窦	部位
下颌骨	部位
下颚	部位
下鼻甲	部位
中切牙	部位
中性粒细胞	部位
中指	部位
中枢神经系统	部位
中耳	部位
中节指骨	部位
中节趾骨	部位
中间楔骨	部位
主动脉	部位
主动脉下	部位
主动脉型	部位
主动脉弓	部位
主动脉旁	部位
主动脉瓣	部位
主支气管	部位
主肺动脉	部位
主肺静脉	部位
乙状结肠	部位
乳中切牙	部位
乳侧切牙	部位
乳房	部位
乳牙	部位
乳牙牙列	部位
乳突小房	部位
乳突窦	部位
乳糜池	部位
乳腺	部位
二尖瓣	部位
交感神经	部位
会厌	部位
会阴	部位
传导束	部位
传导系统	部位
传导通路	部位
侧切牙	部位
侧脑室	部位
免疫系统	部位
内侧楔骨	部位
内分泌系统	部位
内直肌	部位
内耳	部位
内耳道	部位
内脏感觉神经	部位
内脏运动神经	部位
内踝	部位
冠状动脉	部位
冠状静脉	部位
冠脉	部位
凝血系统	部位
前列腺	部位
前动脉	部位
前尖壁	部位
前庭大腺	部位
前庭球	部位
前庭蜗神经	部位
前房角	部位
前纵膈	部位
前肋	部位
前臂	部位
前臂肌	部位
前降支LAD	部位
副乳	部位
副交感神经	部位
副神经	部位
副耳	部位
副脾	部位
副韧带	部位
动眼神经	部位
十二指肠	部位
十二指肠周	部位
升主动脉	部位
升结肠	部位
半月板	部位
半规管	部位
卵子	部位
卵巢	部位
卵管	部位
双乳	部位
双房	部位
双眼	部位
双眼玻璃体腔	部位
双肺	部位
双肺磨玻璃	部位
双肾	部位
双膝	部位
双足	部位
双踝	部位
受精卵	部位
口	部位
口咽	部位
口腔	部位
右上肺	部位
右下肢	部位
右下肺	部位
右乳	部位
右侧胫	部位
右冠脉RCA	部位
右卵巢	部位
右叶	部位
右圆锥支	部位
右室前支	部位
右心	部位
右心室	部位
右心房	部位
右支气管	部位
右旋支	部位
右束支	部位
右眼	部位
右眼玻璃体腔	部位
右肝	部位
右股骨	部位
右肺	部位
右肺上叶	部位
右肺上叶前段	部位
右肺上叶后段	部位
右肺上叶尖段	部位
右肺下叶	部位
右肺下叶内基底段	部位
右肺下叶前基底段	部位
右肺下叶后基底段	部位
右肺下叶外基底段	部位
右肺下叶背段	部位
右肺中叶	部位
右肺中叶内段	部位
右肺中叶外段	部位
右肺动脉	部位
右肺门	部位
右肾	部位
右肾动脉	部位
右腋窝	部位
右腓	部位
右膝	部位
右踝骨	部位
右软腭	部位
右输尿管	部位
右锁骨	部位
右锁骨下动脉	部位
右附件	部位
右髂动脉	部位
后降支PDA	部位
听小骨	部位
听神经	部位
呼吸系统	部位
咀嚼肌	部位
咽	部位
咽内	部位
咽喉	部位
咽肌	部位
咽鼓管	部位
唇	部位
唇部	部位
唾液腺	部位
喉	部位
喉内	部位
喉咽	部位
喉息肉	部位
喉神经	部位
喉肌	部位
喉腔	部位
喉软骨	部位
喉返神经	部位
嗅神经	部位
嗅觉细胞	部位
嗜碱性粒细胞	部位
嗜酸性粒细胞	部位
回盲部	部位
回肠	部位
垂体	部位
垂体区	部位
垂体性	部位
垂体激素	部位
声带	部位
声门	部位
外侧楔骨	部位
外耳	部位
外耳道	部位
外踝	部位
外鼻	部位
多浆膜腔	部位
大多角骨	部位
大肠	部位
大脑	部位
大脑后	部位
大腿	部位
大腿肌	部位
大阴唇	部位
头	部位
头枕部	部位
头状骨	部位
头肌	部位
头部	部位
头面部	部位
女性外阴	部位
女性生殖	部位
子宫	部位
子宫内膜	部位
子宫后	部位
子宫韧带	部位
子宫颈	部位
室间隔前支	部位
宫内	部位
宫腔	部位
宫颈	部位
宫颈管	部位
对角支D	部位
小多角骨	部位
小指	部位
小肠	部位
小脑	部位
小腿	部位
小腿肌	部位
小阴唇	部位
尖牙	部位
尺桡关节	部位
尺骨	部位
尾骨	部位
尿液	部位
尿路	部位
尿道	部位
尿道后	部位
尿道周	部位
尿道旁腺	部位
尿道球腺	部位
展神经	部位
左上肺	部位
左下肺	部位
左主干LM	部位
左乳	部位
左前束支	部位
左叶	部位
左后束支	部位
左室	部位
左室前支	部位
左室后支	部位
左心	部位
左心室	部位
左心房	部位
左房	部位
左房旋支	部位
左旋支LCX	部位
左束支	部位
左眼	部位
左眼玻璃体腔	部位
左肝	部位
左肺	部位
左肺上叶	部位
左肺上叶上舌段	部位
左肺上叶下舌段	部位
左肺上叶前段	部位
左肺上叶尖后段	部位
左肺下叶	部位
左肺下叶前内基底段	部位
左肺下叶后基底段	部位
左肺下叶外基底段	部位
左肺下叶背段	部位
左肺门	部位
左膝	部位
左膝前	部位
巩膜	部位
幽门	部位
幽门上	部位
幽门下	部位
引流液	部位
循环系统	部位
心内膜下	部位
心内附属结构	部位
心包	部位
心包置管	部位
心包腔	部位
心室	部位
心尖部	部位
心房支	部位
心肌	部位
心脏	部位
心腔	部位
心血管	部位
性腺	部位
恒牙列	部位
恒牙牙列	部位
悬雍垂	部位
感觉传导通路	部位
房室结	部位
房室结支	部位
扁桃体	部位
扁桃腺	部位
手	部位
手关节	部位
手指	部位
手掌	部位
手肌	部位
手肌腱	部位
手腱	部位
手舟骨	部位
手部	部位
手骨	部位
拇指	部位
指关节	部位
指骨	部位
掌骨	部位
支架管	部位
支气管	部位
支气管肺段	部位
无名动脉	部位
最上纵隔	部位
月骨	部位
本体感觉传导通路	部位
松果体	部位
枕部	部位
枕骨	部位
桡骨	部位
椎体	部位
椎体前	部位
椎动脉	部位
椎管	部位
椎间盘	部位
横结肠	部位
毛细淋巴管	部位
气管	部位
气管前	部位
气管前后	部位
气管后	部位
气管隆突	部位
泌尿生殖系统	部位
泌尿系统	部位
泌尿道	部位
泪器	部位
泪骨	部位
浅感觉传导通路	部位
浅静脉	部位
浆细胞	部位
海绵体	部位
消化系统	部位
消化道	部位
淋巴	部位
淋巴区	部位
淋巴导管	部位
淋巴干	部位
淋巴管	部位
淋巴管道	部位
淋巴系细胞	部位
淋巴系统	部位
淋巴组织	部位
淋巴细胞	部位
淋巴结	部位
深静脉	部位
滑车神经	部位
激光虹膜周边	部位
牙	部位
牙周	部位
牙髓	部位
犁骨	部位
环状软骨	部位
环状软骨后	部位
玻璃体	部位
生殖器	部位
生殖器官	部位
生殖系统	部位
生殖道	部位
甲状旁腺	部位
甲状旁腺区	部位
甲状腺	部位
甲状腺素	部位
甲状软骨	部位
男性外阴	部位
男性生殖	部位
盆腔	部位
盲肠	部位
直肠	部位
直肠前	部位
直肠区	部位
眉部	部位
眶筋膜	部位
眶脂体	部位
眼	部位
眼内容物	部位
眼底	部位
眼球	部位
眼球壁	部位
眼球壁中层	部位
眼球壁外层	部位
眼球外肌	部位
眼球运功系统	部位
眼睑	部位
眼硅油	部位
眼部	部位
眼附属器官	部位
睾丸	部位
睾丸区	部位
瞳孔	部位
瞳孔膜	部位
砧骨	部位
硬脊膜	部位
硬脑蛛网膜	部位
示指	部位
神经眼	部位
神经细胞	部位
神经耳	部位
空肠	部位
窦房结	部位
窦房结支	部位
端脑	部位
第1乳磨牙	部位
第1前磨牙	部位
第1磨牙	部位
第2乳磨牙	部位
第2前磨牙	部位
第2磨牙	部位
第3磨牙	部位
第三脑室	部位
第四脑室	部位
筛窦	部位
筛骨	部位
粒系细胞	部位
粗隆间	部位
粪便	部位
精囊	部位
精神	部位
精索	部位
红系细胞	部位
纤维组织	部位
纵膈区	部位
纵隔	部位
细胞	部位
细胞器	部位
细胞组织	部位
结缔组织	部位
结肠	部位
结肠中动脉旁	部位
结肠周	部位
结肠型	特征词
结肠肝曲	部位
结肠脾曲	部位
羊水	部位
羊膜	部位
羊膜腔	部位
耳	部位
耳廓	部位
耳蜗	部位
耳道	部位
肋间	部位
肋骨	部位
肛管	部位
肛门	部位
肝	部位
肝内	部位
肝总动脉	部位
肝总动脉旁	部位
肝管	部位
肝脏	部位
肝静脉	部位
肠	部位
肠系膜	部位
肠系膜上动脉	部位
肠系膜上静脉	部位
肠系膜下动脉	部位
肠系膜下静脉	部位
肠系膜根部	部位
肠道	部位
股动脉	部位
股静脉	部位
股骨	部位
股骨后	部位
股骨头	部位
股骨颈	部位
肩	部位
肩关节	部位
肩带肌	部位
肩胛	部位
肩胛骨	部位
肩部	部位
肱三头肌	部位
肱二头肌	部位
肱骨	部位
肱骨后	部位
肺	部位
肺内支气管	部位
肺动脉	部位
肺动脉瓣	部位
肺外气管	部位
肺部	部位
肺门	部位
肺门及支气管	部位
肺间质	部位
肾	部位
肾上腺	部位
肾上腺区	部位
肾动脉	部位
肾周组织	部位
肾小球	部位
肾盂	部位
肾盏	部位
肾盏区	部位
肾素	部位
胃	部位
胃体	部位
胃大弯	部位
胃小弯	部位
胃左动脉	部位
胃左动脉旁	部位
胃底	部位
胃淋巴分组	部位
胃窦	部位
胃管	部位
胆囊	部位
胆总管	部位
胆汁	部位
胆管	部位
胆管系统	部位
胎盘	部位
胚胎	部位
胫前	部位
胫骨	部位
胰	部位
胰下	部位
胰体	部位
胰前	部位
胰头	部位
胰头后	部位
胰岛素	部位
胰管	部位
胰管置管	部位
胰胆管	部位
胰腺	部位
胸	部位
胸上段	部位
胸下段	部位
胸中段	部位
胸壁	部位
胸导管	部位
胸椎	部位
胸椎后	部位
胸椎管	部位
胸水	部位
胸肌	部位
胸背神经	部位
胸背部肌肉	部位
胸胸膜	部位
胸腔	部位
胸腺	部位
胸腺区	部位
胸膜	部位
胸膜腔	部位
胸部	部位
胸部淋巴分组	部位
胸长神经	部位
胸骨	部位
胸骨后	部位
脊柱	部位
脊柱后	部位
脊椎	部位
脊神经	部位
脊膜	部位
脊髓	部位
脊髓中央管	部位
脊髓血管	部位
脊髓被膜	部位
脐带	部位
脑	部位
脑室	部位
脑干	部位
脑神经	部位
脑脊液	部位
脑膜	部位
脑膜后	部位
脑血管	部位
脑被膜	部位
脑部	部位
脾	部位
脾动脉	部位
脾动脉旁	部位
脾脏	部位
脾门	部位
脾静脉	部位
腋神经	部位
腋窝淋巴结	部位
腓骨	部位
腔静脉	部位
腕	部位
腕关节	部位
腕管	部位
腕部	部位
腕骨	部位
腭	部位
腭骨	部位
腮腺	部位
腮腺区	部位
腰	部位
腰椎	部位
腰椎后	部位
腰椎管	部位
腰椎间盘	部位
腰间盘	部位
腰部	部位
腱	部位
腱鞘	部位
腹	部位
腹主动脉	部位
腹主动脉旁	部位
腹壁	部位
腹肌	部位
腹股沟	部位
腹股沟淋巴结	部位
腹腔	部位
腹腔动脉旁	部位
腹腔干	部位
腹膜	部位
腹膜后	部位
腹膜型	特征词
腹膜癌	部位
腹膜腔	部位
腹膜陷凹	部位
腹部	部位
膀胱	部位
膀胱后	部位
膈	部位
膈神经	部位
膈肌	部位
膈肌下	部位
膝	部位
膝关节	部位
膝部	部位
臀部	部位
臂丛	部位
臂肌	部位
自主神经	部位
自主神经系统	部位
舌	部位
舌下神经	部位
舌下腺	部位
舌咽神经	部位
舌骨	部位
虹膜	部位
虹膜后	部位
蝶窦	部位
蝶骨	部位
血小板系细胞	部位
视神经	部位
视网膜	部位
视觉传导通路	部位
视路	部位
角膜	部位
豆骨	部位
豌豆骨	部位
贲门	部位
贲门右	部位
贲门左	部位
足	部位
足关节	部位
足底	部位
足肌	部位
足肌腱	部位
足腱	部位
足舟骨	部位
足部	部位
足骨	部位
趾部	部位
趾骨	部位
跖趾关节	部位
跖骨	部位
跗骨	部位
距骨	部位
跟骨	部位
踝	部位
踝关节	部位
踝部	部位
踝骨	部位
躯干	部位
躯干肌	部位
躯干骨	部位
输卵管	部位
输尿管	部位
输精管	部位
运动传导通路	部位
运动系统	部位
近节指骨	部位
近节趾骨	部位
远节指骨	部位
远节趾骨	部位
迷走神经	部位
造血干细胞	部位
钝缘支OM	部位
钩骨	部位
锁骨	部位
锁骨上窝淋巴结	部位
锁骨下动脉	部位
锁骨区	部位
锁骨后	部位
锐缘支AM	部位
锤骨	部位
锥体外系	部位
锥体系	部位
镫骨	部位
间脑	部位
阑尾	部位
阴囊	部位
阴睾	部位
阴茎	部位
阴蒂	部位
阴道	部位
阴道后	部位
阴阜	部位
附睾	部位
降主动脉	部位
降结肠	部位
隆突下	部位
雄激素	部位
雌激素	部位
面肌	部位
面部	部位
鞍区	部位
鞘膜	部位
顶骨	部位
颅内	部位
颅咽管	部位
颅神经	部位
颅腔	部位
颅骨	部位
颈前肌	部位
颈动脉	部位
颈外侧肌	部位
颈椎	部位
颈椎后	部位
颈浅肌	部位
颈深肌	部位
颈肌	部位
颈部	部位
颈部淋巴结	部位
颌下淋巴结	部位
颌下腺	部位
颌部	部位
颌骨	部位
颌骨角	部位
额叶	部位
额窦	部位
额骨	部位
颞下颌关节	部位
颞叶	部位
颞颌关节	部位
颞骨	部位
颧骨	部位
食管	部位
食管壁	部位
食管旁	部位
食管的狭窄部位	部位
食道裂孔部	部位
马尾	部位
马尾神经	部位
骨盆	部位
骨筋膜室	部位
骨迷路	部位
骰骨	部位
骶	部位
骶前	部位
骶管	部位
骶骨	部位
骶骨区	部位
髁	部位
髂	部位
髂动脉	部位
髂部	部位
髂静脉	部位
髂骨	部位
髋	部位
髋关节	部位
髋肌	部位
髋部	部位
髋骨	部位
髌骨	部位
髌骨后	部位
髓腔	部位
黄韧带	部位
鼓室	部位
鼓膜	部位
鼻	部位
鼻中隔	部位
鼻咽	部位
鼻咽后	部位
鼻旁窦	部位
鼻窦	部位
鼻腔	部位
鼻蝶	部位
鼻部	部位
鼻部骨骼	部位
鼻骨	部位
上肢相关关节	部位
上肢相关神经	部位
上肢相关肌	部位
上肢相关肌腱	部位
上肢相关腱	部位
上肢相关骨	部位
上肢肌	部位
下壁	部位
下肢相关关节	部位
下肢相关神经	部位
下肢相关肌	部位
下肢相关肌腱	部位
下肢相关腱	部位
下肢相关骨	部位
下肢肌	部位
亚段	部位
交界	部位
交界区	部位
交界处	部位
伤口	部位
体液	部位
侧凸	部位
侧壁	部位
侧突	部位
全身	部位
关节	部位
其他粒细胞	部位
内分泌	部位
内痔	部位
内瘤	部位
凝血因子	部位
分支	部位
切口	部位
前侧壁	部位
前壁	部位
前间壁	部位
动脉	部位
包块	部位
区域淋巴	部位
双下肢	部位
双侧管	部位
右位心	部位
叶	部位
叶间	部位
后壁	部位
后突	部位
周围神经	部位
喙突	部位
器官	部位
囊	部位
四肢	部位
壁	部位
外分泌	部位
外周主要动脉	部位
外周主要静脉	部位
外痔	部位
多器官组织	部位
大隐静脉	部位
导管	部位
小细胞	部位
小结节	部位
小隐静脉	部位
异物	部位
总动脉	部位
总静脉	部位
息肉	部位
房室	部位
手术切口	部位
排泄物	部位
斜疝	部位
有机大分子	部位
根部	部位
梨状窝	部位
毛发	部位
汗液	部位
汗腺	部位
浅表	部位
湿疹	部位
激素	部位
球囊	部位
球形角膜	部位
甲	部位
疙瘩	部位
瘘	部位
瘘道	部位
瘢痕	部位
皮下	部位
皮下组织	部位
皮肤	部位
皮肤窦道	部位
皮肤粘膜	部位
皮肤附属器	部位
皮脂腺	部位
皮质	部位
皮质醇	部位
硬膜	部位
神经	部位
积液	部位
窦道	部位
筋膜	部位
粘膜	部位
系膜	部位
纤维	部位
纵膈	部位
组织	部位
结核球	部位
结石	部位
结膜	部位
网膜	部位
肌	部位
肌肉	部位
肌腱	部位
肌间	部位
股疝	部位
肿物	部位
肿瘤	中心词
胆碱	部位
背肌	部位
脂肪	部位
脉搏	部位
腔	部位
腺	部位
膜迷路	部位
蛛网膜	部位
血压	部位
血栓	部位
血液	部位
血管	部位
血管周	部位
血管紧张素	部位
血糖	部位
血红蛋白	部位
血脂	部位
软组织	部位
软膜	部位
软骨	部位
附件	部位
静脉	部位
静脉窦	部位
面动脉	部位
面神经	部位
韧带	部位
颈	部位
颈内	部位
颈前	部位
颈后	部位
颊	部位
颏后	部位
颏旁	部位
骨	部位
骨膜	部位
骨连接	部位
骨髓	部位
髁突	部位
黏膜	部位
晶状体	部位
并	连接词
齿状突	部位
左手	部位
右手	部位
三踝	部位
指间	部位
指腹	部位
后踝	部位
指间神经	部位
伸腕肌	部位
腘静脉	部位
股骨髁	部位
股骨干	部位
肩锁关节	部位
锁关节	部位
肱二头长头腱	部位
臂丛神经	部位
枢椎	部位
寰椎	部位
双下肺	部位
上棘	部位
中节	部位
